contract_id,contract_key,exchange,asset_type,claim_type,venue_status,source_keys,reference_scopes,denominator_method,denominator,observed_reference_keys,covered_reference_keys,missing_reference_keys,identity_conflict_keys,unclassified_keys,recall_pct,minimum_recall_pct,freshness_status,license_status,contract_status,freshness_failures,license_failures,required_next_action
029f81dd6e38bed899b65630,ADX::ETF,ADX,ETF,official_full,official_full,adx_market_watch,exchange_directory,exchange_audit_official_active_product_rows,24,24,16,8,0,0,66.666667,99.5,fail,fail,fail_freshness,adx_market_watch: snapshot age 16.01d exceeds 7d SLA,adx_market_watch: license_status is not verified_open,resolve the failing contract evidence before stable release
0afb24b8e13fab47c53157a8,ADX::Stock,ADX,Stock,official_full,official_full,adx_market_watch,exchange_directory,exchange_audit_official_active_product_rows,99,99,68,31,0,0,68.686869,99.5,fail,fail,fail_freshness,adx_market_watch: snapshot age 16.01d exceeds 7d SLA,adx_market_watch: license_status is not verified_open,resolve the failing contract evidence before stable release
542b4ef88bb86d9b9bebe030,AMS::ETF,AMS,ETF,official_full,official_full,euronext_equities|euronext_etfs,exchange_directory,exchange_audit_official_active_product_rows,487,487,213,274,3,0,43.737166,99.5,fail,fail,fail_identity_conflict,euronext_equities: snapshot age 13.95d exceeds 7d SLA,euronext_equities: license_status is not verified_open | euronext_etfs: license_status is not verified_open,resolve the failing contract evidence before stable release
6eb5e5fc49dbff06ebe6fc9c,AMS::Stock,AMS,Stock,official_full,official_full,euronext_equities,exchange_directory,exchange_audit_official_active_product_rows,115,115,103,12,0,0,89.565217,99.5,fail,fail,fail_freshness,euronext_equities: snapshot age 13.95d exceeds 7d SLA,euronext_equities: license_status is not verified_open,resolve the failing contract evidence before stable release
153fe1cfd55e8977b2b9a8b2,ASX::ETF,ASX,ETF,official_partial,official_partial,asx_investment_products|asx_listed_companies,listed_companies_subset,observed_partial_scope_keys,599,599,465,134,11,0,77.629382,,fail,fail,partial_scope_observed,asx_listed_companies: latest refresh is unavailable,asx_investment_products: license_status is not verified_open | asx_listed_companies: license_status is not verified_open,do not promote partial scope to a full completeness claim
5494cff633a5b806d5696e35,ASX::Stock,ASX,Stock,official_partial,official_partial,asx_listed_companies,listed_companies_subset,observed_partial_scope_keys,1843,1843,1684,159,2,0,91.372762,,fail,fail,partial_scope_observed,asx_listed_companies: latest refresh is unavailable,asx_listed_companies: license_status is not verified_open,do not promote partial scope to a full completeness claim
dec31009158d3e35d8895b6b,ATHEX::Stock,ATHEX,Stock,official_partial,official_partial,athex_sector_classification,listed_companies_subset,observed_partial_scope_keys,118,118,118,0,0,0,100.0,,pass,fail,partial_scope_observed,,athex_sector_classification: license_status is not verified_open,do not promote partial scope to a full completeness claim
411b2a9c7d202b8846ce8793,B3::ETF,B3,ETF,official_full,official_full,b3_bdr_etfs|b3_instruments_equities|b3_listed_etfs,exchange_directory|listed_companies_subset,exchange_audit_official_active_product_rows,1428,1046,812,616,2,0,56.862745,99.5,fail,fail,fail_identity_conflict,b3_instruments_equities: snapshot age 16.01d exceeds 7d SLA,b3_bdr_etfs: license_status is not verified_open | b3_instruments_equities: license_status is not verified_open | b3_listed_etfs: license_status is not verified_open,resolve the failing contract evidence before stable release
9ae718d74c12f1572c5f396a,B3::Stock,B3,Stock,official_full,official_full,b3_instruments_equities,exchange_directory,exchange_audit_official_active_product_rows,426,426,408,18,0,0,95.774648,99.5,fail,fail,fail_freshness,b3_instruments_equities: snapshot age 16.01d exceeds 7d SLA,b3_instruments_equities: license_status is not verified_open,resolve the failing contract evidence before stable release
ca63cef6f6bdcbcd3b25643f,BATS::ETF,BATS,ETF,official_full,official_full,nasdaq_other_listed|nasdaq_trading_system_adds_deletes,corporate_action_daily_list|exchange_directory,exchange_audit_official_active_product_rows,1588,1584,1073,515,22,0,67.56927,99.5,pass,fail,fail_identity_conflict,,nasdaq_other_listed: license_status is not verified_open | nasdaq_trading_system_adds_deletes: license_status is not verified_open,resolve the failing contract evidence before stable release
042c366df612efc9a28d45c9,BATS::Stock,BATS,Stock,official_full,official_full,nasdaq_other_listed,exchange_directory,exchange_audit_official_active_product_rows,4,4,1,3,1,0,25.0,99.5,pass,fail,fail_identity_conflict,,nasdaq_other_listed: license_status is not verified_open,resolve the failing contract evidence before stable release
6f23cdeccc9446cba2bd2999,BCBA::Stock,BCBA,Stock,official_partial,official_partial,byma_equity_details,security_lookup_subset,observed_partial_scope_keys,63,63,63,0,0,0,100.0,,pass,fail,partial_scope_observed,,byma_equity_details: license_status is not verified_open,do not promote partial scope to a full completeness claim
0af994d6f3b9a4d86e55e900,BHB::Stock,BHB,Stock,official_full,official_full,bahrain_bourse_listed_companies,exchange_directory,exchange_audit_official_active_product_rows,41,41,28,13,0,0,68.292683,99.5,fail,fail,fail_freshness,bahrain_bourse_listed_companies: snapshot age 16.01d exceeds 7d SLA,bahrain_bourse_listed_companies: license_status is not verified_open,resolve the failing contract evidence before stable release
8609de37f0b2ad1954f4785a,BIST::ETF,BIST,ETF,official_full,official_full,bist_kap_mkk_listed_securities,exchange_directory,exchange_audit_official_active_product_rows,30,30,30,0,0,0,100.0,99.5,fail,fail,fail_freshness,bist_kap_mkk_listed_securities: snapshot age 16.01d exceeds 7d SLA,bist_kap_mkk_listed_securities: license_status is not verified_open,resolve the failing contract evidence before stable release
c74d2cf92d699c63e3ef2246,BIST::Stock,BIST,Stock,official_full,official_full,bist_kap_mkk_listed_securities,exchange_directory,exchange_audit_official_active_product_rows,617,617,581,36,0,0,94.165316,99.5,fail,fail,fail_freshness,bist_kap_mkk_listed_securities: snapshot age 16.01d exceeds 7d SLA,bist_kap_mkk_listed_securities: license_status is not verified_open,resolve the failing contract evidence before stable release
44da87aaf8b974997bbee5e1,BK::Stock,BK,Stock,official_full,official_full,boursa_kuwait_stocks,exchange_directory,exchange_audit_official_active_product_rows,140,140,101,39,0,0,72.142857,99.5,fail,fail,fail_freshness,boursa_kuwait_stocks: snapshot age 21.94d exceeds 7d SLA,boursa_kuwait_stocks: license_status is not verified_open,resolve the failing contract evidence before stable release
9a10a6bc03f183dfaa502226,BME::ETF,BME,ETF,official_full,official_full,bme_etf_list|bme_security_prices_directory,exchange_directory|listed_companies_subset,exchange_audit_official_active_product_rows,7,5,5,2,0,0,71.428571,99.5,fail,fail,fail_freshness,bme_security_prices_directory: snapshot age 16.01d exceeds 7d SLA,bme_etf_list: license_status is not verified_open | bme_security_prices_directory: license_status is not verified_open,resolve the failing contract evidence before stable release
f37ff7be5f4fedf2874a23ac,BME::Stock,BME,Stock,official_full,official_full,bme_listed_companies|bme_security_prices_directory,exchange_directory|listed_companies_subset,exchange_audit_official_active_product_rows,171,161,122,49,3,0,71.345029,99.5,fail,fail,fail_identity_conflict,bme_security_prices_directory: snapshot age 16.01d exceeds 7d SLA,bme_listed_companies: license_status is not verified_open | bme_security_prices_directory: license_status is not verified_open,resolve the failing contract evidence before stable release
d7341c96a9f61b8306e37761,BMV::ETF,BMV,ETF,official_partial,official_partial,bmv_etf_search|bmv_market_data_securities,listed_companies_subset,observed_partial_scope_keys,2,2,1,1,1,0,50.0,,pass,fail,partial_scope_observed,,bmv_etf_search: license_status is not verified_open | bmv_market_data_securities: license_status is not verified_open,do not promote partial scope to a full completeness claim
d481e64ecb3aaa9610180b4a,BMV::Stock,BMV,Stock,official_partial,official_partial,bmv_capital_trust_search|bmv_market_data_securities|bmv_stock_search,listed_companies_subset,observed_partial_scope_keys,15,15,9,6,6,0,60.0,,pass,fail,partial_scope_observed,,bmv_capital_trust_search: license_status is not verified_open | bmv_market_data_securities: license_status is not verified_open | bmv_stock_search: license_status is not verified_open,do not promote partial scope to a full completeness claim
9086f25851f53a9d0578c9a5,BSE_BW::Stock,BSE_BW,Stock,official_partial,official_partial,bse_bw_listed_companies,listed_companies_subset,observed_partial_scope_keys,26,26,26,0,0,0,100.0,,fail,fail,partial_scope_observed,bse_bw_listed_companies: latest refresh is unavailable,bse_bw_listed_companies: license_status is not verified_open,do not promote partial scope to a full completeness claim
78ef51fd8862d14823a7ba1a,BSE_HU::Stock,BSE_HU,Stock,official_partial,official_partial,bse_hu_listed_companies,listed_companies_subset,observed_partial_scope_keys,20,20,20,0,0,0,100.0,,pass,fail,partial_scope_observed,,bse_hu_listed_companies: license_status is not verified_open,do not promote partial scope to a full completeness claim
d9e093ffc3a330c96faa9338,BSE_IN::ETF,BSE_IN,ETF,official_full,official_full,bse_india_scrips,exchange_directory,exchange_audit_official_active_product_rows,188,188,7,181,0,0,3.723404,99.5,fail,fail,fail_freshness,bse_india_scrips: snapshot age 21.94d exceeds 7d SLA,bse_india_scrips: license_status is not verified_open,resolve the failing contract evidence before stable release
9b609dcbc9e036925f53bcf8,BSE_IN::Stock,BSE_IN,Stock,official_full,official_full,bse_india_scrips,exchange_directory,exchange_audit_official_active_product_rows,4889,4889,2660,2229,0,0,54.407854,99.5,fail,fail,fail_freshness,bse_india_scrips: snapshot age 21.94d exceeds 7d SLA,bse_india_scrips: license_status is not verified_open,resolve the failing contract evidence before stable release
a8dd8369c543624f5b7db574,BVB::ETF,BVB,ETF,official_full,official_full,bvb_fund_units_directory,listed_companies_subset,exchange_audit_official_active_product_rows,9,9,4,5,0,0,44.444444,99.5,pass,fail,fail_license,,bvb_fund_units_directory: license_status is not verified_open,resolve the failing contract evidence before stable release
627bba3dea11ee15d0b1ad57,BVB::Stock,BVB,Stock,official_full,official_full,bvb_shares_directory,exchange_directory,exchange_audit_official_active_product_rows,350,350,87,263,0,0,24.857143,99.5,fail,fail,fail_freshness,bvb_shares_directory: snapshot age 21.94d exceeds 7d SLA,bvb_shares_directory: license_status is not verified_open,resolve the failing contract evidence before stable release
1db966fe685e4d8125427776,BVC::Stock,BVC,Stock,official_partial,official_partial,bvc_colombia_issuers,listed_companies_subset,observed_partial_scope_keys,3,3,3,0,0,0,100.0,,fail,fail,partial_scope_observed,bvc_colombia_issuers: latest refresh is unavailable,bvc_colombia_issuers: license_status is not verified_open,do not promote partial scope to a full completeness claim
b1ba5d9737cf310593f8066b,BVL::ETF,BVL,ETF,official_partial,official_partial,bvl_issuers_directory,security_lookup_subset,observed_partial_scope_keys,1,1,1,0,0,0,100.0,,pass,fail,partial_scope_observed,,bvl_issuers_directory: license_status is not verified_open,do not promote partial scope to a full completeness claim
c19d10c6d865f44070cf4910,BVL::Stock,BVL,Stock,official_partial,official_partial,bvl_issuers_directory,security_lookup_subset,observed_partial_scope_keys,30,30,30,0,0,0,100.0,,pass,fail,partial_scope_observed,,bvl_issuers_directory: license_status is not verified_open,do not promote partial scope to a full completeness claim
fbaf51d409b1874a22ee8653,Borsa Italiana::ETF,Borsa Italiana,ETF,official_full,official_full,euronext_etfs,exchange_directory,exchange_audit_official_active_product_rows,2451,2451,0,2451,1,0,0.0,99.5,pass,fail,fail_identity_conflict,,euronext_etfs: license_status is not verified_open,resolve the failing contract evidence before stable release
9f56851441c3d668d8c8086a,Borsa Italiana::Stock,Borsa Italiana,Stock,official_full,official_full,euronext_equities,exchange_directory,exchange_audit_official_active_product_rows,447,447,250,197,0,0,55.928412,99.5,fail,fail,fail_freshness,euronext_equities: snapshot age 13.95d exceeds 7d SLA,euronext_equities: license_status is not verified_open,resolve the failing contract evidence before stable release
2f73a62afdebb24a22f54a22,Bursa::ETF,Bursa,ETF,official_partial,official_partial,bursa_closing_prices|bursa_equity_isin,listed_companies_subset,observed_partial_scope_keys,17,17,4,13,0,0,23.529412,,fail,fail,partial_scope_observed,bursa_closing_prices: latest refresh is unavailable | bursa_equity_isin: latest refresh is unavailable,bursa_closing_prices: license_status is not verified_open | bursa_equity_isin: license_status is not verified_open,do not promote partial scope to a full completeness claim
0ca375b196aef057e702c6a9,Bursa::Stock,Bursa,Stock,official_partial,official_partial,bursa_closing_prices|bursa_equity_isin,listed_companies_subset,observed_partial_scope_keys,1344,1344,1035,309,94,0,77.008929,,fail,fail,partial_scope_observed,bursa_closing_prices: latest refresh is unavailable | bursa_equity_isin: latest refresh is unavailable,bursa_closing_prices: license_status is not verified_open | bursa_equity_isin: license_status is not verified_open,do not promote partial scope to a full completeness claim
e849d31cad01a3a2993d2f77,CPH::ETF,CPH,ETF,official_partial,official_partial,nasdaq_nordic_copenhagen_etfs,listed_companies_subset,observed_partial_scope_keys,1,1,1,0,0,0,100.0,,fail,fail,partial_scope_observed,nasdaq_nordic_copenhagen_etfs: snapshot age 76.54d exceeds 30d SLA,nasdaq_nordic_copenhagen_etfs: license_status is not verified_open,do not promote partial scope to a full completeness claim
a4ab479cc20b2b152116c07d,CPH::Stock,CPH,Stock,official_partial,official_partial,nasdaq_nordic_copenhagen_shares,listed_companies_subset,observed_partial_scope_keys,143,143,138,5,0,0,96.503497,,fail,fail,partial_scope_observed,nasdaq_nordic_copenhagen_shares: snapshot age 76.54d exceeds 30d SLA,nasdaq_nordic_copenhagen_shares: license_status is not verified_open,do not promote partial scope to a full completeness claim
8565d597824281bb3388d59b,CSE_LK::Stock,CSE_LK,Stock,official_full,official_full,cse_lk_all_security_code|cse_lk_company_info_summary,exchange_directory,exchange_audit_official_active_product_rows,625,318,307,318,0,0,49.12,99.5,fail,fail,fail_freshness,cse_lk_all_security_code: snapshot age 21.94d exceeds 7d SLA | cse_lk_company_info_summary: snapshot age 21.94d exceeds 7d SLA,cse_lk_all_security_code: license_status is not verified_open | cse_lk_company_info_summary: license_status is not verified_open,resolve the failing contract evidence before stable release
b8e014bb5f03711d0b4aac8b,CSE_MA::Stock,CSE_MA,Stock,official_full,official_full,cse_ma_listed_companies,exchange_directory,exchange_audit_official_active_product_rows,82,82,1,81,0,0,1.219512,99.5,fail,fail,fail_freshness,cse_ma_listed_companies: snapshot age 21.94d exceeds 7d SLA,cse_ma_listed_companies: license_status is not verified_open,resolve the failing contract evidence before stable release
8289a6445058411b18efbf60,DFM::ETF,DFM,ETF,official_full,official_full,dfm_listed_securities,exchange_directory,exchange_audit_official_active_product_rows,2,2,2,0,0,0,100.0,99.5,fail,fail,fail_freshness,dfm_listed_securities: snapshot age 21.94d exceeds 7d SLA,dfm_listed_securities: license_status is not verified_open,resolve the failing contract evidence before stable release
43657a6d97ab5a0506ce152b,DFM::Stock,DFM,Stock,official_full,official_full,dfm_listed_securities,exchange_directory,exchange_audit_official_active_product_rows,69,69,43,26,0,0,62.318841,99.5,fail,fail,fail_freshness,dfm_listed_securities: snapshot age 21.94d exceeds 7d SLA,dfm_listed_securities: license_status is not verified_open,resolve the failing contract evidence before stable release
b28022855ab6310472f69643,DSE_TZ::Stock,DSE_TZ,Stock,official_partial,official_partial,dse_tz_listed_companies,listed_companies_subset,observed_partial_scope_keys,17,17,17,0,0,0,100.0,,pass,fail,partial_scope_observed,,dse_tz_listed_companies: license_status is not verified_open,do not promote partial scope to a full completeness claim
1a2452fa6b1ca910fc05d6ca,EGX::Stock,EGX,Stock,official_partial,official_partial,egx_listed_stocks,listed_companies_subset,observed_partial_scope_keys,191,191,188,3,0,0,98.429319,,pass,fail,partial_scope_observed,,egx_listed_stocks: license_status is not verified_open,do not promote partial scope to a full completeness claim
3582f7e497c2628589ea4015,Euronext::ETF,Euronext,ETF,official_full,official_full,euronext_equities|euronext_etfs,exchange_directory|secondary_listing_subset,exchange_audit_official_active_product_rows,1136,1135,487,649,17,0,42.869718,99.5,fail,fail,fail_identity_conflict,euronext_equities: snapshot age 13.95d exceeds 7d SLA,euronext_equities: license_status is not verified_open | euronext_etfs: license_status is not verified_open,resolve the failing contract evidence before stable release
83e9dad0fe94a8eda3d1e4b3,Euronext::Stock,Euronext,Stock,official_full,official_full,euronext_equities,exchange_directory|secondary_listing_subset,exchange_audit_official_active_product_rows,2977,2977,780,2197,2,0,26.200873,99.5,fail,fail,fail_identity_conflict,euronext_equities: snapshot age 13.95d exceeds 7d SLA,euronext_equities: license_status is not verified_open,resolve the failing contract evidence before stable release
b1b30042d5b5ce9302565758,FSX::ETF,FSX,ETF,official_full,official_full,deutsche_boerse_frankfurt_all_tradable_equities,exchange_directory,exchange_audit_official_active_product_rows,3475,3475,114,3361,8,0,3.280576,99.5,pass,fail,fail_identity_conflict,,deutsche_boerse_frankfurt_all_tradable_equities: license_status is not verified_open,resolve the failing contract evidence before stable release
7b18a5e42388106f528f05f6,FSX::Stock,FSX,Stock,official_full,official_full,deutsche_boerse_frankfurt_all_tradable_equities,exchange_directory,exchange_audit_official_active_product_rows,14541,14541,7841,6700,38,0,53.923389,99.5,pass,fail,fail_identity_conflict,,deutsche_boerse_frankfurt_all_tradable_equities: license_status is not verified_open,resolve the failing contract evidence before stable release
ae3741d12cdfa51657000873,GSE::Stock,GSE,Stock,official_partial,official_partial,gse_listed_companies,listed_companies_subset,observed_partial_scope_keys,18,18,18,0,0,0,100.0,,pass,fail,partial_scope_observed,,gse_listed_companies: license_status is not verified_open,do not promote partial scope to a full completeness claim
4167b871cf94895397b4fdd0,HEL::ETF,HEL,ETF,official_partial,official_partial,nasdaq_nordic_helsinki_etfs,listed_companies_subset,observed_partial_scope_keys,2,2,1,1,0,0,50.0,,fail,fail,partial_scope_observed,nasdaq_nordic_helsinki_etfs: snapshot age 76.54d exceeds 30d SLA,nasdaq_nordic_helsinki_etfs: license_status is not verified_open,do not promote partial scope to a full completeness claim
386dea70bf5d62bc498592fa,HEL::Stock,HEL,Stock,official_partial,official_partial,nasdaq_nordic_helsinki_shares,listed_companies_subset,observed_partial_scope_keys,191,191,189,2,0,0,98.95288,,fail,fail,partial_scope_observed,nasdaq_nordic_helsinki_shares: snapshot age 76.54d exceeds 30d SLA,nasdaq_nordic_helsinki_shares: license_status is not verified_open,do not promote partial scope to a full completeness claim
12d3a4714acbc357ce1c58fd,HKEX::ETF,HKEX,ETF,official_full,official_full,hkex_securities_list,exchange_directory,exchange_audit_official_active_product_rows,412,412,395,17,0,0,95.873786,99.5,fail,fail,fail_freshness,hkex_securities_list: snapshot age 13.95d exceeds 7d SLA,hkex_securities_list: license_status is not verified_open,resolve the failing contract evidence before stable release
1bfd3597ec7310c0cb9b4d78,HKEX::Stock,HKEX,Stock,official_full,official_full,hkex_securities_list,exchange_directory,exchange_audit_official_active_product_rows,2788,2788,2633,155,0,0,94.440459,99.5,fail,fail,fail_freshness,hkex_securities_list: snapshot age 13.95d exceeds 7d SLA,hkex_securities_list: license_status is not verified_open,resolve the failing contract evidence before stable release
e90cbfb4cdc0cc85d4833ef0,HNX::Stock,HNX,Stock,official_full,official_full,hnx_listed_securities,exchange_directory,exchange_audit_official_active_product_rows,299,299,104,195,0,0,34.782609,99.5,fail,fail,fail_freshness,hnx_listed_securities: snapshot age 13.95d exceeds 7d SLA,hnx_listed_securities: license_status is not verified_open,resolve the failing contract evidence before stable release
8aa68a8a99360419c31d3b3b,HOSE::ETF,HOSE,ETF,official_partial,official_partial,hose_etf_list,listed_companies_subset,observed_partial_scope_keys,20,20,13,7,0,0,65.0,,pass,fail,partial_scope_observed,,hose_etf_list: license_status is not verified_open,do not promote partial scope to a full completeness claim
ff1a80c1a95d60f512f99487,HOSE::Stock,HOSE,Stock,official_partial,official_partial,hose_fund_certificate_list|hose_listed_stocks,listed_companies_subset,observed_partial_scope_keys,407,407,139,268,0,0,34.152334,,pass,fail,partial_scope_observed,,hose_fund_certificate_list: license_status is not verified_open | hose_listed_stocks: license_status is not verified_open,do not promote partial scope to a full completeness claim
edb8cdbdbad809a78007e2dc,ICE_IS::Stock,ICE_IS,Stock,official_partial,official_partial,nasdaq_nordic_iceland_shares,listed_companies_subset,observed_partial_scope_keys,32,32,17,15,0,0,53.125,,fail,fail,partial_scope_observed,nasdaq_nordic_iceland_shares: snapshot age 76.54d exceeds 30d SLA,nasdaq_nordic_iceland_shares: license_status is not verified_open,do not promote partial scope to a full completeness claim
f363b17b839230c91cf49022,IDX::Stock,IDX,Stock,official_full,official_full,idx_company_profiles|idx_listed_companies,exchange_directory|listed_companies_subset,exchange_audit_official_active_product_rows,1924,962,739,1185,25,0,38.409563,99.5,fail,fail,fail_identity_conflict,idx_company_profiles: snapshot age 13.95d exceeds 7d SLA,idx_company_profiles: license_status is not verified_open | idx_listed_companies: license_status is not verified_open,resolve the failing contract evidence before stable release
78387c3e5bbbb4e3f3f2bca6,ISE::Stock,ISE,Stock,official_full,official_full,euronext_equities,exchange_directory,exchange_audit_official_active_product_rows,15,15,9,6,0,0,60.0,99.5,fail,fail,fail_freshness,euronext_equities: snapshot age 13.95d exceeds 7d SLA,euronext_equities: license_status is not verified_open,resolve the failing contract evidence before stable release
cfeb2396964201c13db9d058,JSE::ETF,JSE,ETF,official_partial,official_partial,jse_etf_list|jse_etn_list,listed_companies_subset,observed_partial_scope_keys,245,245,107,138,8,0,43.673469,,pass,fail,partial_scope_observed,,jse_etf_list: license_status is not verified_open | jse_etn_list: license_status is not verified_open,do not promote partial scope to a full completeness claim
0d2679b0ee9822d925ec42e7,KOSDAQ::Stock,KOSDAQ,Stock,official_full,official_full,krx_listed_companies,exchange_directory,exchange_audit_official_active_product_rows,1817,1817,1595,222,0,0,87.782058,99.5,fail,fail,fail_freshness,krx_listed_companies: snapshot age 13.95d exceeds 7d SLA,krx_listed_companies: license_status is not verified_open,resolve the failing contract evidence before stable release
5c9d89e1bfa979671ae81638,KRX::ETF,KRX,ETF,official_full,official_full,krx_etf_finder,exchange_directory,exchange_audit_official_active_product_rows,1160,1160,1068,92,0,0,92.068966,99.5,fail,fail,fail_freshness,krx_etf_finder: snapshot age 13.95d exceeds 7d SLA,krx_etf_finder: license_status is not verified_open,resolve the failing contract evidence before stable release
220831ea1acf03ac920327c2,KRX::Stock,KRX,Stock,official_full,official_full,krx_listed_companies,exchange_directory,exchange_audit_official_active_product_rows,942,942,889,53,1,0,94.373673,99.5,fail,fail,fail_identity_conflict,krx_listed_companies: snapshot age 13.95d exceeds 7d SLA,krx_listed_companies: license_status is not verified_open,resolve the failing contract evidence before stable release
9bc23773be81134b840477ea,LSE::ETF,LSE,ETF,official_full,official_full,lse_company_reports|lse_price_explorer,exchange_directory|listed_companies_subset,exchange_audit_official_active_product_rows,9874,5798,2598,7276,561,0,26.311525,99.5,fail,fail,fail_identity_conflict,lse_company_reports: latest refresh is unavailable | lse_price_explorer: snapshot age 19.98d exceeds 7d SLA,lse_company_reports: license_status is not verified_open | lse_price_explorer: license_status is not verified_open,resolve the failing contract evidence before stable release
dc29f39809268199f09c78f3,LSE::Stock,LSE,Stock,official_full,official_full,lse_company_reports|lse_instrument_directory|lse_price_explorer,exchange_directory|listed_companies_subset|security_lookup_subset,exchange_audit_official_active_product_rows,13989,8258,3882,10107,2605,0,27.750375,99.5,fail,fail,fail_identity_conflict,lse_company_reports: latest refresh is unavailable | lse_instrument_directory: latest refresh is unavailable | lse_price_explorer: snapshot age 19.98d exceeds 7d SLA,lse_company_reports: license_status is not verified_open | lse_instrument_directory: license_status is not verified_open | lse_price_explorer: license_status is not verified_open,resolve the failing contract evidence before stable release
aab5e6699d609f7016d1c315,LUSE::Stock,LUSE,Stock,official_partial,official_partial,luse_listed_companies,listed_companies_subset,observed_partial_scope_keys,15,15,15,0,0,0,100.0,,fail,fail,partial_scope_observed,luse_listed_companies: snapshot age 76.54d exceeds 30d SLA,luse_listed_companies: license_status is not verified_open,do not promote partial scope to a full completeness claim
39af221a7e4bdb4f7967d866,MSE_MW::Stock,MSE_MW,Stock,official_partial,official_partial,mse_mw_listed_companies,listed_companies_subset,observed_partial_scope_keys,8,8,8,0,0,0,100.0,,fail,fail,partial_scope_observed,mse_mw_listed_companies: snapshot age 41.98d exceeds 30d SLA,mse_mw_listed_companies: license_status is not verified_open,do not promote partial scope to a full completeness claim
c66c50f78ad6d6440efc70ef,MSX::Stock,MSX,Stock,official_full,official_full,muscat_securities_companies,exchange_directory,exchange_audit_official_active_product_rows,108,108,91,17,0,0,84.259259,99.5,fail,fail,fail_freshness,muscat_securities_companies: snapshot age 76.54d exceeds 7d SLA,muscat_securities_companies: license_status is not verified_open,resolve the failing contract evidence before stable release
817b73592756647e12610667,NASDAQ::ETF,NASDAQ,ETF,official_full,official_full,nasdaq_listed|nasdaq_trading_system_adds_deletes|sec_company_tickers_exchange,corporate_action_daily_list|exchange_directory,exchange_audit_official_active_product_rows,1359,1336,1029,330,62,0,75.717439,99.5,fail,fail,fail_identity_conflict,sec_company_tickers_exchange: snapshot age 11.99d exceeds 7d SLA,nasdaq_listed: license_status is not verified_open | nasdaq_trading_system_adds_deletes: license_status is not verified_open,resolve the failing contract evidence before stable release
c6fb8fdca6a4849c57ecbc09,NASDAQ::Stock,NASDAQ,Stock,official_full,official_full,nasdaq_listed|nasdaq_trading_system_adds_deletes|sec_company_tickers_exchange,corporate_action_daily_list|exchange_directory,exchange_audit_official_active_product_rows,8572,4365,3323,5249,183,0,38.765749,99.5,fail,fail,fail_identity_conflict,sec_company_tickers_exchange: snapshot age 11.99d exceeds 7d SLA,nasdaq_listed: license_status is not verified_open | nasdaq_trading_system_adds_deletes: license_status is not verified_open,resolve the failing contract evidence before stable release
82e7dd240eaa7043b0145794,NEO::ETF,NEO,ETF,official_full,official_full,cboe_canada_listing_directory,exchange_directory,exchange_audit_official_active_product_rows,329,329,133,196,5,0,40.425532,99.5,fail,fail,fail_identity_conflict,cboe_canada_listing_directory: snapshot age 21.94d exceeds 7d SLA,cboe_canada_listing_directory: license_status is not verified_open,resolve the failing contract evidence before stable release
5a0c814ceaee47d7cfad07b5,NEO::Stock,NEO,Stock,official_full,official_full,cboe_canada_listing_directory,exchange_directory,exchange_audit_official_active_product_rows,111,111,46,65,0,0,41.441441,99.5,fail,fail,fail_freshness,cboe_canada_listing_directory: snapshot age 21.94d exceeds 7d SLA,cboe_canada_listing_directory: license_status is not verified_open,resolve the failing contract evidence before stable release
a0a7c1e2e91dfa8bda234824,NGX::Stock,NGX,Stock,official_full,official_full,ngx_company_profile_directory|ngx_equities_price_list,exchange_directory|listed_companies_subset,exchange_audit_official_active_product_rows,260,130,130,130,0,0,50.0,99.5,fail,fail,fail_freshness,ngx_company_profile_directory: snapshot age 11.99d exceeds 7d SLA,ngx_company_profile_directory: license_status is not verified_open | ngx_equities_price_list: license_status is not verified_open,resolve the failing contract evidence before stable release
13bb63eecc6e68a7580d5da6,NMFQS::ETF,NMFQS,ETF,official_partial,official_partial,nasdaq_mutual_fund_quotes,security_lookup_subset,observed_partial_scope_keys,7,7,6,1,0,0,85.714286,,fail,fail,partial_scope_observed,nasdaq_mutual_fund_quotes: snapshot age 76.54d exceeds 30d SLA,nasdaq_mutual_fund_quotes: license_status is not verified_open,do not promote partial scope to a full completeness claim
1e3f5dbc540449b199c64674,NSE_IN::ETF,NSE_IN,ETF,official_full,official_full,nse_india_securities_available,exchange_directory,exchange_audit_official_active_product_rows,341,341,142,199,0,0,41.642229,99.5,fail,fail,fail_freshness,nse_india_securities_available: snapshot age 11.99d exceeds 7d SLA,nse_india_securities_available: license_status is not verified_open,resolve the failing contract evidence before stable release
d648b20bb8996dfdc9fd8ec8,NSE_IN::Stock,NSE_IN,Stock,official_full,official_full,nse_india_securities_available,exchange_directory,exchange_audit_official_active_product_rows,2637,2637,2148,489,0,0,81.4562,99.5,fail,fail,fail_freshness,nse_india_securities_available: snapshot age 11.99d exceeds 7d SLA,nse_india_securities_available: license_status is not verified_open,resolve the failing contract evidence before stable release
d21dd499e422c99e72df3d40,NSE_KE::ETF,NSE_KE,ETF,official_full,official_full,nse_ke_listed_companies,exchange_directory,exchange_audit_official_active_product_rows,2,2,0,2,0,0,0.0,99.5,fail,fail,fail_freshness,nse_ke_listed_companies: snapshot age 11.99d exceeds 7d SLA,nse_ke_listed_companies: license_status is not verified_open,resolve the failing contract evidence before stable release
2de290074a8e66039e8cf33b,NSE_KE::Stock,NSE_KE,Stock,official_full,official_full,nse_ke_listed_companies,exchange_directory,exchange_audit_official_active_product_rows,66,66,11,55,0,0,16.666667,99.5,fail,fail,fail_freshness,nse_ke_listed_companies: snapshot age 11.99d exceeds 7d SLA,nse_ke_listed_companies: license_status is not verified_open,resolve the failing contract evidence before stable release
3a00ce48b8d99608cfa99410,NYSE::ETF,NYSE,ETF,official_full,official_full,nasdaq_other_listed|sec_company_tickers_exchange,exchange_directory,exchange_audit_official_active_product_rows,647,646,66,581,68,0,10.200927,99.5,fail,fail,fail_identity_conflict,sec_company_tickers_exchange: snapshot age 11.99d exceeds 7d SLA,nasdaq_other_listed: license_status is not verified_open,resolve the failing contract evidence before stable release
4ad09aaca0b8262616d7d595,NYSE::Stock,NYSE,Stock,official_full,official_full,nasdaq_other_listed|sec_company_tickers_exchange,exchange_directory,exchange_audit_official_active_product_rows,5588,3627,1876,3712,161,0,33.57194,99.5,fail,fail,fail_identity_conflict,sec_company_tickers_exchange: snapshot age 11.99d exceeds 7d SLA,nasdaq_other_listed: license_status is not verified_open,resolve the failing contract evidence before stable release
1ab818d07dbbcf169884879b,NYSE ARCA::ETF,NYSE ARCA,ETF,official_full,official_full,nasdaq_other_listed|nasdaq_trading_system_adds_deletes,corporate_action_daily_list|exchange_directory,exchange_audit_official_active_product_rows,2691,2690,2146,545,97,0,79.747306,99.5,pass,fail,fail_identity_conflict,,nasdaq_other_listed: license_status is not verified_open | nasdaq_trading_system_adds_deletes: license_status is not verified_open,resolve the failing contract evidence before stable release
31d562b52bdbb2e5d960d37e,NYSE ARCA::Stock,NYSE ARCA,Stock,official_full,official_full,nasdaq_other_listed,exchange_directory,exchange_audit_official_active_product_rows,17,17,0,17,12,0,0.0,99.5,pass,fail,fail_identity_conflict,,nasdaq_other_listed: license_status is not verified_open,resolve the failing contract evidence before stable release
47ad477a97fcda0ec690ab9a,NYSE MKT::Stock,NYSE MKT,Stock,official_full,official_full,nasdaq_other_listed,exchange_directory,exchange_audit_official_active_product_rows,309,309,219,90,11,0,70.873786,99.5,pass,fail,fail_identity_conflict,,nasdaq_other_listed: license_status is not verified_open,resolve the failing contract evidence before stable release
0f63a209a55d40025f9227fd,NZX::ETF,NZX,ETF,official_full,official_full,nzx_instruments,exchange_directory,exchange_audit_official_active_product_rows,44,44,20,24,0,0,45.454545,99.5,fail,fail,fail_freshness,nzx_instruments: snapshot age 11.99d exceeds 7d SLA,nzx_instruments: license_status is not verified_open,resolve the failing contract evidence before stable release
754dc57a6981f8e9991bae79,NZX::Stock,NZX,Stock,official_full,official_full,nzx_instruments,exchange_directory,exchange_audit_official_active_product_rows,128,128,22,106,0,0,17.1875,99.5,fail,fail,fail_freshness,nzx_instruments: snapshot age 11.99d exceeds 7d SLA,nzx_instruments: license_status is not verified_open,resolve the failing contract evidence before stable release
186ffdc4fbb6577779cc769c,OSL::ETF,OSL,ETF,official_full,official_full,euronext_etfs,exchange_directory,exchange_audit_official_active_product_rows,2,2,2,0,0,0,100.0,99.5,pass,fail,fail_license,,euronext_etfs: license_status is not verified_open,resolve the failing contract evidence before stable release
c67b427264cf8689622304fb,OSL::Stock,OSL,Stock,official_full,official_full,euronext_equities,exchange_directory,exchange_audit_official_active_product_rows,295,295,279,16,4,0,94.576271,99.5,fail,fail,fail_identity_conflict,euronext_equities: snapshot age 13.95d exceeds 7d SLA,euronext_equities: license_status is not verified_open,resolve the failing contract evidence before stable release
5869404e9ec066ef47ef591a,OTC::ETF,OTC,ETF,official_full,official_full,otc_markets_security_profile|otc_markets_stock_screener|sec_company_tickers_exchange,exchange_directory|listed_companies_subset|security_lookup_subset,exchange_audit_official_active_product_rows,438,378,63,375,169,0,14.383562,99.5,fail,fail,fail_identity_conflict,otc_markets_stock_screener: latest refresh is unavailable | sec_company_tickers_exchange: snapshot age 11.99d exceeds 7d SLA,otc_markets_security_profile: license_status is not verified_open | otc_markets_stock_screener: license_status is not verified_open,resolve the failing contract evidence before stable release
fe5e6137fc31a9d1b08c1a4c,OTC::Stock,OTC,Stock,official_full,official_full,otc_markets_security_profile|otc_markets_stock_screener|sec_company_tickers_exchange,exchange_directory|listed_companies_subset|security_lookup_subset,exchange_audit_official_active_product_rows,14795,12059,6835,7960,1975,0,46.19804,99.5,fail,fail,fail_identity_conflict,otc_markets_stock_screener: latest refresh is unavailable | sec_company_tickers_exchange: snapshot age 11.99d exceeds 7d SLA,otc_markets_security_profile: license_status is not verified_open | otc_markets_stock_screener: license_status is not verified_open,resolve the failing contract evidence before stable release
c2e6351836330bda6e466e94,PSE::ETF,PSE,ETF,official_full,official_full,pse_listed_company_directory,exchange_directory,exchange_audit_official_active_product_rows,1,1,1,0,0,0,100.0,99.5,fail,fail,fail_freshness,pse_listed_company_directory: snapshot age 11.99d exceeds 7d SLA,pse_listed_company_directory: license_status is not verified_open,resolve the failing contract evidence before stable release
bac950c0c5c6c8af81061661,PSE::Stock,PSE,Stock,official_full,official_full,pse_listed_company_directory,exchange_directory,exchange_audit_official_active_product_rows,384,384,153,231,1,0,39.84375,99.5,fail,fail,fail_identity_conflict,pse_listed_company_directory: snapshot age 11.99d exceeds 7d SLA,pse_listed_company_directory: license_status is not verified_open,resolve the failing contract evidence before stable release
50bc1b91bdceeb457ac91b90,PSE_CZ::Stock,PSE_CZ,Stock,official_partial,official_partial,pse_cz_shares_directory,listed_companies_subset,observed_partial_scope_keys,62,62,22,40,0,0,35.483871,,pass,fail,partial_scope_observed,,pse_cz_shares_directory: license_status is not verified_open,do not promote partial scope to a full completeness claim
d504463fc3e79781480853a0,PSX::ETF,PSX,ETF,official_full,official_full,psx_dps_symbols|psx_listed_companies|psx_symbol_name_daily,exchange_directory|listed_companies_subset,exchange_audit_official_active_product_rows,27,9,7,20,3,0,25.925926,99.5,fail,fail,fail_identity_conflict,psx_dps_symbols: snapshot age 11.99d exceeds 7d SLA,psx_dps_symbols: license_status is not verified_open | psx_listed_companies: license_status is not verified_open | psx_symbol_name_daily: license_status is not verified_open,resolve the failing contract evidence before stable release
2123a72ecb9477fdb5f6c3e5,PSX::Stock,PSX,Stock,official_full,official_full,psx_dps_symbols|psx_listed_companies|psx_symbol_name_daily,exchange_directory|listed_companies_subset,exchange_audit_official_active_product_rows,1621,721,373,1248,103,0,23.010487,99.5,fail,fail,fail_identity_conflict,psx_dps_symbols: snapshot age 11.99d exceeds 7d SLA,psx_dps_symbols: license_status is not verified_open | psx_listed_companies: license_status is not verified_open | psx_symbol_name_daily: license_status is not verified_open,resolve the failing contract evidence before stable release
fabbc7d051b292acbd484f29,QSE::ETF,QSE,ETF,official_full,official_full,qse_market_watch,exchange_directory,exchange_audit_official_active_product_rows,2,2,2,0,0,0,100.0,99.5,fail,fail,fail_freshness,qse_market_watch: snapshot age 11.99d exceeds 7d SLA,qse_market_watch: license_status is not verified_open,resolve the failing contract evidence before stable release
88e038536a5308dd7622239d,QSE::Stock,QSE,Stock,official_full,official_full,qse_market_watch,exchange_directory,exchange_audit_official_active_product_rows,55,55,53,2,0,0,96.363636,99.5,fail,fail,fail_freshness,qse_market_watch: snapshot age 11.99d exceeds 7d SLA,qse_market_watch: license_status is not verified_open,resolve the failing contract evidence before stable release
b3a6641786715d7e7420e997,RSE::Stock,RSE,Stock,official_partial,official_partial,rse_listed_companies,listed_companies_subset,observed_partial_scope_keys,1,1,1,0,0,0,100.0,,pass,fail,partial_scope_observed,,rse_listed_companies: license_status is not verified_open,do not promote partial scope to a full completeness claim
3ac64bf95f42a7c3e59cec70,SEM::ETF,SEM,ETF,official_full,official_full,sem_isin,exchange_directory,exchange_audit_official_active_product_rows,1,1,0,1,0,0,0.0,99.5,fail,fail,fail_freshness,sem_isin: snapshot age 11.99d exceeds 7d SLA,sem_isin: license_status is not verified_open,resolve the failing contract evidence before stable release
f7d5e6c4fc0e08baccab2499,SEM::Stock,SEM,Stock,official_full,official_full,sem_isin,exchange_directory,exchange_audit_official_active_product_rows,45,45,44,1,0,0,97.777778,99.5,fail,fail,fail_freshness,sem_isin: snapshot age 11.99d exceeds 7d SLA,sem_isin: license_status is not verified_open,resolve the failing contract evidence before stable release
aa9830f824338c6d25911cf4,SET::ETF,SET,ETF,official_full,official_full,set_etf_search|set_listed_companies|set_stock_search,exchange_directory|listed_companies_subset,exchange_audit_official_active_product_rows,32,19,5,27,1,0,15.625,99.5,fail,fail,fail_identity_conflict,set_stock_search: snapshot age 17.98d exceeds 7d SLA,set_etf_search: license_status is not verified_open | set_listed_companies: license_status is not verified_open | set_stock_search: license_status is not verified_open,resolve the failing contract evidence before stable release
2ca5e371073041b6fdcf0b7e,SET::Stock,SET,Stock,official_full,official_full,set_dr_search|set_listed_companies|set_stock_search,exchange_directory|listed_companies_subset,exchange_audit_official_active_product_rows,2349,1424,763,1586,4,0,32.481907,99.5,fail,fail,fail_identity_conflict,set_stock_search: snapshot age 17.98d exceeds 7d SLA,set_dr_search: license_status is not verified_open | set_listed_companies: license_status is not verified_open | set_stock_search: license_status is not verified_open,resolve the failing contract evidence before stable release
becef542863d357beb135cc7,SGX::ETF,SGX,ETF,official_full,official_full,sgx_securities_prices,exchange_directory,exchange_audit_official_active_product_rows,91,91,46,45,0,0,50.549451,99.5,fail,fail,fail_freshness,sgx_securities_prices: snapshot age 17.98d exceeds 7d SLA,sgx_securities_prices: license_status is not verified_open,resolve the failing contract evidence before stable release
58c50244e6bda07517d023d4,SGX::Stock,SGX,Stock,official_full,official_full,sgx_securities_prices,exchange_directory,exchange_audit_official_active_product_rows,655,655,564,91,0,0,86.10687,99.5,fail,fail,fail_freshness,sgx_securities_prices: snapshot age 17.98d exceeds 7d SLA,sgx_securities_prices: license_status is not verified_open,resolve the failing contract evidence before stable release
b2face37b1aa8f98f26c1583,SIX::ETF,SIX,ETF,official_partial,official_partial,six_etf_products|six_etp_products,listed_companies_subset,observed_partial_scope_keys,9744,9744,862,8882,144,0,8.84647,,pass,fail,partial_scope_observed,,six_etf_products: license_status is not verified_open | six_etp_products: license_status is not verified_open,do not promote partial scope to a full completeness claim
729c8ce8baf1d8d01a9a63cc,SIX::Stock,SIX,Stock,official_partial,official_partial,six_equity_issuers,listed_companies_subset,observed_partial_scope_keys,241,241,206,35,0,0,85.477178,,pass,fail,partial_scope_observed,,six_equity_issuers: license_status is not verified_open,do not promote partial scope to a full completeness claim
0ee1ab1746c762e33e7202e8,SSE::ETF,SSE,ETF,official_partial,official_partial,sse_etf_list,listed_companies_subset,observed_partial_scope_keys,909,909,438,471,93,0,48.184818,,pass,fail,partial_scope_observed,,sse_etf_list: license_status is not verified_open,do not promote partial scope to a full completeness claim
933100b8fd5d215631cb4420,SSE::Stock,SSE,Stock,official_partial,official_partial,sse_a_share_list,listed_companies_subset,observed_partial_scope_keys,2351,2351,0,2351,2253,0,0.0,,pass,fail,partial_scope_observed,,sse_a_share_list: license_status is not verified_open,do not promote partial scope to a full completeness claim
674cdd5e2a742d9593bdde03,SSE_CL::ETF,SSE_CL,ETF,official_full,official_full,bolsa_santiago_instruments,exchange_directory,exchange_audit_official_active_product_rows,16,16,16,0,0,0,100.0,99.5,fail,fail,fail_freshness,bolsa_santiago_instruments: latest refresh is unavailable,bolsa_santiago_instruments: license_status is not verified_open,resolve the failing contract evidence before stable release
bebb497a7c80aadabce7297b,SSE_CL::Stock,SSE_CL,Stock,official_full,official_full,bolsa_santiago_instruments,exchange_directory,exchange_audit_official_active_product_rows,95,95,95,0,0,0,100.0,99.5,fail,fail,fail_freshness,bolsa_santiago_instruments: latest refresh is unavailable,bolsa_santiago_instruments: license_status is not verified_open,resolve the failing contract evidence before stable release
aa862af6bf827c457b2cb8fd,STO::ETF,STO,ETF,official_partial,official_partial,nasdaq_nordic_stockholm_etfs|nasdaq_nordic_stockholm_trackers,listed_companies_subset,observed_partial_scope_keys,39,39,14,25,0,0,35.897436,,fail,fail,partial_scope_observed,nasdaq_nordic_stockholm_etfs: snapshot age 76.54d exceeds 30d SLA | nasdaq_nordic_stockholm_trackers: snapshot age 76.54d exceeds 30d SLA,nasdaq_nordic_stockholm_etfs: license_status is not verified_open | nasdaq_nordic_stockholm_trackers: license_status is not verified_open,do not promote partial scope to a full completeness claim
1ff3732d2d22e746e9c4114b,STO::Stock,STO,Stock,official_partial,official_partial,nasdaq_nordic_stockholm_shares|ngm_companies_page|ngm_market_data_equities|spotlight_companies_directory,listed_companies_subset,observed_partial_scope_keys,944,944,808,136,2,0,85.59322,,fail,fail,partial_scope_observed,nasdaq_nordic_stockholm_shares: snapshot age 76.54d exceeds 30d SLA | ngm_market_data_equities: latest refresh is unavailable,nasdaq_nordic_stockholm_shares: license_status is not verified_open | ngm_companies_page: license_status is not verified_open | ngm_market_data_equities: license_status is not verified_open | spotlight_companies_directory: license_status is not verified_open,do not promote partial scope to a full completeness claim
0a70a62a22e5b0fea09b70b1,SZSE::ETF,SZSE,ETF,official_partial,official_partial,szse_etf_list,listed_companies_subset,observed_partial_scope_keys,704,704,325,379,32,0,46.164773,,pass,fail,partial_scope_observed,,szse_etf_list: license_status is not verified_open,do not promote partial scope to a full completeness claim
3b7441dfd70a6aaa9eea8568,SZSE::Stock,SZSE,Stock,official_partial,official_partial,szse_a_share_list|szse_b_share_list,listed_companies_subset,observed_partial_scope_keys,2931,2931,0,2931,2791,0,0.0,,fail,fail,partial_scope_observed,szse_a_share_list: latest refresh is unavailable,szse_a_share_list: license_status is not verified_open | szse_b_share_list: license_status is not verified_open,do not promote partial scope to a full completeness claim
822d4d46772ba0cdc875e8a9,TADAWUL::ETF,TADAWUL,ETF,official_full,official_full,tadawul_main_market_watch,exchange_directory,exchange_audit_official_active_product_rows,16,16,8,8,0,0,50.0,99.5,fail,fail,fail_freshness,tadawul_main_market_watch: snapshot age 17.98d exceeds 7d SLA,tadawul_main_market_watch: license_status is not verified_open,resolve the failing contract evidence before stable release
6abb4153c7897cbf268a13f3,TADAWUL::Stock,TADAWUL,Stock,official_full,official_full,tadawul_main_market_watch,exchange_directory,exchange_audit_official_active_product_rows,396,396,189,207,0,0,47.727273,99.5,fail,fail,fail_freshness,tadawul_main_market_watch: snapshot age 17.98d exceeds 7d SLA,tadawul_main_market_watch: license_status is not verified_open,resolve the failing contract evidence before stable release
536d0714c6d8d2b52f34e222,TASE::ETF,TASE,ETF,official_partial,official_partial,tase_etf_marketdata|tase_foreign_etf_search,listed_companies_subset,observed_partial_scope_keys,480,480,254,226,0,0,52.916667,,fail,fail,partial_scope_observed,tase_foreign_etf_search: latest refresh is unavailable,tase_etf_marketdata: license_status is not verified_open | tase_foreign_etf_search: license_status is not verified_open,do not promote partial scope to a full completeness claim
969130acd71c48b0eca0e031,TASE::Stock,TASE,Stock,official_partial,official_partial,tase_participating_unit_search|tase_securities_marketdata,listed_companies_subset,observed_partial_scope_keys,547,547,407,140,3,0,74.40585,,fail,fail,partial_scope_observed,tase_participating_unit_search: latest refresh is unavailable,tase_participating_unit_search: license_status is not verified_open | tase_securities_marketdata: license_status is not verified_open,do not promote partial scope to a full completeness claim
c7e079d3e64372927b205860,TPEX::ETF,TPEX,ETF,official_partial,official_partial,tpex_etf_filter|tpex_mainboard_daily_quotes,listed_companies_subset,observed_partial_scope_keys,117,117,50,67,0,0,42.735043,,pass,fail,partial_scope_observed,,tpex_etf_filter: license_status is not verified_open | tpex_mainboard_daily_quotes: license_status is not verified_open,do not promote partial scope to a full completeness claim
0b8a63ba74d6e1ae3783d2c5,TPEX::Stock,TPEX,Stock,official_partial,official_partial,tpex_emerging_basic_info|tpex_mainboard_basic_info|tpex_mainboard_daily_quotes,listed_companies_subset,observed_partial_scope_keys,1251,1251,975,276,803,0,77.93765,,pass,fail,partial_scope_observed,,tpex_emerging_basic_info: license_status is not verified_open | tpex_mainboard_basic_info: license_status is not verified_open | tpex_mainboard_daily_quotes: license_status is not verified_open,do not promote partial scope to a full completeness claim
19215c7704692e2a126303b5,TSE::ETF,TSE,ETF,official_full,official_full,jpx_listed_issues|jpx_tse_stock_detail,exchange_directory|security_identifier_registry_subset,exchange_audit_official_active_product_rows,831,478,278,553,0,0,33.45367,99.5,fail,fail,fail_freshness,jpx_listed_issues: snapshot age 13.95d exceeds 7d SLA | jpx_tse_stock_detail: latest refresh is unavailable,jpx_listed_issues: license_status is not verified_open | jpx_tse_stock_detail: license_status is not verified_open,resolve the failing contract evidence before stable release
01395fa0e5a30d2ee7dbf48c,TSE::Stock,TSE,Stock,official_full,official_full,jpx_listed_issues|jpx_tse_stock_detail,exchange_directory|security_identifier_registry_subset,exchange_audit_official_active_product_rows,7636,3959,3692,3944,15,0,48.349921,99.5,fail,fail,fail_identity_conflict,jpx_listed_issues: snapshot age 13.95d exceeds 7d SLA | jpx_tse_stock_detail: latest refresh is unavailable,jpx_listed_issues: license_status is not verified_open | jpx_tse_stock_detail: license_status is not verified_open,resolve the failing contract evidence before stable release
b9946abca3ce92fe149ffc2e,TSX::ETF,TSX,ETF,official_full,official_full,tmx_etf_screener|tmx_interlisted_companies|tmx_listed_issuers,interlisted_subset|listed_companies_subset,exchange_audit_official_active_product_rows,3083,1889,1308,1775,3,0,42.426208,99.5,pass,fail,fail_identity_conflict,,tmx_etf_screener: license_status is not verified_open | tmx_interlisted_companies: license_status is not verified_open | tmx_listed_issuers: license_status is not verified_open,resolve the failing contract evidence before stable release
23e4ad35b5b4e7e7b870229b,TSX::Stock,TSX,Stock,official_full,official_full,tmx_interlisted_companies|tmx_listed_issuers,exchange_directory|interlisted_subset,exchange_audit_official_active_product_rows,993,802,584,409,7,0,58.811682,99.5,pass,fail,fail_identity_conflict,,tmx_interlisted_companies: license_status is not verified_open | tmx_listed_issuers: license_status is not verified_open,resolve the failing contract evidence before stable release
b19b59a35051c9a4b0d7e6e6,TSXV::ETF,TSXV,ETF,official_full,official_full,tmx_listed_issuers,listed_companies_subset,exchange_audit_official_active_product_rows,13,13,3,10,2,0,23.076923,99.5,pass,fail,fail_identity_conflict,,tmx_listed_issuers: license_status is not verified_open,resolve the failing contract evidence before stable release
f780c9a4550ff58ac59c148d,TSXV::Stock,TSXV,Stock,official_full,official_full,tmx_interlisted_companies|tmx_listed_issuers,exchange_directory|interlisted_subset,exchange_audit_official_active_product_rows,1572,1519,1311,261,10,0,83.396947,99.5,pass,fail,fail_identity_conflict,,tmx_interlisted_companies: license_status is not verified_open | tmx_listed_issuers: license_status is not verified_open,resolve the failing contract evidence before stable release
5124aa75c330d6949a8fc5a1,TWSE::ETF,TWSE,ETF,official_full,official_full,twse_etf_list,listed_companies_subset,exchange_audit_official_active_product_rows,231,231,180,51,0,0,77.922078,99.5,pass,fail,fail_license,,twse_etf_list: license_status is not verified_open,resolve the failing contract evidence before stable release
9ed0a357e2b9c3101f9babcb,TWSE::Stock,TWSE,Stock,official_full,official_full,twse_listed_companies,exchange_directory,exchange_audit_official_active_product_rows,1093,1093,978,115,37,0,89.4785,99.5,fail,fail,fail_identity_conflict,twse_listed_companies: snapshot age 17.01d exceeds 7d SLA,twse_listed_companies: license_status is not verified_open,resolve the failing contract evidence before stable release
482b9542fb15de96e1fd2366,UPCOM::Stock,UPCOM,Stock,official_full,official_full,upcom_registered_securities,exchange_directory,exchange_audit_official_active_product_rows,822,822,2,820,0,0,0.243309,99.5,fail,fail,fail_freshness,upcom_registered_securities: snapshot age 17.01d exceeds 7d SLA,upcom_registered_securities: license_status is not verified_open,resolve the failing contract evidence before stable release
3b0a99fd113862d872558165,USE_UG::Stock,USE_UG,Stock,official_partial,official_partial,use_ug_listed_companies,listed_companies_subset,observed_partial_scope_keys,7,7,7,0,0,0,100.0,,pass,fail,partial_scope_observed,,use_ug_listed_companies: license_status is not verified_open,do not promote partial scope to a full completeness claim
315ab689635e32d4e277b3e2,VSE::Stock,VSE,Stock,official_partial,official_partial,vienna_listed_companies,listed_companies_subset,observed_partial_scope_keys,66,66,66,0,0,0,100.0,,pass,fail,partial_scope_observed,,vienna_listed_companies: license_status is not verified_open,do not promote partial scope to a full completeness claim
a112ba42129436837f07e672,WSE::ETF,WSE,ETF,official_partial,official_partial,wse_etf_list,listed_companies_subset,observed_partial_scope_keys,38,38,16,22,0,0,42.105263,,pass,fail,partial_scope_observed,,wse_etf_list: license_status is not verified_open,do not promote partial scope to a full completeness claim
cc760152a6591f9c5516ec7f,WSE::Stock,WSE,Stock,official_partial,official_partial,newconnect_listed_companies|wse_listed_companies,listed_companies_subset,observed_partial_scope_keys,749,749,542,207,1,0,72.363151,,pass,fail,partial_scope_observed,,newconnect_listed_companies: license_status is not verified_open | wse_listed_companies: license_status is not verified_open,do not promote partial scope to a full completeness claim
3f876390ed491e7e6e5d2b47,XETRA::ETF,XETRA,ETF,official_full,official_full,deutsche_boerse_etfs_etps|deutsche_boerse_xetra_all_tradable_equities,exchange_directory|listed_companies_subset,exchange_audit_official_active_product_rows,7310,3660,3228,4082,4,0,44.158687,99.5,fail,fail,fail_identity_conflict,deutsche_boerse_xetra_all_tradable_equities: snapshot age 21.94d exceeds 7d SLA,deutsche_boerse_etfs_etps: license_status is not verified_open | deutsche_boerse_xetra_all_tradable_equities: license_status is not verified_open,resolve the failing contract evidence before stable release
41ed667061a3ad875759af85,XETRA::Stock,XETRA,Stock,official_full,official_full,deutsche_boerse_listed_companies|deutsche_boerse_xetra_all_tradable_equities,exchange_directory|listed_companies_subset,exchange_audit_official_active_product_rows,1890,1515,953,937,0,0,50.42328,99.5,fail,fail,fail_freshness,deutsche_boerse_xetra_all_tradable_equities: snapshot age 21.94d exceeds 7d SLA,deutsche_boerse_listed_companies: license_status is not verified_open | deutsche_boerse_xetra_all_tradable_equities: license_status is not verified_open,resolve the failing contract evidence before stable release
6022ae2e20ca61ae627f8cfa,ZSE::Stock,ZSE,Stock,official_partial,official_partial,zagreb_securities_directory,listed_companies_subset,observed_partial_scope_keys,73,73,23,50,0,0,31.506849,,pass,fail,partial_scope_observed,,zagreb_securities_directory: license_status is not verified_open,do not promote partial scope to a full completeness claim
e6a1736ba2d76094268b60d1,ZSE_ZW::ETF,ZSE_ZW,ETF,official_partial,official_partial,zse_zw_listed_companies,listed_companies_subset,observed_partial_scope_keys,3,3,3,0,0,0,100.0,,pass,fail,partial_scope_observed,,zse_zw_listed_companies: license_status is not verified_open,do not promote partial scope to a full completeness claim
3c031a3c0518dac1a47483c8,ZSE_ZW::Stock,ZSE_ZW,Stock,official_partial,official_partial,zse_zw_listed_companies,listed_companies_subset,observed_partial_scope_keys,23,23,23,0,0,0,100.0,,pass,fail,partial_scope_observed,,zse_zw_listed_companies: license_status is not verified_open,do not promote partial scope to a full completeness claim
