listing_key,ticker,exchange,name,isin,country,country_code,country_source,official_source_key,official_source_url,official_reference_scope,official_asset_type,official_listing_status,official_sector,openfigi_target_venue_codes,openfigi_target_venue_security_types,openfigi_target_venue_tickers,openfigi_target_venue_names,openfigi_target_venue_figis,openfigi_exact_venue_common_stock,openfigi_exact_venue_name_or_ticker_support,current_ticker_collision,current_ticker_collision_venues,instrument_evidence_decision,apply_action,sector_action,evidence_reason
"BSE_IN::ANG","ANG","BSE_IN","ANG Lifesciences India Ltd","INE236W01016","India","IN","isin_prefix","bse_india_scrips","https://www.bseindia.com/corporates/List_Scrips.html","exchange_directory","Stock","active","","IB","Common Stock","ANG","ANG LIFESCIENCES INDIA LTD","BBG00HL0YJM5","true","true","true","LSE:Stock","review_common_stock_openfigi","add_to_coverage_expansion","keep_blank_until_official_sector_source","Official active Stock row plus exact target-venue OpenFIGI Common Stock; add only through collision-safe coverage expansion."
"BSE_IN::BABA","BABA","BSE_IN","Baba Arts Ltd-$","INE893A01036","India","IN","isin_prefix","bse_india_scrips","https://www.bseindia.com/corporates/List_Scrips.html","exchange_directory","Stock","active","","IB","Common Stock","BBA","BABA ARTS LTD","BBG000CPS9Y3","true","true","true","NYSE:Stock","review_common_stock_openfigi","add_to_coverage_expansion","keep_blank_until_official_sector_source","Official active Stock row plus exact target-venue OpenFIGI Common Stock; add only through collision-safe coverage expansion."
"BSE_IN::SDL","SDL","BSE_IN","Span Divergent Ltd-$","INE004E01016","India","IN","isin_prefix","bse_india_scrips","https://www.bseindia.com/corporates/List_Scrips.html","exchange_directory","Stock","active","","IB","Common Stock","SPD","SPAN DIVERGENT LTD","BBG000DYXF37","true","true","true","JSE:Stock","review_common_stock_openfigi","add_to_coverage_expansion","keep_blank_until_official_sector_source","Official active Stock row plus exact target-venue OpenFIGI Common Stock; add only through collision-safe coverage expansion."
"CPH::RTX","RTX","CPH","RTX","DK0010267129","Denmark","DK","isin_prefix","nasdaq_nordic_copenhagen_shares","https://api.nasdaq.com/api/nordic/screener/shares","listed_companies_subset","Stock","active","Telecommunications","DC","Common Stock","RTX","RTX A/S","BBG000BKCB04","true","true","true","NYSE:Stock","review_common_stock_openfigi","add_to_coverage_expansion","keep_blank_until_official_sector_source","Official active Stock row plus exact target-venue OpenFIGI Common Stock; add only through collision-safe coverage expansion."
"Euronext::BUI","BUI","Euronext","BARBARA BUI","FR0000062788","France","FR","isin_prefix","euronext_equities","https://live.euronext.com/pd_es/data/stocks/download?mics=dm_all_stock","exchange_directory","Stock","active","","FP","Common Stock","BUI","BARBARA BUI","BBG000BJ8T76","true","true","false","","review_common_stock_openfigi","add_to_coverage_expansion","keep_blank_until_official_sector_source","Official active Stock row plus exact target-venue OpenFIGI Common Stock; add only through collision-safe coverage expansion."
"HEL::LEHTO","LEHTO","HEL","Lehto Group Oyj","FI4000081138","Finland","FI","isin_prefix","nasdaq_nordic_helsinki_shares","https://api.nasdaq.com/api/nordic/screener/shares","listed_companies_subset","Stock","active","Industrials","FH","Common Stock","LEHTO","LEHTO GROUP OYJ","BBG00CLFDS19","true","true","false","","review_common_stock_openfigi","add_to_coverage_expansion","keep_blank_until_official_sector_source","Official active Stock row plus exact target-venue OpenFIGI Common Stock; add only through collision-safe coverage expansion."
"HKEX::00712","00712","HKEX","COMTEC SOLAR","KYG234201138","Cayman Islands","KY","isin_prefix","hkex_securities_list","https://www.hkex.com.hk/eng/services/trading/securities/securitieslists/ListOfSecurities.xlsx","exchange_directory","Stock","active","","HK","Common Stock","712","COMTEC SOLAR SYSTEMS GROUP","BBG000NM62R5","true","true","true","TWSE:ETF","review_common_stock_openfigi","add_to_coverage_expansion","keep_blank_until_official_sector_source","Official active Stock row plus exact target-venue OpenFIGI Common Stock; add only through collision-safe coverage expansion."
"HKEX::00733","00733","HKEX","HOPEFLUENT","KYG459921071","Cayman Islands","KY","isin_prefix","hkex_securities_list","https://www.hkex.com.hk/eng/services/trading/securities/securitieslists/ListOfSecurities.xlsx","exchange_directory","Stock","active","","HK","Common Stock","733","HOPEFLUENT GROUP HLDGS LTD","BBG000Q367W7","true","true","true","TWSE:ETF","review_common_stock_openfigi","add_to_coverage_expansion","keep_blank_until_official_sector_source","Official active Stock row plus exact target-venue OpenFIGI Common Stock; add only through collision-safe coverage expansion."
"HKEX::00771","00771","HKEX","AUTOMATED SYS","BMG0666H1007","Bermuda","BM","isin_prefix","hkex_securities_list","https://www.hkex.com.hk/eng/services/trading/securities/securitieslists/ListOfSecurities.xlsx","exchange_directory","Stock","active","","HK","Common Stock","771","AUTOMATED SYSTEMS HLDGS LTD","BBG000BW87W7","true","true","true","TWSE:ETF","review_common_stock_openfigi","add_to_coverage_expansion","keep_blank_until_official_sector_source","Official active Stock row plus exact target-venue OpenFIGI Common Stock; add only through collision-safe coverage expansion."
"HKEX::00888","00888","HKEX","BLOCKFIN HLDG","BMG114281022","Bermuda","BM","isin_prefix","hkex_securities_list","https://www.hkex.com.hk/eng/services/trading/securities/securitieslists/ListOfSecurities.xlsx","exchange_directory","Stock","active","","HK","Common Stock","888","BLOCKFIN HOLDINGS LTD","BBG000GQ31H0","true","true","true","TPEX:ETF","review_common_stock_openfigi","add_to_coverage_expansion","keep_blank_until_official_sector_source","Official active Stock row plus exact target-venue OpenFIGI Common Stock; add only through collision-safe coverage expansion."
"HKEX::00896","00896","HKEX","HANISON","KYG428581030","Cayman Islands","KY","isin_prefix","hkex_securities_list","https://www.hkex.com.hk/eng/services/trading/securities/securitieslists/ListOfSecurities.xlsx","exchange_directory","Stock","active","","HK","Common Stock","896","HANISON CONSTRUCTION HOLDING","BBG000C06H47","true","true","true","TWSE:ETF","review_common_stock_openfigi","add_to_coverage_expansion","keep_blank_until_official_sector_source","Official active Stock row plus exact target-venue OpenFIGI Common Stock; add only through collision-safe coverage expansion."
"HKEX::00909","00909","HKEX","MING YUAN CLOUD","KYG6142R1092","Cayman Islands","KY","isin_prefix","hkex_securities_list","https://www.hkex.com.hk/eng/services/trading/securities/securitieslists/ListOfSecurities.xlsx","exchange_directory","Stock","active","","HK","Common Stock","909","MING YUAN CLOUD GROUP HOLDIN","BBG00VJ1MLR8","true","true","true","TWSE:ETF","review_common_stock_openfigi","add_to_coverage_expansion","keep_blank_until_official_sector_source","Official active Stock row plus exact target-venue OpenFIGI Common Stock; add only through collision-safe coverage expansion."
"HKEX::00915","00915","HKEX","DAOHE GLOBAL","BMG2751X1314","Bermuda","BM","isin_prefix","hkex_securities_list","https://www.hkex.com.hk/eng/services/trading/securities/securitieslists/ListOfSecurities.xlsx","exchange_directory","Stock","active","","HK","Common Stock","915","DAOHE GLOBAL GROUP LTD","BBG000MTLHM6","true","true","true","TWSE:ETF","review_common_stock_openfigi","add_to_coverage_expansion","keep_blank_until_official_sector_source","Official active Stock row plus exact target-venue OpenFIGI Common Stock; add only through collision-safe coverage expansion."
"HKEX::00921","00921","HKEX","HISENSE HA","CNE100000353","China","CN","isin_prefix","hkex_securities_list","https://www.hkex.com.hk/eng/services/trading/securities/securitieslists/ListOfSecurities.xlsx","exchange_directory","Stock","active","","HK","Common Stock","921","HISENSE HOME APPLIANCES GR-H","BBG000H49KJ8","true","true","true","TWSE:ETF","review_common_stock_openfigi","add_to_coverage_expansion","keep_blank_until_official_sector_source","Official active Stock row plus exact target-venue OpenFIGI Common Stock; add only through collision-safe coverage expansion."
"HKEX::00922","00922","HKEX","ANXIANYUAN CH","BMG0400Q1197","Bermuda","BM","isin_prefix","hkex_securities_list","https://www.hkex.com.hk/eng/services/trading/securities/securitieslists/ListOfSecurities.xlsx","exchange_directory","Stock","active","","HK","Common Stock","922","ANXIAN YUAN CHINA HOLDINGS L","BBG000DK74F8","true","true","true","TWSE:ETF","review_common_stock_openfigi","add_to_coverage_expansion","keep_blank_until_official_sector_source","Official active Stock row plus exact target-venue OpenFIGI Common Stock; add only through collision-safe coverage expansion."
"HKEX::00924","00924","HKEX","KHOON GROUP","KYG5271A1013","Cayman Islands","KY","isin_prefix","hkex_securities_list","https://www.hkex.com.hk/eng/services/trading/securities/securitieslists/ListOfSecurities.xlsx","exchange_directory","Stock","active","","HK","Common Stock","924","KHOON GROUP LTD","BBG00PGWH613","true","true","true","TWSE:ETF","review_common_stock_openfigi","add_to_coverage_expansion","keep_blank_until_official_sector_source","Official active Stock row plus exact target-venue OpenFIGI Common Stock; add only through collision-safe coverage expansion."
"HKEX::00927","00927","HKEX","FUJIKON IND","BMG3685C1029","Bermuda","BM","isin_prefix","hkex_securities_list","https://www.hkex.com.hk/eng/services/trading/securities/securitieslists/ListOfSecurities.xlsx","exchange_directory","Stock","active","","HK","Common Stock","927","FUJIKON IND HLDGS LTD","BBG000BP6JW8","true","true","true","TWSE:ETF","review_common_stock_openfigi","add_to_coverage_expansion","keep_blank_until_official_sector_source","Official active Stock row plus exact target-venue OpenFIGI Common Stock; add only through collision-safe coverage expansion."
"HKEX::00929","00929","HKEX","IPE GROUP","KYG4935G1091","Cayman Islands","KY","isin_prefix","hkex_securities_list","https://www.hkex.com.hk/eng/services/trading/securities/securitieslists/ListOfSecurities.xlsx","exchange_directory","Stock","active","","HK","Common Stock","929","IPE GROUP LTD","BBG000QCMBW0","true","true","true","TWSE:ETF","review_common_stock_openfigi","add_to_coverage_expansion","keep_blank_until_official_sector_source","Official active Stock row plus exact target-venue OpenFIGI Common Stock; add only through collision-safe coverage expansion."
"HKEX::00934","00934","HKEX","SINOPEC KANTONS","BMG8165U1009","Bermuda","BM","isin_prefix","hkex_securities_list","https://www.hkex.com.hk/eng/services/trading/securities/securitieslists/ListOfSecurities.xlsx","exchange_directory","Stock","active","","HK","Common Stock","934","SINOPEC KANTONS HOLDINGS","BBG000BXX0G0","true","true","true","TWSE:ETF","review_common_stock_openfigi","add_to_coverage_expansion","keep_blank_until_official_sector_source","Official active Stock row plus exact target-venue OpenFIGI Common Stock; add only through collision-safe coverage expansion."
"HKEX::00960","00960","HKEX","LONGFOR GROUP","KYG5635P1090","Cayman Islands","KY","isin_prefix","hkex_securities_list","https://www.hkex.com.hk/eng/services/trading/securities/securitieslists/ListOfSecurities.xlsx","exchange_directory","Stock","active","","HK","Common Stock","960","LONGFOR GROUP HOLDINGS LTD","BBG000CHNH78","true","true","true","TWSE:ETF","review_common_stock_openfigi","add_to_coverage_expansion","keep_blank_until_official_sector_source","Official active Stock row plus exact target-venue OpenFIGI Common Stock; add only through collision-safe coverage expansion."
"LSE::0A51","0A51","LSE","GENOCEA BIOSCIENCES INC","US3724274010","United States","US","isin_prefix","lse_price_explorer","https://www.londonstockexchange.com/live-markets/market-data-dashboard/price-explorer","exchange_directory","Stock","active","","LN","Common Stock","0A51","GENOCEA BIOSCIENCES INC","BBG00XCCRLL8","true","true","false","","review_common_stock_openfigi","add_to_coverage_expansion","keep_blank_until_official_sector_source","Official active Stock row plus exact target-venue OpenFIGI Common Stock; add only through collision-safe coverage expansion."
"LSE::0A8M","0A8M","LSE","AYTU BIOPHARMA INC","US0547548588","United States","US","isin_prefix","lse_price_explorer","https://www.londonstockexchange.com/live-markets/market-data-dashboard/price-explorer","exchange_directory","Stock","active","","LN","Common Stock","0A8M","AYTU BIOPHARMA INC","BBG0101PY0G6","true","true","false","","review_common_stock_openfigi","add_to_coverage_expansion","keep_blank_until_official_sector_source","Official active Stock row plus exact target-venue OpenFIGI Common Stock; add only through collision-safe coverage expansion."
"LSE::0A9B","0A9B","LSE","SYNLAB AG","DE000A2TSL71","Germany","DE","isin_prefix","lse_price_explorer","https://www.londonstockexchange.com/live-markets/market-data-dashboard/price-explorer","exchange_directory","Stock","active","","LN","Common Stock","0A9B","SYNLAB AG","BBG010L9JDV2","true","true","false","","review_common_stock_openfigi","add_to_coverage_expansion","keep_blank_until_official_sector_source","Official active Stock row plus exact target-venue OpenFIGI Common Stock; add only through collision-safe coverage expansion."
"LSE::0JEZ","0JEZ","LSE","STRONGPOINT ASA","NO0010098247","Norway","NO","isin_prefix","lse_price_explorer","https://www.londonstockexchange.com/live-markets/market-data-dashboard/price-explorer","exchange_directory","Stock","active","","LN","Common Stock","0JEZ","STRONGPOINT ASA","BBG00JHVWY83","true","true","false","","review_common_stock_openfigi","add_to_coverage_expansion","keep_blank_until_official_sector_source","Official active Stock row plus exact target-venue OpenFIGI Common Stock; add only through collision-safe coverage expansion."
"LSE::0RFZ","0RFZ","LSE","LEHTO GROUP OYJ","FI4000081138","Finland","FI","isin_prefix","lse_price_explorer","https://www.londonstockexchange.com/live-markets/market-data-dashboard/price-explorer","exchange_directory","Stock","active","","LN","Common Stock","0RFZ","LEHTO GROUP OYJ","BBG00SYG7962","true","true","false","","review_common_stock_openfigi","add_to_coverage_expansion","keep_blank_until_official_sector_source","Official active Stock row plus exact target-venue OpenFIGI Common Stock; add only through collision-safe coverage expansion."
"LSE::0VZS","0VZS","LSE","PUBLITY AG","DE0006972508","Germany","DE","isin_prefix","lse_price_explorer","https://www.londonstockexchange.com/live-markets/market-data-dashboard/price-explorer","exchange_directory","Stock","active","","LN","Common Stock","0VZS","PUBLITY AG","BBG00JRQSNP3","true","true","false","","review_common_stock_openfigi","add_to_coverage_expansion","keep_blank_until_official_sector_source","Official active Stock row plus exact target-venue OpenFIGI Common Stock; add only through collision-safe coverage expansion."
"LSE::0W1I","0W1I","LSE","VECTRON SYSTEMS AG","DE000A0KEXC7","Germany","DE","isin_prefix","lse_price_explorer","https://www.londonstockexchange.com/live-markets/market-data-dashboard/price-explorer","exchange_directory","Stock","active","","LN","Common Stock","0W1I","VECTRON SYSTEMS AG","BBG00JRQSQF7","true","true","false","","review_common_stock_openfigi","add_to_coverage_expansion","keep_blank_until_official_sector_source","Official active Stock row plus exact target-venue OpenFIGI Common Stock; add only through collision-safe coverage expansion."
"LSE::ATR","ATR","LSE","SCHRODER ASIAN TOTAL RETURN INVESTMENT COMPANY PLC","GB0008710799","United Kingdom","GB","isin_prefix","lse_price_explorer","https://www.londonstockexchange.com/live-markets/market-data-dashboard/price-explorer","exchange_directory","Stock","active","","LN","Closed-End Fund","ATR","SCHRODER ASIAN TOTAL RETURN","BBG000VLM6L7","false","true","true","NYSE:Stock|WSE:Stock","blocked_non_common_stock_openfigi","block_non_common_stock","not_applicable","Exact target-venue OpenFIGI Closed-End Fund; do not ingest as Stock."
"LSE::BMY","BMY","LSE","BLOOMSBURY PUBLISHING PLC","GB0033147751","United Kingdom","GB","isin_prefix","lse_price_explorer","https://www.londonstockexchange.com/live-markets/market-data-dashboard/price-explorer","exchange_directory","Stock","active","","LN","Common Stock","BMY","BLOOMSBURY PUBLISHING PLC","BBG000D8KNJ4","true","true","true","NYSE:Stock","review_common_stock_openfigi","add_to_coverage_expansion","keep_blank_until_official_sector_source","Official active Stock row plus exact target-venue OpenFIGI Common Stock; add only through collision-safe coverage expansion."
"LSE::CRCL","CRCL","LSE","CORCEL PLC","GB00BKM69866","United Kingdom","GB","isin_prefix","lse_price_explorer","https://www.londonstockexchange.com/live-markets/market-data-dashboard/price-explorer","exchange_directory","Stock","active","","LN","Common Stock","CRCL","CORCEL PLC","BBG000BPR243","true","true","true","NYSE:Stock","review_common_stock_openfigi","add_to_coverage_expansion","keep_blank_until_official_sector_source","Official active Stock row plus exact target-venue OpenFIGI Common Stock; add only through collision-safe coverage expansion."
"LSE::CRS","CRS","LSE","CRYSTAL AMBER FUND LIMITED","GG00B1Z2SL48","Guernsey","GG","isin_prefix","lse_price_explorer","https://www.londonstockexchange.com/live-markets/market-data-dashboard/price-explorer","exchange_directory","Stock","active","","LN","Closed-End Fund","CRS","CRYSTAL AMBER FUND LTD","BBG000DRM9J1","false","true","true","ASX:Stock|NYSE:Stock","blocked_non_common_stock_openfigi","block_non_common_stock","not_applicable","Exact target-venue OpenFIGI Closed-End Fund; do not ingest as Stock."
"LSE::DKL","DKL","LSE","DEKEL AGRI-VISION PLC","CY0106502111","Cyprus","CY","isin_prefix","lse_price_explorer","https://www.londonstockexchange.com/live-markets/market-data-dashboard/price-explorer","exchange_directory","Stock","active","","LN","Common Stock","DKL","DEKEL AGRI-VISION PLC","BBG0049112Y6","true","true","true","NYSE:Stock","review_common_stock_openfigi","add_to_coverage_expansion","keep_blank_until_official_sector_source","Official active Stock row plus exact target-venue OpenFIGI Common Stock; add only through collision-safe coverage expansion."
"LSE::DLN","DLN","LSE","DERWENT LONDON PLC","GB0002652740","United Kingdom","GB","isin_prefix","lse_price_explorer","https://www.londonstockexchange.com/live-markets/market-data-dashboard/price-explorer","exchange_directory","Stock","active","","LN","REIT","DLN","DERWENT LONDON PLC","BBG000BDFV58","false","true","true","NYSE ARCA:ETF","review_reit_equity_openfigi","add_to_coverage_expansion","keep_blank_until_official_sector_source","Exact target-venue OpenFIGI REIT; keep as equity-like Stock with explicit review and blank sector."
"LSE::PIN","PIN","LSE","PANTHEON INTERNATIONAL PLC","GB00BP37WF17","United Kingdom","GB","isin_prefix","lse_price_explorer","https://www.londonstockexchange.com/live-markets/market-data-dashboard/price-explorer","exchange_directory","Stock","active","","LN","Closed-End Fund","PIN","PANTHEON INTERNATIONAL PLC","BBG000BGV1Z6","false","true","true","NYSE ARCA:ETF","blocked_non_common_stock_openfigi","block_non_common_stock","not_applicable","Exact target-venue OpenFIGI Closed-End Fund; do not ingest as Stock."
"LSE::SDY","SDY","LSE","SPEEDY HIRE PLC","GB0000163088","United Kingdom","GB","isin_prefix","lse_price_explorer","https://www.londonstockexchange.com/live-markets/market-data-dashboard/price-explorer","exchange_directory","Stock","active","","LN","Common Stock","SDY","SPEEDY HIRE PLC","BBG000C389Y4","true","true","true","NYSE ARCA:ETF","review_common_stock_openfigi","add_to_coverage_expansion","keep_blank_until_official_sector_source","Official active Stock row plus exact target-venue OpenFIGI Common Stock; add only through collision-safe coverage expansion."
"LSE::SYM","SYM","LSE","SYMPHONY ENVIRONMENTAL TECHNOLOGIES PLC","GB0009589168","United Kingdom","GB","isin_prefix","lse_price_explorer","https://www.londonstockexchange.com/live-markets/market-data-dashboard/price-explorer","exchange_directory","Stock","active","","LN","Common Stock","SYM","SYMPHONY ENVIRONMENTAL TECHN","BBG000C7DYP4","true","true","true","NASDAQ:Stock","review_common_stock_openfigi","add_to_coverage_expansion","keep_blank_until_official_sector_source","Official active Stock row plus exact target-venue OpenFIGI Common Stock; add only through collision-safe coverage expansion."
"LSE::TKO","TKO","LSE","TREKOR METALS LIMITED","CA89472Y1079","Canada","CA","isin_prefix","lse_price_explorer","https://www.londonstockexchange.com/live-markets/market-data-dashboard/price-explorer","exchange_directory","Stock","active","","LN","Common Stock","TKO","TREKOR METALS LTD","BBG00QYKT5Y0","true","true","true","NYSE:Stock","review_common_stock_openfigi","add_to_coverage_expansion","keep_blank_until_official_sector_source","Official active Stock row plus exact target-venue OpenFIGI Common Stock; add only through collision-safe coverage expansion."
"OSL::SATS","SATS","OSL","SATS","NO0010863285","Norway","NO","isin_prefix","euronext_equities","https://live.euronext.com/pd_es/data/stocks/download?mics=dm_all_stock","exchange_directory","Stock","active","","NO","Common Stock","SATS","SATS ASA","BBG00QDZ0SG1","true","true","true","LSE:Stock","review_common_stock_openfigi","add_to_coverage_expansion","keep_blank_until_official_sector_source","Official active Stock row plus exact target-venue OpenFIGI Common Stock; add only through collision-safe coverage expansion."
"OSL::STRO","STRO","OSL","STRONGPOINT","NO0010098247","Norway","NO","isin_prefix","euronext_equities","https://live.euronext.com/pd_es/data/stocks/download?mics=dm_all_stock","exchange_directory","Stock","active","","NO","Common Stock","STRO","STRONGPOINT ASA","BBG000BYNWW1","true","true","true","NASDAQ:Stock","review_common_stock_openfigi","add_to_coverage_expansion","keep_blank_until_official_sector_source","Official active Stock row plus exact target-venue OpenFIGI Common Stock; add only through collision-safe coverage expansion."
"OSL::ZAP","ZAP","OSL","ZAPTEC","NO0010713936","Norway","NO","isin_prefix","euronext_equities","https://live.euronext.com/pd_es/data/stocks/download?mics=dm_all_stock","exchange_directory","Stock","active","","NO","Common Stock","ZAP","ZAPTEC ASA","BBG00XNP0VB5","true","true","true","NASDAQ:ETF|WSE:Stock","review_common_stock_openfigi","add_to_coverage_expansion","keep_blank_until_official_sector_source","Official active Stock row plus exact target-venue OpenFIGI Common Stock; add only through collision-safe coverage expansion."
"SGX::BNE","BNE","SGX","Kencana Agri","SG1CE4000000","Singapore","SG","isin_prefix","sgx_securities_prices","https://api.sgx.com/securities/v1.1","exchange_directory","Stock","active","","SP","Common Stock","KAGR","KENCANA AGRI LTD","BBG000BMVD23","true","true","true","TSX:Stock","review_common_stock_openfigi","add_to_coverage_expansion","keep_blank_until_official_sector_source","Official active Stock row plus exact target-venue OpenFIGI Common Stock; add only through collision-safe coverage expansion."
"TASE::BOLT","BOLT","TASE","BIOLIGHT","IL0010952237","Israel","IL","isin_prefix","tase_securities_marketdata","https://api.tase.co.il/api/security/securitiesmarketdata","listed_companies_subset","Stock","active","","IT","Common Stock","BOLT","BIOLIGHT LIFE SCIENCES LTD","BBG000BZQ6F1","true","true","true","NASDAQ:Stock","review_common_stock_openfigi","add_to_coverage_expansion","keep_blank_until_official_sector_source","Official active Stock row plus exact target-venue OpenFIGI Common Stock; add only through collision-safe coverage expansion."
"TASE::MTRN","MTRN","TASE","MAYTRONICS","IL0010910656","Israel","IL","isin_prefix","tase_securities_marketdata","https://api.tase.co.il/api/security/securitiesmarketdata","listed_companies_subset","Stock","active","","IT","Common Stock","MTRN","MAYTRONICS LTD","BBG000D51W74","true","true","true","NYSE:Stock","review_common_stock_openfigi","add_to_coverage_expansion","keep_blank_until_official_sector_source","Official active Stock row plus exact target-venue OpenFIGI Common Stock; add only through collision-safe coverage expansion."
"TPEX::5348","5348","TPEX","正能量智能股份有限公司","TW0005348007","Taiwan","TW","isin_prefix","tpex_mainboard_basic_info","https://mopsfin.twse.com.tw/opendata/t187ap03_O.csv","listed_companies_subset","Stock","active","Consumer Discretionary","TT (Taipei Stock Exchange)","Common Stock","5348","EMPOWER TECHNOLOGY CORP","BBG000C2J5B7","true","true","false","","review_common_stock_openfigi","add_to_coverage_expansion","keep_blank_until_official_sector_source","Official active Stock row plus exact target-venue OpenFIGI Common Stock; add only through collision-safe coverage expansion."
"XETRA::ADC","ADC","XETRA","ADCAPITAL AG","DE0005214506","Germany","DE","isin_prefix","deutsche_boerse_listed_companies","https://www.cashmarket.deutsche-boerse.com/resource/blob/67858/dd766fc6588100c79294324175f95501/data/Listed-companies.xlsx","listed_companies_subset","Stock","active","","GD|GF|GR","Common Stock","ADC","ADCAPITAL AG","BBG000BMBZM4|BBG000BMBZS8|BBG000BMBZY1","true","true","true","NYSE:Stock","review_common_stock_openfigi","add_to_coverage_expansion","keep_blank_until_official_sector_source","Official active Stock row plus exact target-venue OpenFIGI Common Stock; add only through collision-safe coverage expansion."
"XETRA::IFS","IFS","XETRA","INFAS HOLDING AG  O.N.","DE0006097108","Germany","DE","isin_prefix","deutsche_boerse_listed_companies","https://www.cashmarket.deutsche-boerse.com/resource/blob/67858/dd766fc6588100c79294324175f95501/data/Listed-companies.xlsx","listed_companies_subset","Stock","active","","GD|GF|GR","Common Stock","IFS","INFAS HOLDING AG","BBG000BH1TJ4|BBG000BH1VC6|BBG000BH1VS9","true","true","true","NYSE:Stock","review_common_stock_openfigi","add_to_coverage_expansion","keep_blank_until_official_sector_source","Official active Stock row plus exact target-venue OpenFIGI Common Stock; add only through collision-safe coverage expansion."
