listing_key,ticker,exchange,current_name,proposed_name,twelvedata_type,confidence,adjudication_decision,evidence_tier,figi_relation,openfigi_figi,local_figi,review_batch,metadata_update_reason
NASDAQ::JLHL,JLHL,NASDAQ,Julong Holding Limited Class A Ordinary Shares,Julong Holding Limited,Common Stock,0.91,apply_twelvedata_name_identifier_supported,identifier,local_figi_match,BBG01T4SSQM7,BBG01T4SSQM7,batch_a_us_core,Twelve Data source adjudication apply-ready name update: OpenFIGI supports Twelve Data name; FIGI relation=local_figi_match. decision=apply_twelvedata_name_identifier_supported; evidence_tier=identifier; figi_relation=local_figi_match; review_batch=batch_a_us_core.
NASDAQ::WMT,WMT,NASDAQ,Walmart Inc. Common Stock,Walmart Inc.,Common Stock,0.91,apply_twelvedata_name_identifier_supported,identifier,local_figi_match,BBG000BWXBC2,BBG000BWXBC2,batch_a_us_core,Twelve Data source adjudication apply-ready name update: OpenFIGI supports Twelve Data name; FIGI relation=local_figi_match. decision=apply_twelvedata_name_identifier_supported; evidence_tier=identifier; figi_relation=local_figi_match; review_batch=batch_a_us_core.
NYSE::RH,RH,NYSE,RH Common Stock,RH,Common Stock,0.91,apply_twelvedata_name_identifier_supported,identifier,local_figi_match,BBG002293PJ4,BBG002293PJ4,batch_a_us_core,Twelve Data source adjudication apply-ready name update: OpenFIGI supports Twelve Data name; FIGI relation=local_figi_match. decision=apply_twelvedata_name_identifier_supported; evidence_tier=identifier; figi_relation=local_figi_match; review_batch=batch_a_us_core.
OTC::ABNAF,ABNAF,OTC,Aben Resources Ltd,Aben Gold Corp.,Common Stock,0.91,apply_twelvedata_name_identifier_supported,identifier,local_figi_match,BBG000C0KBR9,BBG000C0KBR9,batch_a_us_core,Twelve Data source adjudication apply-ready name update: OpenFIGI supports Twelve Data name; FIGI relation=local_figi_match. decision=apply_twelvedata_name_identifier_supported; evidence_tier=identifier; figi_relation=local_figi_match; review_batch=batch_a_us_core.
OTC::ACTL,ACTL,OTC,Artec Consulting Corp,Artec Global Media Inc.,Common Stock,0.91,apply_twelvedata_name_identifier_supported,identifier,local_figi_match,BBG0045KJ1N3,BBG0045KJ1N3,batch_a_us_core,Twelve Data source adjudication apply-ready name update: OpenFIGI supports Twelve Data name; FIGI relation=local_figi_match. decision=apply_twelvedata_name_identifier_supported; evidence_tier=identifier; figi_relation=local_figi_match; review_batch=batch_a_us_core.
OTC::AEXE,AEXE,OTC,AIM Energy Inc,Aim Exploration Inc.,Common Stock,0.91,apply_twelvedata_name_identifier_supported,identifier,local_figi_match,BBG0033QWZ81,BBG0033QWZ81,batch_a_us_core,Twelve Data source adjudication apply-ready name update: OpenFIGI supports Twelve Data name; FIGI relation=local_figi_match. decision=apply_twelvedata_name_identifier_supported; evidence_tier=identifier; figi_relation=local_figi_match; review_batch=batch_a_us_core.
OTC::AGRTF,AGRTF,OTC,Applied Graphite Technologies Corporation,Bullfrog Gold Corporation,Common Stock,0.91,apply_twelvedata_name_identifier_supported,identifier,local_figi_match,BBG01MJYQZM5,BBG01MJYQZM5,batch_a_us_core,Twelve Data source adjudication apply-ready name update: OpenFIGI supports Twelve Data name; FIGI relation=local_figi_match. decision=apply_twelvedata_name_identifier_supported; evidence_tier=identifier; figi_relation=local_figi_match; review_batch=batch_a_us_core.
OTC::AHLAS,AHLAS,OTC,RSE Archive LLC - Membership Interests Series - Honus T206 Honus Wagner Card Fund,Rse Archive Series Honus T206,Common Stock,0.91,apply_twelvedata_name_identifier_supported,identifier,local_figi_match,BBG018N93R12,BBG018N93R12,batch_a_us_core,Twelve Data source adjudication apply-ready name update: OpenFIGI supports Twelve Data name; FIGI relation=local_figi_match. decision=apply_twelvedata_name_identifier_supported; evidence_tier=identifier; figi_relation=local_figi_match; review_batch=batch_a_us_core.
OTC::AIUG,AIUG,OTC,"AI Unlimited Group, Inc.",Lever Global Corp.,Common Stock,0.91,apply_twelvedata_name_identifier_supported,identifier,local_figi_match,BBG018WRDRG5,BBG018WRDRG5,batch_a_us_core,Twelve Data source adjudication apply-ready name update: OpenFIGI supports Twelve Data name; FIGI relation=local_figi_match. decision=apply_twelvedata_name_identifier_supported; evidence_tier=identifier; figi_relation=local_figi_match; review_batch=batch_a_us_core.
OTC::AMNNF,AMNNF,OTC,Amcomri Entertainment Inc,Adsl Holdings Inc.,Common Stock,0.91,apply_twelvedata_name_identifier_supported,identifier,local_figi_match,BBG0154P2J49,BBG0154P2J49,batch_a_us_core,Twelve Data source adjudication apply-ready name update: OpenFIGI supports Twelve Data name; FIGI relation=local_figi_match. decision=apply_twelvedata_name_identifier_supported; evidence_tier=identifier; figi_relation=local_figi_match; review_batch=batch_a_us_core.
OTC::APCOF,APCOF,OTC,New Tech Minerals Corp,American Critical Minerals Corp.,Common Stock,0.91,apply_twelvedata_name_identifier_supported,identifier,local_figi_match,BBG004WFM3B9,BBG004WFM3B9,batch_a_us_core,Twelve Data source adjudication apply-ready name update: OpenFIGI supports Twelve Data name; FIGI relation=local_figi_match. decision=apply_twelvedata_name_identifier_supported; evidence_tier=identifier; figi_relation=local_figi_match; review_batch=batch_a_us_core.
OTC::APEMY,APEMY,OTC,Aperam PK,Aperam S.A. NY Registry Shares,Depositary Receipt,0.91,apply_twelvedata_name_identifier_supported,identifier,local_figi_match,BBG001DFG5L7,BBG001DFG5L7,batch_a_us_core,Twelve Data source adjudication apply-ready name update: OpenFIGI supports Twelve Data name; FIGI relation=local_figi_match. decision=apply_twelvedata_name_identifier_supported; evidence_tier=identifier; figi_relation=local_figi_match; review_batch=batch_a_us_core.
OTC::AQFD,AQFD,OTC,Click To Raffle.Com Inc,A Classified Ad Inc.,Common Stock,0.91,apply_twelvedata_name_identifier_supported,identifier,local_figi_match,BBG0073FB9K3,BBG0073FB9K3,batch_a_us_core,Twelve Data source adjudication apply-ready name update: OpenFIGI supports Twelve Data name; FIGI relation=local_figi_match. decision=apply_twelvedata_name_identifier_supported; evidence_tier=identifier; figi_relation=local_figi_match; review_batch=batch_a_us_core.
OTC::AQPW,AQPW,OTC,Signet International Holdings Inc,Golden Ally Lifetech Group Inc.,Common Stock,0.91,apply_twelvedata_name_identifier_supported,identifier,local_figi_match,BBG000BCX1M7,BBG000BCX1M7,batch_a_us_core,Twelve Data source adjudication apply-ready name update: OpenFIGI supports Twelve Data name; FIGI relation=local_figi_match. decision=apply_twelvedata_name_identifier_supported; evidence_tier=identifier; figi_relation=local_figi_match; review_batch=batch_a_us_core.
OTC::AREVF,AREVF,OTC,AREV NanoTec Brands Inc,Arev Life Sciences Global Corp.,Common Stock,0.91,apply_twelvedata_name_identifier_supported,identifier,local_figi_match,BBG00P18ZVK6,BBG00P18ZVK6,batch_a_us_core,Twelve Data source adjudication apply-ready name update: OpenFIGI supports Twelve Data name; FIGI relation=local_figi_match. decision=apply_twelvedata_name_identifier_supported; evidence_tier=identifier; figi_relation=local_figi_match; review_batch=batch_a_us_core.
OTC::ARLSF,ARLSF,OTC,Argo Living Soils Corp,Argo Graphene Solutions Corp.,Common Stock,0.91,apply_twelvedata_name_identifier_supported,identifier,local_figi_match,BBG012PQ7D94,BBG012PQ7D94,batch_a_us_core,Twelve Data source adjudication apply-ready name update: OpenFIGI supports Twelve Data name; FIGI relation=local_figi_match. decision=apply_twelvedata_name_identifier_supported; evidence_tier=identifier; figi_relation=local_figi_match; review_batch=batch_a_us_core.
OTC::ARSLF,ARSLF,OTC,Altima Resources Ltd,Altima Energy Inc.,Common Stock,0.91,apply_twelvedata_name_identifier_supported,identifier,local_figi_match,BBG000R8Q2J9,BBG000R8Q2J9,batch_a_us_core,Twelve Data source adjudication apply-ready name update: OpenFIGI supports Twelve Data name; FIGI relation=local_figi_match. decision=apply_twelvedata_name_identifier_supported; evidence_tier=identifier; figi_relation=local_figi_match; review_batch=batch_a_us_core.
OTC::AZASF,AZASF,OTC,Arizona Silver Exploration Inc,Arizona Gold & Silver Inc.,Common Stock,0.91,apply_twelvedata_name_identifier_supported,identifier,local_figi_match,BBG00G5H3Z46,BBG00G5H3Z46,batch_a_us_core,Twelve Data source adjudication apply-ready name update: OpenFIGI supports Twelve Data name; FIGI relation=local_figi_match. decision=apply_twelvedata_name_identifier_supported; evidence_tier=identifier; figi_relation=local_figi_match; review_batch=batch_a_us_core.
OTC::BBBT,BBBT,OTC,Digital Development Partners Inc,Black Bird Biotech Inc.,Common Stock,0.91,apply_twelvedata_name_identifier_supported,identifier,local_figi_match,BBG000TRCJG6,BBG000TRCJG6,batch_a_us_core,Twelve Data source adjudication apply-ready name update: OpenFIGI supports Twelve Data name; FIGI relation=local_figi_match. decision=apply_twelvedata_name_identifier_supported; evidence_tier=identifier; figi_relation=local_figi_match; review_batch=batch_a_us_core.
OTC::BFYW,BFYW,OTC,Sauer Energy Inc,Better For You Wellness Inc.,Common Stock,0.91,apply_twelvedata_name_identifier_supported,identifier,local_figi_match,BBG000NXFSV9,BBG000NXFSV9,batch_a_us_core,Twelve Data source adjudication apply-ready name update: OpenFIGI supports Twelve Data name; FIGI relation=local_figi_match. decision=apply_twelvedata_name_identifier_supported; evidence_tier=identifier; figi_relation=local_figi_match; review_batch=batch_a_us_core.
OTC::BGTTF,BGTTF,OTC,Billy Goat Brands Ltd,Goat Industries Ltd.,Common Stock,0.91,apply_twelvedata_name_identifier_supported,identifier,local_figi_match,BBG0132W06B3,BBG0132W06B3,batch_a_us_core,Twelve Data source adjudication apply-ready name update: OpenFIGI supports Twelve Data name; FIGI relation=local_figi_match. decision=apply_twelvedata_name_identifier_supported; evidence_tier=identifier; figi_relation=local_figi_match; review_batch=batch_a_us_core.
OTC::BKTH,BKTH,OTC,MEGOLA INC,"Breakthrough Chemistry, Inc.",Common Stock,0.91,apply_twelvedata_name_identifier_supported,identifier,local_figi_match,BBG000P602Q5,BBG000P602Q5,batch_a_us_core,Twelve Data source adjudication apply-ready name update: OpenFIGI supports Twelve Data name; FIGI relation=local_figi_match. decision=apply_twelvedata_name_identifier_supported; evidence_tier=identifier; figi_relation=local_figi_match; review_batch=batch_a_us_core.
OTC::BKTPF,BKTPF,OTC,Cruz Cobalt Corp,Cruz Battery Metals Corp.,Common Stock,0.91,apply_twelvedata_name_identifier_supported,identifier,local_figi_match,BBG0015MDYZ6,BBG0015MDYZ6,batch_a_us_core,Twelve Data source adjudication apply-ready name update: OpenFIGI supports Twelve Data name; FIGI relation=local_figi_match. decision=apply_twelvedata_name_identifier_supported; evidence_tier=identifier; figi_relation=local_figi_match; review_batch=batch_a_us_core.
OTC::BRCOQ,BRCOQ,OTC,Beard Co,Beard Company,Common Stock,0.91,apply_twelvedata_name_identifier_supported,identifier,local_figi_match,BBG000DN2J00,BBG000DN2J00,batch_a_us_core,Twelve Data source adjudication apply-ready name update: OpenFIGI supports Twelve Data name; FIGI relation=local_figi_match. decision=apply_twelvedata_name_identifier_supported; evidence_tier=identifier; figi_relation=local_figi_match; review_batch=batch_a_us_core.
OTC::BTGN,BTGN,OTC,Inolife Technologies Inc,Bitcoin Generation Inc.,Common Stock,0.91,apply_twelvedata_name_identifier_supported,identifier,local_figi_match,BBG000D6G4C2,BBG000D6G4C2,batch_a_us_core,Twelve Data source adjudication apply-ready name update: OpenFIGI supports Twelve Data name; FIGI relation=local_figi_match. decision=apply_twelvedata_name_identifier_supported; evidence_tier=identifier; figi_relation=local_figi_match; review_batch=batch_a_us_core.
OTC::BWVI,BWVI,OTC,Blue Water Ventures International Inc,"Psycheceutical Bioscience, Inc.",Common Stock,0.91,apply_twelvedata_name_identifier_supported,identifier,local_figi_match,BBG000QX54Z6,BBG000QX54Z6,batch_a_us_core,Twelve Data source adjudication apply-ready name update: OpenFIGI supports Twelve Data name; FIGI relation=local_figi_match. decision=apply_twelvedata_name_identifier_supported; evidence_tier=identifier; figi_relation=local_figi_match; review_batch=batch_a_us_core.
OTC::CAAOF,CAAOF,OTC,Cannabis One Holdings Inc,Indvr Brands Inc.,Common Stock,0.91,apply_twelvedata_name_identifier_supported,identifier,local_figi_match,BBG00NGMNGJ2,BBG00NGMNGJ2,batch_a_us_core,Twelve Data source adjudication apply-ready name update: OpenFIGI supports Twelve Data name; FIGI relation=local_figi_match. decision=apply_twelvedata_name_identifier_supported; evidence_tier=identifier; figi_relation=local_figi_match; review_batch=batch_a_us_core.
OTC::CANN,CANN,OTC,TREES Corp (Colorado),Trees Corporation,Common Stock,0.91,apply_twelvedata_name_identifier_supported,identifier,local_figi_match,BBG001Y5Y0T9,BBG001Y5Y0T9,batch_a_us_core,Twelve Data source adjudication apply-ready name update: OpenFIGI supports Twelve Data name; FIGI relation=local_figi_match. decision=apply_twelvedata_name_identifier_supported; evidence_tier=identifier; figi_relation=local_figi_match; review_batch=batch_a_us_core.
OTC::CAZGF,CAZGF,OTC,Catapult Group International Limited,Catapult Sports Ltd,Common Stock,0.91,apply_twelvedata_name_identifier_supported,identifier,local_figi_match,BBG009LCY397,BBG009LCY397,batch_a_us_core,Twelve Data source adjudication apply-ready name update: OpenFIGI supports Twelve Data name; FIGI relation=local_figi_match. decision=apply_twelvedata_name_identifier_supported; evidence_tier=identifier; figi_relation=local_figi_match; review_batch=batch_a_us_core.
OTC::CCFLU,CCFLU,OTC,Community Choice Financial Holdings LLC,CCF Holdings LLC,Common Stock,0.91,apply_twelvedata_name_identifier_supported,identifier,local_figi_match,BBG00MTNC979,BBG00MTNC979,batch_a_us_core,Twelve Data source adjudication apply-ready name update: OpenFIGI supports Twelve Data name; FIGI relation=local_figi_match. decision=apply_twelvedata_name_identifier_supported; evidence_tier=identifier; figi_relation=local_figi_match; review_batch=batch_a_us_core.
OTC::CHNO,CHNO,OTC,Chill N Out Cryotherapy Inc,"Classworx, Inc.",Common Stock,0.91,apply_twelvedata_name_identifier_supported,identifier,local_figi_match,BBG000BJR8T7,BBG000BJR8T7,batch_a_us_core,Twelve Data source adjudication apply-ready name update: OpenFIGI supports Twelve Data name; FIGI relation=local_figi_match. decision=apply_twelvedata_name_identifier_supported; evidence_tier=identifier; figi_relation=local_figi_match; review_batch=batch_a_us_core.
OTC::CHSH,CHSH,OTC,Eatware Inc,"China Shoe Holdings, Inc.",Common Stock,0.91,apply_twelvedata_name_identifier_supported,identifier,local_figi_match,BBG000R5G3R5,BBG000R5G3R5,batch_a_us_core,Twelve Data source adjudication apply-ready name update: OpenFIGI supports Twelve Data name; FIGI relation=local_figi_match. decision=apply_twelvedata_name_identifier_supported; evidence_tier=identifier; figi_relation=local_figi_match; review_batch=batch_a_us_core.
OTC::CICN,CICN,OTC,Cicero Inc,SMS Alternatives Inc.,Common Stock,0.91,apply_twelvedata_name_identifier_supported,identifier,local_figi_match,BBG000HHS2B6,BBG000HHS2B6,batch_a_us_core,Twelve Data source adjudication apply-ready name update: OpenFIGI supports Twelve Data name; FIGI relation=local_figi_match. decision=apply_twelvedata_name_identifier_supported; evidence_tier=identifier; figi_relation=local_figi_match; review_batch=batch_a_us_core.
OTC::CIPI,CIPI,OTC,Correlate Infrastructure Partners Inc,Correlate Energy Corp,Common Stock,0.91,apply_twelvedata_name_identifier_supported,identifier,local_figi_match,BBG000C2QLJ6,BBG000C2QLJ6,batch_a_us_core,Twelve Data source adjudication apply-ready name update: OpenFIGI supports Twelve Data name; FIGI relation=local_figi_match. decision=apply_twelvedata_name_identifier_supported; evidence_tier=identifier; figi_relation=local_figi_match; review_batch=batch_a_us_core.
OTC::CLUS,CLUS,OTC,Cluster Group Holdings Ltd Co,"China Teletech Holding, Inc.",Common Stock,0.91,apply_twelvedata_name_identifier_supported,identifier,local_figi_match,BBG000P7G4K8,BBG000P7G4K8,batch_a_us_core,Twelve Data source adjudication apply-ready name update: OpenFIGI supports Twelve Data name; FIGI relation=local_figi_match. decision=apply_twelvedata_name_identifier_supported; evidence_tier=identifier; figi_relation=local_figi_match; review_batch=batch_a_us_core.
OTC::CMIM,CMIM,OTC,China Health Care Corp,Changming Industrial Management Co. Ltd.,Common Stock,0.91,apply_twelvedata_name_identifier_supported,identifier,local_figi_match,BBG000QB5Z94,BBG000QB5Z94,batch_a_us_core,Twelve Data source adjudication apply-ready name update: OpenFIGI supports Twelve Data name; FIGI relation=local_figi_match. decision=apply_twelvedata_name_identifier_supported; evidence_tier=identifier; figi_relation=local_figi_match; review_batch=batch_a_us_core.
OTC::COFE,COFE,OTC,Coffeesmiths Collective Inc,Coffee Inc.,Common Stock,0.91,apply_twelvedata_name_identifier_supported,identifier,local_figi_match,BBG007F9SG66,BBG007F9SG66,batch_a_us_core,Twelve Data source adjudication apply-ready name update: OpenFIGI supports Twelve Data name; FIGI relation=local_figi_match. decision=apply_twelvedata_name_identifier_supported; evidence_tier=identifier; figi_relation=local_figi_match; review_batch=batch_a_us_core.
OTC::CVWFF,CVWFF,OTC,CVW CleanTech Inc,CVW Sustainable Royalties Inc.,Common Stock,0.91,apply_twelvedata_name_identifier_supported,identifier,local_figi_match,BBG000CFBTN1,BBG000CFBTN1,batch_a_us_core,Twelve Data source adjudication apply-ready name update: OpenFIGI supports Twelve Data name; FIGI relation=local_figi_match. decision=apply_twelvedata_name_identifier_supported; evidence_tier=identifier; figi_relation=local_figi_match; review_batch=batch_a_us_core.
OTC::DRWN,DRWN,OTC,Quantum Medical Transport Inc,A Clean Slate Inc.,Common Stock,0.91,apply_twelvedata_name_identifier_supported,identifier,local_figi_match,BBG000L58KQ3,BBG000L58KQ3,batch_a_us_core,Twelve Data source adjudication apply-ready name update: OpenFIGI supports Twelve Data name; FIGI relation=local_figi_match. decision=apply_twelvedata_name_identifier_supported; evidence_tier=identifier; figi_relation=local_figi_match; review_batch=batch_a_us_core.
OTC::EBODF,EBODF,OTC,Renewable Energy Trade Board Corp,New Energy Exchange Ltd.,Common Stock,0.91,apply_twelvedata_name_identifier_supported,identifier,local_figi_match,BBG000BMD9R5,BBG000BMD9R5,batch_a_us_core,Twelve Data source adjudication apply-ready name update: OpenFIGI supports Twelve Data name; FIGI relation=local_figi_match. decision=apply_twelvedata_name_identifier_supported; evidence_tier=identifier; figi_relation=local_figi_match; review_batch=batch_a_us_core.
OTC::EEMMF,EEMMF,OTC,E3 Metals Corp,E3 Lithium Ltd.,Common Stock,0.91,apply_twelvedata_name_identifier_supported,identifier,local_figi_match,BBG00GXFPFS3,BBG00GXFPFS3,batch_a_us_core,Twelve Data source adjudication apply-ready name update: OpenFIGI supports Twelve Data name; FIGI relation=local_figi_match. decision=apply_twelvedata_name_identifier_supported; evidence_tier=identifier; figi_relation=local_figi_match; review_batch=batch_a_us_core.
OTC::EGRNF,EGRNF,OTC,EGRNF,China Evergrande Group,Common Stock,0.91,apply_twelvedata_name_identifier_supported,identifier,local_figi_match,BBG000WB0K95,BBG000WB0K95,batch_a_us_core,Twelve Data source adjudication apply-ready name update: OpenFIGI supports Twelve Data name; FIGI relation=local_figi_match. decision=apply_twelvedata_name_identifier_supported; evidence_tier=identifier; figi_relation=local_figi_match; review_batch=batch_a_us_core.
OTC::ELNX,ELNX,OTC,Aperture Health Inc,Elinx Corp.,Common Stock,0.91,apply_twelvedata_name_identifier_supported,identifier,local_figi_match,BBG000BDXRV8,BBG000BDXRV8,batch_a_us_core,Twelve Data source adjudication apply-ready name update: OpenFIGI supports Twelve Data name; FIGI relation=local_figi_match. decision=apply_twelvedata_name_identifier_supported; evidence_tier=identifier; figi_relation=local_figi_match; review_batch=batch_a_us_core.
OTC::EMMS,EMMS,OTC,Emmis Communications Corp,Emmis Corporation,Common Stock,0.91,apply_twelvedata_name_identifier_supported,identifier,local_figi_match,BBG000B9YHW7,BBG000B9YHW7,batch_a_us_core,Twelve Data source adjudication apply-ready name update: OpenFIGI supports Twelve Data name; FIGI relation=local_figi_match. decision=apply_twelvedata_name_identifier_supported; evidence_tier=identifier; figi_relation=local_figi_match; review_batch=batch_a_us_core.
OTC::EQLB,EQLB,OTC,Eq Energy Drink Inc,Eq Labs Inc.,Common Stock,0.91,apply_twelvedata_name_identifier_supported,identifier,local_figi_match,BBG000BG9190,BBG000BG9190,batch_a_us_core,Twelve Data source adjudication apply-ready name update: OpenFIGI supports Twelve Data name; FIGI relation=local_figi_match. decision=apply_twelvedata_name_identifier_supported; evidence_tier=identifier; figi_relation=local_figi_match; review_batch=batch_a_us_core.
OTC::ESTRF,ESTRF,OTC,Estre USA Inc Class A,Estre Ambiental Inc.,Common Stock,0.91,apply_twelvedata_name_identifier_supported,identifier,local_figi_match,BBG00HS81HX9,BBG00HS81HX9,batch_a_us_core,Twelve Data source adjudication apply-ready name update: OpenFIGI supports Twelve Data name; FIGI relation=local_figi_match. decision=apply_twelvedata_name_identifier_supported; evidence_tier=identifier; figi_relation=local_figi_match; review_batch=batch_a_us_core.
OTC::ETNI,ETNI,OTC,Entest Biomedical Inc,Entest Group Inc.,Common Stock,0.91,apply_twelvedata_name_identifier_supported,identifier,local_figi_match,BBG000BZ1WG0,BBG000BZ1WG0,batch_a_us_core,Twelve Data source adjudication apply-ready name update: OpenFIGI supports Twelve Data name; FIGI relation=local_figi_match. decision=apply_twelvedata_name_identifier_supported; evidence_tier=identifier; figi_relation=local_figi_match; review_batch=batch_a_us_core.
OTC::EUEMF,EUEMF,OTC,European Energy Metals Corp.,Grit Metals Corp.,Common Stock,0.91,apply_twelvedata_name_identifier_supported,identifier,local_figi_match,BBG01GSFZPX9,BBG01GSFZPX9,batch_a_us_core,Twelve Data source adjudication apply-ready name update: OpenFIGI supports Twelve Data name; FIGI relation=local_figi_match. decision=apply_twelvedata_name_identifier_supported; evidence_tier=identifier; figi_relation=local_figi_match; review_batch=batch_a_us_core.
OTC::EVSP,EVSP,OTC,Environmental Service Professionals Inc,Glas-Aire Industries Group Ltd.,Common Stock,0.91,apply_twelvedata_name_identifier_supported,identifier,local_figi_match,BBG000GPSNG8,BBG000GPSNG8,batch_a_us_core,Twelve Data source adjudication apply-ready name update: OpenFIGI supports Twelve Data name; FIGI relation=local_figi_match. decision=apply_twelvedata_name_identifier_supported; evidence_tier=identifier; figi_relation=local_figi_match; review_batch=batch_a_us_core.
OTC::EXLA,EXLA,OTC,Helmer Directional,Exla Resources Inc.,Common Stock,0.91,apply_twelvedata_name_identifier_supported,identifier,local_figi_match,BBG000TC89T2,BBG000TC89T2,batch_a_us_core,Twelve Data source adjudication apply-ready name update: OpenFIGI supports Twelve Data name; FIGI relation=local_figi_match. decision=apply_twelvedata_name_identifier_supported; evidence_tier=identifier; figi_relation=local_figi_match; review_batch=batch_a_us_core.
OTC::EXSR,EXSR,OTC,Exchange Bank,Exchange Bank of Santa Rosa California,Common Stock,0.91,apply_twelvedata_name_identifier_supported,identifier,local_figi_match,BBG000BHWS66,BBG000BHWS66,batch_a_us_core,Twelve Data source adjudication apply-ready name update: OpenFIGI supports Twelve Data name; FIGI relation=local_figi_match. decision=apply_twelvedata_name_identifier_supported; evidence_tier=identifier; figi_relation=local_figi_match; review_batch=batch_a_us_core.
OTC::FDVA,FDVA,OTC,Freedom Bank of Virginia,"Freedom Financial Holdings, Inc.",Common Stock,0.91,apply_twelvedata_name_identifier_supported,identifier,local_figi_match,BBG0136JP060,BBG0136JP060,batch_a_us_core,Twelve Data source adjudication apply-ready name update: OpenFIGI supports Twelve Data name; FIGI relation=local_figi_match. decision=apply_twelvedata_name_identifier_supported; evidence_tier=identifier; figi_relation=local_figi_match; review_batch=batch_a_us_core.
OTC::FPBC,FPBC,OTC,Friendly Hills Bancorp,First Pacific Bancorp Inc.,Common Stock,0.91,apply_twelvedata_name_identifier_supported,identifier,local_figi_match,BBG0123NKQ64,BBG0123NKQ64,batch_a_us_core,Twelve Data source adjudication apply-ready name update: OpenFIGI supports Twelve Data name; FIGI relation=local_figi_match. decision=apply_twelvedata_name_identifier_supported; evidence_tier=identifier; figi_relation=local_figi_match; review_batch=batch_a_us_core.
OTC::FSUMF,FSUMF,OTC,Fortescue Metals Group Ltd,Fortescue Ltd,Common Stock,0.91,apply_twelvedata_name_identifier_supported,identifier,local_figi_match,BBG000PFS5K4,BBG000PFS5K4,batch_a_us_core,Twelve Data source adjudication apply-ready name update: OpenFIGI supports Twelve Data name; FIGI relation=local_figi_match. decision=apply_twelvedata_name_identifier_supported; evidence_tier=identifier; figi_relation=local_figi_match; review_batch=batch_a_us_core.
OTC::GCWOF,GCWOF,OTC,Grupo Cementos de Chihuahua S.A.B. de C.V,"GCC, S.A.B. de C.V.",Common Stock,0.91,apply_twelvedata_name_identifier_supported,identifier,local_figi_match,BBG000BVPJ81,BBG000BVPJ81,batch_a_us_core,Twelve Data source adjudication apply-ready name update: OpenFIGI supports Twelve Data name; FIGI relation=local_figi_match. decision=apply_twelvedata_name_identifier_supported; evidence_tier=identifier; figi_relation=local_figi_match; review_batch=batch_a_us_core.
OTC::GDMIF,GDMIF,OTC,Goldstar Minerals Inc,Green Mining Innovation Inc.,Common Stock,0.91,apply_twelvedata_name_identifier_supported,identifier,local_figi_match,BBG00KXH72D5,BBG00KXH72D5,batch_a_us_core,Twelve Data source adjudication apply-ready name update: OpenFIGI supports Twelve Data name; FIGI relation=local_figi_match. decision=apply_twelvedata_name_identifier_supported; evidence_tier=identifier; figi_relation=local_figi_match; review_batch=batch_a_us_core.
OTC::GEGR,GEGR,OTC,National Health Scan,Gaensel Energy Group Inc.,Common Stock,0.91,apply_twelvedata_name_identifier_supported,identifier,local_figi_match,BBG000C0YH00,BBG000C0YH00,batch_a_us_core,Twelve Data source adjudication apply-ready name update: OpenFIGI supports Twelve Data name; FIGI relation=local_figi_match. decision=apply_twelvedata_name_identifier_supported; evidence_tier=identifier; figi_relation=local_figi_match; review_batch=batch_a_us_core.
OTC::GMEV,GMEV,OTC,Great China Mania Holdings Inc,GME Innotainment Inc.,Common Stock,0.91,apply_twelvedata_name_identifier_supported,identifier,local_figi_match,BBG000RGR0Z6,BBG000RGR0Z6,batch_a_us_core,Twelve Data source adjudication apply-ready name update: OpenFIGI supports Twelve Data name; FIGI relation=local_figi_match. decision=apply_twelvedata_name_identifier_supported; evidence_tier=identifier; figi_relation=local_figi_match; review_batch=batch_a_us_core.
OTC::GOOLF,GOOLF,OTC,Aquarius AI Inc,P2Earn Inc.,Common Stock,0.91,apply_twelvedata_name_identifier_supported,identifier,local_figi_match,BBG00MQ2XHV0,BBG00MQ2XHV0,batch_a_us_core,Twelve Data source adjudication apply-ready name update: OpenFIGI supports Twelve Data name; FIGI relation=local_figi_match. decision=apply_twelvedata_name_identifier_supported; evidence_tier=identifier; figi_relation=local_figi_match; review_batch=batch_a_us_core.
OTC::GRPS,GRPS,OTC,"Trans American Aquaculture, Inc",Gold River Productions Inc.,Common Stock,0.91,apply_twelvedata_name_identifier_supported,identifier,local_figi_match,BBG000J403M9,BBG000J403M9,batch_a_us_core,Twelve Data source adjudication apply-ready name update: OpenFIGI supports Twelve Data name; FIGI relation=local_figi_match. decision=apply_twelvedata_name_identifier_supported; evidence_tier=identifier; figi_relation=local_figi_match; review_batch=batch_a_us_core.
OTC::GSTC,GSTC,OTC,AngioSoma Inc,Globestar Therapeutics Corp.,Common Stock,0.91,apply_twelvedata_name_identifier_supported,identifier,local_figi_match,BBG001PR6FP3,BBG001PR6FP3,batch_a_us_core,Twelve Data source adjudication apply-ready name update: OpenFIGI supports Twelve Data name; FIGI relation=local_figi_match. decision=apply_twelvedata_name_identifier_supported; evidence_tier=identifier; figi_relation=local_figi_match; review_batch=batch_a_us_core.
OTC::GULTU,GULTU,OTC,Gulf Coast,Gulf Coast Ultra Deep Royalty Trust,Common Stock,0.91,apply_twelvedata_name_identifier_supported,identifier,local_figi_match,BBG004N1KV84,BBG004N1KV84,batch_a_us_core,Twelve Data source adjudication apply-ready name update: OpenFIGI supports Twelve Data name; FIGI relation=local_figi_match. decision=apply_twelvedata_name_identifier_supported; evidence_tier=identifier; figi_relation=local_figi_match; review_batch=batch_a_us_core.
OTC::HENC,HENC,OTC,Holloman Energy Corp,Hero Technologies Inc.,Common Stock,0.91,apply_twelvedata_name_identifier_supported,identifier,local_figi_match,BBG000QJ00C5,BBG000QJ00C5,batch_a_us_core,Twelve Data source adjudication apply-ready name update: OpenFIGI supports Twelve Data name; FIGI relation=local_figi_match. decision=apply_twelvedata_name_identifier_supported; evidence_tier=identifier; figi_relation=local_figi_match; review_batch=batch_a_us_core.
OTC::IBKKF,IBKKF,OTC,iMining Blockchain and Cryptocurrency Inc,iMining Technologies Inc.,Common Stock,0.91,apply_twelvedata_name_identifier_supported,identifier,local_figi_match,BBG00LGDXP41,BBG00LGDXP41,batch_a_us_core,Twelve Data source adjudication apply-ready name update: OpenFIGI supports Twelve Data name; FIGI relation=local_figi_match. decision=apply_twelvedata_name_identifier_supported; evidence_tier=identifier; figi_relation=local_figi_match; review_batch=batch_a_us_core.
OTC::ICGUF,ICGUF,OTC,Intermediate Capital Group PLC,ICG plc,Common Stock,0.91,apply_twelvedata_name_identifier_supported,identifier,local_figi_match,BBG000PRX9C3,BBG000PRX9C3,batch_a_us_core,Twelve Data source adjudication apply-ready name update: OpenFIGI supports Twelve Data name; FIGI relation=local_figi_match. decision=apply_twelvedata_name_identifier_supported; evidence_tier=identifier; figi_relation=local_figi_match; review_batch=batch_a_us_core.
OTC::IGLDF,IGLDF,OTC,Internet Gold Golden Lines Ltd,Golden Energy Power Ltd,Common Stock,0.91,apply_twelvedata_name_identifier_supported,identifier,local_figi_match,BBG000BPZX82,BBG000BPZX82,batch_a_us_core,Twelve Data source adjudication apply-ready name update: OpenFIGI supports Twelve Data name; FIGI relation=local_figi_match. decision=apply_twelvedata_name_identifier_supported; evidence_tier=identifier; figi_relation=local_figi_match; review_batch=batch_a_us_core.
OTC::ILXP,ILXP,OTC,ECOMINAS CORP.,International Luxury Product Inc.,Common Stock,0.91,apply_twelvedata_name_identifier_supported,identifier,local_figi_match,BBG000C75T10,BBG000C75T10,batch_a_us_core,Twelve Data source adjudication apply-ready name update: OpenFIGI supports Twelve Data name; FIGI relation=local_figi_match. decision=apply_twelvedata_name_identifier_supported; evidence_tier=identifier; figi_relation=local_figi_match; review_batch=batch_a_us_core.
OTC::IMTH,IMTH,OTC,Fresh Harvest Products Inc,Innovative Medtech Inc.,Common Stock,0.91,apply_twelvedata_name_identifier_supported,identifier,local_figi_match,BBG000R92LY4,BBG000R92LY4,batch_a_us_core,Twelve Data source adjudication apply-ready name update: OpenFIGI supports Twelve Data name; FIGI relation=local_figi_match. decision=apply_twelvedata_name_identifier_supported; evidence_tier=identifier; figi_relation=local_figi_match; review_batch=batch_a_us_core.
OTC::IVST,IVST,OTC,Aurum Resource and Asset Management Inc,Innovest Global Inc.,Common Stock,0.91,apply_twelvedata_name_identifier_supported,identifier,local_figi_match,BBG000QH38X6,BBG000QH38X6,batch_a_us_core,Twelve Data source adjudication apply-ready name update: OpenFIGI supports Twelve Data name; FIGI relation=local_figi_match. decision=apply_twelvedata_name_identifier_supported; evidence_tier=identifier; figi_relation=local_figi_match; review_batch=batch_a_us_core.
OTC::LGLOF,LGLOF,OTC,Link Global Technologies Inc,Green Block Mining Corp.,Common Stock,0.91,apply_twelvedata_name_identifier_supported,identifier,local_figi_match,BBG00RLWT8D3,BBG00RLWT8D3,batch_a_us_core,Twelve Data source adjudication apply-ready name update: OpenFIGI supports Twelve Data name; FIGI relation=local_figi_match. decision=apply_twelvedata_name_identifier_supported; evidence_tier=identifier; figi_relation=local_figi_match; review_batch=batch_a_us_core.
OTC::LMMFF,LMMFF,OTC,Lithium Australia NL,Livium Ltd.,Common Stock,0.91,apply_twelvedata_name_identifier_supported,identifier,local_figi_match,BBG00CJZ7HW5,BBG00CJZ7HW5,batch_a_us_core,Twelve Data source adjudication apply-ready name update: OpenFIGI supports Twelve Data name; FIGI relation=local_figi_match. decision=apply_twelvedata_name_identifier_supported; evidence_tier=identifier; figi_relation=local_figi_match; review_batch=batch_a_us_core.
OTC::LNXGF,LNXGF,OTC,Linux Gold Corp,0187279 BC Ltd.,Common Stock,0.91,apply_twelvedata_name_identifier_supported,identifier,local_figi_match,BBG000LS5PP6,BBG000LS5PP6,batch_a_us_core,Twelve Data source adjudication apply-ready name update: OpenFIGI supports Twelve Data name; FIGI relation=local_figi_match. decision=apply_twelvedata_name_identifier_supported; evidence_tier=identifier; figi_relation=local_figi_match; review_batch=batch_a_us_core.
OTC::LXGTF,LXGTF,OTC,Registered Plan Private Investments Inc,Lexington Biosciences Inc.,Common Stock,0.91,apply_twelvedata_name_identifier_supported,identifier,local_figi_match,BBG00GVMBNH0,BBG00GVMBNH0,batch_a_us_core,Twelve Data source adjudication apply-ready name update: OpenFIGI supports Twelve Data name; FIGI relation=local_figi_match. decision=apply_twelvedata_name_identifier_supported; evidence_tier=identifier; figi_relation=local_figi_match; review_batch=batch_a_us_core.
OTC::MAJI,MAJI,OTC,Nextel Medical Corp.,Marijuana Inc.,Common Stock,0.91,apply_twelvedata_name_identifier_supported,identifier,local_figi_match,BBG001CMFL48,BBG001CMFL48,batch_a_us_core,Twelve Data source adjudication apply-ready name update: OpenFIGI supports Twelve Data name; FIGI relation=local_figi_match. decision=apply_twelvedata_name_identifier_supported; evidence_tier=identifier; figi_relation=local_figi_match; review_batch=batch_a_us_core.
OTC::MDIN,MDIN,OTC,Northstar Global Business Services Inc,"MedGen, Inc.",Common Stock,0.91,apply_twelvedata_name_identifier_supported,identifier,local_figi_match,BBG000C265F7,BBG000C265F7,batch_a_us_core,Twelve Data source adjudication apply-ready name update: OpenFIGI supports Twelve Data name; FIGI relation=local_figi_match. decision=apply_twelvedata_name_identifier_supported; evidence_tier=identifier; figi_relation=local_figi_match; review_batch=batch_a_us_core.
OTC::MLMC,MLMC,OTC,"FrankSpeech Network, Inc.","Mike Lindell Media, Corp.",Common Stock,0.91,apply_twelvedata_name_identifier_supported,identifier,local_figi_match,BBG000BSRW69,BBG000BSRW69,batch_a_us_core,Twelve Data source adjudication apply-ready name update: OpenFIGI supports Twelve Data name; FIGI relation=local_figi_match. decision=apply_twelvedata_name_identifier_supported; evidence_tier=identifier; figi_relation=local_figi_match; review_batch=batch_a_us_core.
OTC::MMMM,MMMM,OTC,Mineral Mountain Mining & Milling Co,Quad M Solutions Inc.,Common Stock,0.91,apply_twelvedata_name_identifier_supported,identifier,local_figi_match,BBG000BHRV83,BBG000BHRV83,batch_a_us_core,Twelve Data source adjudication apply-ready name update: OpenFIGI supports Twelve Data name; FIGI relation=local_figi_match. decision=apply_twelvedata_name_identifier_supported; evidence_tier=identifier; figi_relation=local_figi_match; review_batch=batch_a_us_core.
OTC::MOPN,MOPN,OTC,JPO Solutions Inc,"MOP Environmental Solutions, Inc.",Common Stock,0.91,apply_twelvedata_name_identifier_supported,identifier,local_figi_match,BBG000QLFJN1,BBG000QLFJN1,batch_a_us_core,Twelve Data source adjudication apply-ready name update: OpenFIGI supports Twelve Data name; FIGI relation=local_figi_match. decision=apply_twelvedata_name_identifier_supported; evidence_tier=identifier; figi_relation=local_figi_match; review_batch=batch_a_us_core.
OTC::MSGP,MSGP,OTC,Kenergy Scientific Inc,Medsmart Group Inc.,Common Stock,0.91,apply_twelvedata_name_identifier_supported,identifier,local_figi_match,BBG000QZ3DZ3,BBG000QZ3DZ3,batch_a_us_core,Twelve Data source adjudication apply-ready name update: OpenFIGI supports Twelve Data name; FIGI relation=local_figi_match. decision=apply_twelvedata_name_identifier_supported; evidence_tier=identifier; figi_relation=local_figi_match; review_batch=batch_a_us_core.
OTC::MZPS,MZPS,OTC,American Environmental Inc,Myzipsoft Inc.,Common Stock,0.91,apply_twelvedata_name_identifier_supported,identifier,local_figi_match,BBG0073F7107,BBG0073F7107,batch_a_us_core,Twelve Data source adjudication apply-ready name update: OpenFIGI supports Twelve Data name; FIGI relation=local_figi_match. decision=apply_twelvedata_name_identifier_supported; evidence_tier=identifier; figi_relation=local_figi_match; review_batch=batch_a_us_core.
OTC::NATKY,NATKY,OTC,JSC National Atomic Company Kazatomprom,NAC Kazatomprom JSC GDR Reg S,Depositary Receipt,0.91,apply_twelvedata_name_identifier_supported,identifier,local_figi_match,BBG01958WTB5,BBG01958WTB5,batch_a_us_core,Twelve Data source adjudication apply-ready name update: OpenFIGI supports Twelve Data name; FIGI relation=local_figi_match. decision=apply_twelvedata_name_identifier_supported; evidence_tier=identifier; figi_relation=local_figi_match; review_batch=batch_a_us_core.
OTC::NFTM,NFTM,OTC,Buildablock Corp.,NFT Marketplace Inc.,Common Stock,0.91,apply_twelvedata_name_identifier_supported,identifier,local_figi_match,BBG000R6H4M5,BBG000R6H4M5,batch_a_us_core,Twelve Data source adjudication apply-ready name update: OpenFIGI supports Twelve Data name; FIGI relation=local_figi_match. decision=apply_twelvedata_name_identifier_supported; evidence_tier=identifier; figi_relation=local_figi_match; review_batch=batch_a_us_core.
OTC::NGHI,NGHI,OTC,"Galenfeha, Inc.",New Green Hemp Inc.,Common Stock,0.91,apply_twelvedata_name_identifier_supported,identifier,local_figi_match,BBG004MB7S21,BBG004MB7S21,batch_a_us_core,Twelve Data source adjudication apply-ready name update: OpenFIGI supports Twelve Data name; FIGI relation=local_figi_match. decision=apply_twelvedata_name_identifier_supported; evidence_tier=identifier; figi_relation=local_figi_match; review_batch=batch_a_us_core.
OTC::NSAV,NSAV,OTC,NSAV Holding Inc,Net Savings Link Inc.,Common Stock,0.91,apply_twelvedata_name_identifier_supported,identifier,local_figi_match,BBG000J407K2,BBG000J407K2,batch_a_us_core,Twelve Data source adjudication apply-ready name update: OpenFIGI supports Twelve Data name; FIGI relation=local_figi_match. decision=apply_twelvedata_name_identifier_supported; evidence_tier=identifier; figi_relation=local_figi_match; review_batch=batch_a_us_core.
OTC::NWAU,NWAU,OTC,Consumer Automotive Finance Inc,NowAuto Inc.,Common Stock,0.91,apply_twelvedata_name_identifier_supported,identifier,local_figi_match,BBG000Q1J686,BBG000Q1J686,batch_a_us_core,Twelve Data source adjudication apply-ready name update: OpenFIGI supports Twelve Data name; FIGI relation=local_figi_match. decision=apply_twelvedata_name_identifier_supported; evidence_tier=identifier; figi_relation=local_figi_match; review_batch=batch_a_us_core.
OTC::OGGFF,OGGFF,OTC,Organic Garage Ltd,Oragin Foods Inc.,Common Stock,0.91,apply_twelvedata_name_identifier_supported,identifier,local_figi_match,BBG00ZJ05V25,BBG00ZJ05V25,batch_a_us_core,Twelve Data source adjudication apply-ready name update: OpenFIGI supports Twelve Data name; FIGI relation=local_figi_match. decision=apply_twelvedata_name_identifier_supported; evidence_tier=identifier; figi_relation=local_figi_match; review_batch=batch_a_us_core.
OTC::OIGLF,OIGLF,OTC,Chariot Oil & Gas Limited,Chariot Ltd,Common Stock,0.91,apply_twelvedata_name_identifier_supported,identifier,local_figi_match,BBG000LHMS48,BBG000LHMS48,batch_a_us_core,Twelve Data source adjudication apply-ready name update: OpenFIGI supports Twelve Data name; FIGI relation=local_figi_match. decision=apply_twelvedata_name_identifier_supported; evidence_tier=identifier; figi_relation=local_figi_match; review_batch=batch_a_us_core.
OTC::PCGR,PCGR,OTC,Personal Care Group Inc,Pc Group Inc.,Common Stock,0.91,apply_twelvedata_name_identifier_supported,identifier,local_figi_match,BBG000BK2QZ4,BBG000BK2QZ4,batch_a_us_core,Twelve Data source adjudication apply-ready name update: OpenFIGI supports Twelve Data name; FIGI relation=local_figi_match. decision=apply_twelvedata_name_identifier_supported; evidence_tier=identifier; figi_relation=local_figi_match; review_batch=batch_a_us_core.
OTC::PMBY,PMBY,OTC,Postd Merchant Banque,Pmb Aerospace Corp,Common Stock,0.91,apply_twelvedata_name_identifier_supported,identifier,local_figi_match,BBG000BM9Y13,BBG000BM9Y13,batch_a_us_core,Twelve Data source adjudication apply-ready name update: OpenFIGI supports Twelve Data name; FIGI relation=local_figi_match. decision=apply_twelvedata_name_identifier_supported; evidence_tier=identifier; figi_relation=local_figi_match; review_batch=batch_a_us_core.
OTC::PNGM,PNGM,OTC,Er Therapeutics Inc,Pengram Corporation,Common Stock,0.91,apply_twelvedata_name_identifier_supported,identifier,local_figi_match,BBG000RKJTC8,BBG000RKJTC8,batch_a_us_core,Twelve Data source adjudication apply-ready name update: OpenFIGI supports Twelve Data name; FIGI relation=local_figi_match. decision=apply_twelvedata_name_identifier_supported; evidence_tier=identifier; figi_relation=local_figi_match; review_batch=batch_a_us_core.
OTC::PRCX,PRCX,OTC,Resort Savers Inc,Phoenix Rising Companies Inc.,Common Stock,0.91,apply_twelvedata_name_identifier_supported,identifier,local_figi_match,BBG004CGM999,BBG004CGM999,batch_a_us_core,Twelve Data source adjudication apply-ready name update: OpenFIGI supports Twelve Data name; FIGI relation=local_figi_match. decision=apply_twelvedata_name_identifier_supported; evidence_tier=identifier; figi_relation=local_figi_match; review_batch=batch_a_us_core.
OTC::PXHI,PXHI,OTC,Phonex Inc,Phonex Holdings Inc.,Common Stock,0.91,apply_twelvedata_name_identifier_supported,identifier,local_figi_match,BBG000QV66N7,BBG000QV66N7,batch_a_us_core,Twelve Data source adjudication apply-ready name update: OpenFIGI supports Twelve Data name; FIGI relation=local_figi_match. decision=apply_twelvedata_name_identifier_supported; evidence_tier=identifier; figi_relation=local_figi_match; review_batch=batch_a_us_core.
OTC::QEPC,QEPC,OTC,QEP Co Inc,Q.E.P. Company Inc.,Common Stock,0.91,apply_twelvedata_name_identifier_supported,identifier,local_figi_match,BBG000F5PGH0,BBG000F5PGH0,batch_a_us_core,Twelve Data source adjudication apply-ready name update: OpenFIGI supports Twelve Data name; FIGI relation=local_figi_match. decision=apply_twelvedata_name_identifier_supported; evidence_tier=identifier; figi_relation=local_figi_match; review_batch=batch_a_us_core.
OTC::RAHGF,RAHGF,OTC,China Lending Corp,"Roan Holdings Group Co., Ltd.",Common Stock,0.91,apply_twelvedata_name_identifier_supported,identifier,local_figi_match,BBG007DJNG43,BBG007DJNG43,batch_a_us_core,Twelve Data source adjudication apply-ready name update: OpenFIGI supports Twelve Data name; FIGI relation=local_figi_match. decision=apply_twelvedata_name_identifier_supported; evidence_tier=identifier; figi_relation=local_figi_match; review_batch=batch_a_us_core.
OTC::RASP,RASP,OTC,Rasna Therapeutics Inc,Actavia Life Sciences Inc.,Common Stock,0.91,apply_twelvedata_name_identifier_supported,identifier,local_figi_match,BBG005846V15,BBG005846V15,batch_a_us_core,Twelve Data source adjudication apply-ready name update: OpenFIGI supports Twelve Data name; FIGI relation=local_figi_match. decision=apply_twelvedata_name_identifier_supported; evidence_tier=identifier; figi_relation=local_figi_match; review_batch=batch_a_us_core.
OTC::RBII,RBII,OTC,Rising India Inc,Rising Biosciences Inc.,Common Stock,0.91,apply_twelvedata_name_identifier_supported,identifier,local_figi_match,BBG000BW21M7,BBG000BW21M7,batch_a_us_core,Twelve Data source adjudication apply-ready name update: OpenFIGI supports Twelve Data name; FIGI relation=local_figi_match. decision=apply_twelvedata_name_identifier_supported; evidence_tier=identifier; figi_relation=local_figi_match; review_batch=batch_a_us_core.
OTC::RCCMF,RCCMF,OTC,Nippon Dragon Resources Inc,G.E.T.T. Gold Inc.,Common Stock,0.91,apply_twelvedata_name_identifier_supported,identifier,local_figi_match,BBG000H6HMQ2,BBG000H6HMQ2,batch_a_us_core,Twelve Data source adjudication apply-ready name update: OpenFIGI supports Twelve Data name; FIGI relation=local_figi_match. decision=apply_twelvedata_name_identifier_supported; evidence_tier=identifier; figi_relation=local_figi_match; review_batch=batch_a_us_core.
OTC::RSKIA,RSKIA,OTC,Risk George Inds A,George Risk Industries Inc.,Common Stock,0.91,apply_twelvedata_name_identifier_supported,identifier,local_figi_match,BBG000BS6641,BBG000BS6641,batch_a_us_core,Twelve Data source adjudication apply-ready name update: OpenFIGI supports Twelve Data name; FIGI relation=local_figi_match. decision=apply_twelvedata_name_identifier_supported; evidence_tier=identifier; figi_relation=local_figi_match; review_batch=batch_a_us_core.
OTC::SCRSF,SCRSF,OTC,ScreenPro Security Inc,Justera Health Ltd.,Common Stock,0.91,apply_twelvedata_name_identifier_supported,identifier,local_figi_match,BBG0112JCQV7,BBG0112JCQV7,batch_a_us_core,Twelve Data source adjudication apply-ready name update: OpenFIGI supports Twelve Data name; FIGI relation=local_figi_match. decision=apply_twelvedata_name_identifier_supported; evidence_tier=identifier; figi_relation=local_figi_match; review_batch=batch_a_us_core.
OTC::SECYF,SECYF,OTC,Secure Energy Services Inc,Secure Waste Infrastructure Corp.,Common Stock,0.91,apply_twelvedata_name_identifier_supported,identifier,local_figi_match,BBG0015CS0M0,BBG0015CS0M0,batch_a_us_core,Twelve Data source adjudication apply-ready name update: OpenFIGI supports Twelve Data name; FIGI relation=local_figi_match. decision=apply_twelvedata_name_identifier_supported; evidence_tier=identifier; figi_relation=local_figi_match; review_batch=batch_a_us_core.
OTC::SNEJF,SNEJF,OTC,Sony Corp,Sony Group Corporation,Common Stock,0.91,apply_twelvedata_name_identifier_supported,identifier,local_figi_match,BBG000KBRKP1,BBG000KBRKP1,batch_a_us_core,Twelve Data source adjudication apply-ready name update: OpenFIGI supports Twelve Data name; FIGI relation=local_figi_match. decision=apply_twelvedata_name_identifier_supported; evidence_tier=identifier; figi_relation=local_figi_match; review_batch=batch_a_us_core.
OTC::SPRQF,SPRQF,OTC,SPARQ Corp.,Sparq Systems Inc.,Common Stock,0.91,apply_twelvedata_name_identifier_supported,identifier,local_figi_match,BBG017TGG1H8,BBG017TGG1H8,batch_a_us_core,Twelve Data source adjudication apply-ready name update: OpenFIGI supports Twelve Data name; FIGI relation=local_figi_match. decision=apply_twelvedata_name_identifier_supported; evidence_tier=identifier; figi_relation=local_figi_match; review_batch=batch_a_us_core.
OTC::SRWRF,SRWRF,OTC,SolarWorld Aktiengesellschaft,SolarWorld AG,Common Stock,0.91,apply_twelvedata_name_identifier_supported,identifier,local_figi_match,BBG000C8NT27,BBG000C8NT27,batch_a_us_core,Twelve Data source adjudication apply-ready name update: OpenFIGI supports Twelve Data name; FIGI relation=local_figi_match. decision=apply_twelvedata_name_identifier_supported; evidence_tier=identifier; figi_relation=local_figi_match; review_batch=batch_a_us_core.
OTC::SSRSF,SSRSF,OTC,Silver Sands Resources Corp,Miravalles Gold Corp.,Common Stock,0.91,apply_twelvedata_name_identifier_supported,identifier,local_figi_match,BBG00W1P3NS8,BBG00W1P3NS8,batch_a_us_core,Twelve Data source adjudication apply-ready name update: OpenFIGI supports Twelve Data name; FIGI relation=local_figi_match. decision=apply_twelvedata_name_identifier_supported; evidence_tier=identifier; figi_relation=local_figi_match; review_batch=batch_a_us_core.
OTC::STBK,STBK,OTC,Studio Bank,Studio Financial Holdings Inc.,Common Stock,0.91,apply_twelvedata_name_identifier_supported,identifier,local_figi_match,BBG0186CWP34,BBG0186CWP34,batch_a_us_core,Twelve Data source adjudication apply-ready name update: OpenFIGI supports Twelve Data name; FIGI relation=local_figi_match. decision=apply_twelvedata_name_identifier_supported; evidence_tier=identifier; figi_relation=local_figi_match; review_batch=batch_a_us_core.
OTC::SVTNF,SVTNF,OTC,Silverton Metals Corp,Lodestar Metals Corp.,Common Stock,0.91,apply_twelvedata_name_identifier_supported,identifier,local_figi_match,BBG010FYLVP8,BBG010FYLVP8,batch_a_us_core,Twelve Data source adjudication apply-ready name update: OpenFIGI supports Twelve Data name; FIGI relation=local_figi_match. decision=apply_twelvedata_name_identifier_supported; evidence_tier=identifier; figi_relation=local_figi_match; review_batch=batch_a_us_core.
OTC::SVXA,SVXA,OTC,Historic Discoveries Inc,"Sovereign Exploration Associates, Inc.",Common Stock,0.91,apply_twelvedata_name_identifier_supported,identifier,local_figi_match,BBG000MS6783,BBG000MS6783,batch_a_us_core,Twelve Data source adjudication apply-ready name update: OpenFIGI supports Twelve Data name; FIGI relation=local_figi_match. decision=apply_twelvedata_name_identifier_supported; evidence_tier=identifier; figi_relation=local_figi_match; review_batch=batch_a_us_core.
OTC::TESI,TESI,OTC,Tangram Enterprise Solutions Inc,Titan Environmental Solutions Inc.,Common Stock,0.91,apply_twelvedata_name_identifier_supported,identifier,local_figi_match,BBG01KZM7T33,BBG01KZM7T33,batch_a_us_core,Twelve Data source adjudication apply-ready name update: OpenFIGI supports Twelve Data name; FIGI relation=local_figi_match. decision=apply_twelvedata_name_identifier_supported; evidence_tier=identifier; figi_relation=local_figi_match; review_batch=batch_a_us_core.
OTC::THER,THER,OTC,Therasense Inc,Theralink Technologies Inc.,Common Stock,0.91,apply_twelvedata_name_identifier_supported,identifier,local_figi_match,BBG000R20SB1,BBG000R20SB1,batch_a_us_core,Twelve Data source adjudication apply-ready name update: OpenFIGI supports Twelve Data name; FIGI relation=local_figi_match. decision=apply_twelvedata_name_identifier_supported; evidence_tier=identifier; figi_relation=local_figi_match; review_batch=batch_a_us_core.
OTC::TMMI,TMMI,OTC,T M M Inc New,TMM Inc.,Common Stock,0.91,apply_twelvedata_name_identifier_supported,identifier,local_figi_match,BBG000DCGPH7,BBG000DCGPH7,batch_a_us_core,Twelve Data source adjudication apply-ready name update: OpenFIGI supports Twelve Data name; FIGI relation=local_figi_match. decision=apply_twelvedata_name_identifier_supported; evidence_tier=identifier; figi_relation=local_figi_match; review_batch=batch_a_us_core.
OTC::TORVF,TORVF,OTC,Saint Jean Carbon Inc,Volt Carbon Technologies Inc.,Common Stock,0.91,apply_twelvedata_name_identifier_supported,identifier,local_figi_match,BBG000GRG7R0,BBG000GRG7R0,batch_a_us_core,Twelve Data source adjudication apply-ready name update: OpenFIGI supports Twelve Data name; FIGI relation=local_figi_match. decision=apply_twelvedata_name_identifier_supported; evidence_tier=identifier; figi_relation=local_figi_match; review_batch=batch_a_us_core.
OTC::TVOG,TVOG,OTC,Turner Venture Group Inc,Turner Valley Oil & Gas Inc.,Common Stock,0.91,apply_twelvedata_name_identifier_supported,identifier,local_figi_match,BBG000BVCPN4,BBG000BVCPN4,batch_a_us_core,Twelve Data source adjudication apply-ready name update: OpenFIGI supports Twelve Data name; FIGI relation=local_figi_match. decision=apply_twelvedata_name_identifier_supported; evidence_tier=identifier; figi_relation=local_figi_match; review_batch=batch_a_us_core.
OTC::TYCB,TYCB,OTC,Taylor Calvin B Bksh,"Calvin B. Taylor Bankshares, Inc.",Common Stock,0.91,apply_twelvedata_name_identifier_supported,identifier,local_figi_match,BBG000BJ1Q15,BBG000BJ1Q15,batch_a_us_core,Twelve Data source adjudication apply-ready name update: OpenFIGI supports Twelve Data name; FIGI relation=local_figi_match. decision=apply_twelvedata_name_identifier_supported; evidence_tier=identifier; figi_relation=local_figi_match; review_batch=batch_a_us_core.
OTC::VLTLF,VLTLF,OTC,Volt Lithium Corp.,LibertyStream Infrastructure Partners Inc.,Common Stock,0.91,apply_twelvedata_name_identifier_supported,identifier,local_figi_match,BBG000F67C69,BBG000F67C69,batch_a_us_core,Twelve Data source adjudication apply-ready name update: OpenFIGI supports Twelve Data name; FIGI relation=local_figi_match. decision=apply_twelvedata_name_identifier_supported; evidence_tier=identifier; figi_relation=local_figi_match; review_batch=batch_a_us_core.
OTC::VYEY,VYEY,OTC,Victory Energy Corp,Victory Oilfield Tech Inc.,Common Stock,0.91,apply_twelvedata_name_identifier_supported,identifier,local_figi_match,BBG000DQK6S1,BBG000DQK6S1,batch_a_us_core,Twelve Data source adjudication apply-ready name update: OpenFIGI supports Twelve Data name; FIGI relation=local_figi_match. decision=apply_twelvedata_name_identifier_supported; evidence_tier=identifier; figi_relation=local_figi_match; review_batch=batch_a_us_core.
OTC::VYRE,VYRE,OTC,CABO VERDE CAPITAL INC.,VYRE Network,Common Stock,0.91,apply_twelvedata_name_identifier_supported,identifier,local_figi_match,BBG000GNQJH3,BBG000GNQJH3,batch_a_us_core,Twelve Data source adjudication apply-ready name update: OpenFIGI supports Twelve Data name; FIGI relation=local_figi_match. decision=apply_twelvedata_name_identifier_supported; evidence_tier=identifier; figi_relation=local_figi_match; review_batch=batch_a_us_core.
OTC::WGEE,WGEE,OTC,Consolidated Gold Holdings Inc,WGE Holdings Corp.,Common Stock,0.91,apply_twelvedata_name_identifier_supported,identifier,local_figi_match,BBG000NY7P33,BBG000NY7P33,batch_a_us_core,Twelve Data source adjudication apply-ready name update: OpenFIGI supports Twelve Data name; FIGI relation=local_figi_match. decision=apply_twelvedata_name_identifier_supported; evidence_tier=identifier; figi_relation=local_figi_match; review_batch=batch_a_us_core.
OTC::WNRC,WNRC,OTC,Superhero Scramble Inc,Wenr Corporation,Common Stock,0.91,apply_twelvedata_name_identifier_supported,identifier,local_figi_match,BBG000BF1R57,BBG000BF1R57,batch_a_us_core,Twelve Data source adjudication apply-ready name update: OpenFIGI supports Twelve Data name; FIGI relation=local_figi_match. decision=apply_twelvedata_name_identifier_supported; evidence_tier=identifier; figi_relation=local_figi_match; review_batch=batch_a_us_core.
OTC::YAYO,YAYO,OTC,Yayyo Inc,Evmo Inc.,Common Stock,0.91,apply_twelvedata_name_identifier_supported,identifier,local_figi_match,BBG00KTGG8X7,BBG00KTGG8X7,batch_a_us_core,Twelve Data source adjudication apply-ready name update: OpenFIGI supports Twelve Data name; FIGI relation=local_figi_match. decision=apply_twelvedata_name_identifier_supported; evidence_tier=identifier; figi_relation=local_figi_match; review_batch=batch_a_us_core.
OTC::ZAIRF,ZAIRF,OTC,Zinc8 Energy Solutions Inc,Abound Energy Inc.,Common Stock,0.91,apply_twelvedata_name_identifier_supported,identifier,local_figi_match,BBG00PZ62LL0,BBG00PZ62LL0,batch_a_us_core,Twelve Data source adjudication apply-ready name update: OpenFIGI supports Twelve Data name; FIGI relation=local_figi_match. decision=apply_twelvedata_name_identifier_supported; evidence_tier=identifier; figi_relation=local_figi_match; review_batch=batch_a_us_core.
OTC::ZHDM,ZHDM,OTC,Ainnova Tech,Zhong Hui Dao Ming Copper Holding Ltd.,Common Stock,0.91,apply_twelvedata_name_identifier_supported,identifier,local_figi_match,BBG000TWJW42,BBG000TWJW42,batch_a_us_core,Twelve Data source adjudication apply-ready name update: OpenFIGI supports Twelve Data name; FIGI relation=local_figi_match. decision=apply_twelvedata_name_identifier_supported; evidence_tier=identifier; figi_relation=local_figi_match; review_batch=batch_a_us_core.
TSX::CGY,CGY,TSX,Calian Technologies Ltd,Calian Group Ltd.,Common Stock,0.91,apply_twelvedata_name_identifier_supported,identifier,local_figi_match,BBG000BBJ8C1,BBG000BBJ8C1,batch_b_canada,Twelve Data source adjudication apply-ready name update: OpenFIGI supports Twelve Data name; FIGI relation=local_figi_match. decision=apply_twelvedata_name_identifier_supported; evidence_tier=identifier; figi_relation=local_figi_match; review_batch=batch_b_canada.
