listing_key,ticker,exchange,current_name,twelvedata_name,validation_status,recommended_next_action,rejection_reason,review_batch
TSXV::MUSH,MUSH,TSXV,Mercanto Holdings Inc.,The Good Shroom Co Inc.,second_source_supports_local_name,keep_local_name_and_record_twelvedata_as_non_authoritative_mismatch,second_source_supports_current_local_name,batch_b_canada
TSXV::TM,TM,TSXV,Trigon Metals Inc.,Safi Silver Corp.,provider_found_different_name,send_to_manual_or_deepseek_followup_with_additional_evidence,provider_name_supports_neither_current_nor_twelvedata,batch_b_canada
TSX::LVMH,LVMH,TSX,LVMH CDR (CAD Hedged),"LVMH Moët Hennessy Louis Vuitton, Société Européenne – Depositary Receipt (underlying: LVMH Moët Hennessy Louis Vuitton SE, Euronext Paris)",provider_found_different_name,send_to_manual_or_deepseek_followup_with_additional_evidence,provider_name_supports_neither_current_nor_twelvedata,batch_b_canada
NEO::LV,LV,NEO,LVMH CDR (CAD hedged),LVMH Moët Hennessy Louis Vuitton Société Européenne American Depositary Receipt,provider_found_different_name,send_to_manual_or_deepseek_followup_with_additional_evidence,provider_name_supports_neither_current_nor_twelvedata,batch_b_canada
TSX::CITI,CITI,TSX,Citigroup CDR (CAD Hedged),CITI,provider_found_different_name,send_to_manual_or_deepseek_followup_with_additional_evidence,provider_name_supports_neither_current_nor_twelvedata,batch_b_canada
TSXV::CBLT,CBLT,TSXV,CBLT Inc.,Cobalt Blockchain Inc.,second_source_supports_local_name,keep_local_name_and_record_twelvedata_as_non_authoritative_mismatch,second_source_supports_current_local_name,batch_b_canada
TSXV::FMT,FMT,TSXV,Fuerte Metals Corporation,Talamore Mining Corp.,no_second_source_name_match,needs_more_second_source_evidence,no_provider_supplied_usable_matching_name,batch_b_canada
NEO::HERM,HERM,NEO,Hermes CDR (CAD hedged),Hermès International Société en commandite par actions,provider_found_different_name,send_to_manual_or_deepseek_followup_with_additional_evidence,provider_name_supports_neither_current_nor_twelvedata,batch_b_canada
TSX::ORAC,ORAC,TSX,Oracle CDR (CAD Hedged),ORAC,ambiguous_second_source_evidence,send_to_manual_or_deepseek_followup_with_additional_evidence,provider_name_similarity_is_ambiguous,batch_b_canada
NEO::ZCOI,ZCOI,NEO,Coinbase (COIN) BMO CDR (CAD Hedged),"Coinbase Global, Inc. Depositary Receipt",provider_found_different_name,send_to_manual_or_deepseek_followup_with_additional_evidence,provider_name_supports_neither_current_nor_twelvedata,batch_b_canada
TSX::NSTL,NSTL,TSX,Nestlé CDR (CAD Hedged),Nestlé S.A. Depositary Receipt,provider_found_different_name,send_to_manual_or_deepseek_followup_with_additional_evidence,provider_name_supports_neither_current_nor_twelvedata,batch_b_canada
NEO::ZAAP,ZAAP,NEO,APPLE (aapl) BMO CDR (CAD HEDGED),Apple Inc. Depositary Receipt (APC0),provider_found_different_name,send_to_manual_or_deepseek_followup_with_additional_evidence,provider_name_supports_neither_current_nor_twelvedata,batch_b_canada
NEO::ZPYP,ZPYP,NEO,PayPal (PYPL) BMO CDR (CAD Hedged),PayPal Holdings Inc Canadian Depositary Receipt (CDR) 2PP1,provider_found_different_name,send_to_manual_or_deepseek_followup_with_additional_evidence,provider_name_supports_neither_current_nor_twelvedata,batch_b_canada
NEO::ZINT,ZINT,NEO,INTEL (INTC) BMO CDR (CAD HEDGED),Intel Corporation Depositary Receipt,provider_found_different_name,send_to_manual_or_deepseek_followup_with_additional_evidence,provider_name_supports_neither_current_nor_twelvedata,batch_b_canada
NEO::ZMCD,ZMCD,NEO,McDonalds (MCD) BMO CDR (CAD Hedged),McDonald's Corporation Depositary Receipt,provider_found_different_name,send_to_manual_or_deepseek_followup_with_additional_evidence,provider_name_supports_neither_current_nor_twelvedata,batch_b_canada
NEO::ZCOS,ZCOS,NEO,COSTCO )COST) BMO CDR (CAD HEDGED),Costco Wholesale Corporation Depositary Receipt,provider_found_different_name,send_to_manual_or_deepseek_followup_with_additional_evidence,provider_name_supports_neither_current_nor_twelvedata,batch_b_canada
NEO::ZAPO,ZAPO,NEO,APOLLO (APO) BMO CDR (CAD HEDGED),"Apollo Global Management, Inc. Canadian Depositary Receipt",provider_found_different_name,send_to_manual_or_deepseek_followup_with_additional_evidence,provider_name_supports_neither_current_nor_twelvedata,batch_b_canada
NEO::ZBA,ZBA,NEO,BOEING (BA) BMO CDR (CAD HEDGED),The Boeing Company Canadian Depositary Receipt,provider_found_different_name,send_to_manual_or_deepseek_followup_with_additional_evidence,provider_name_supports_neither_current_nor_twelvedata,batch_b_canada
TSX::ZYNS,ZYNS,TSX,Philip Morris CDR (CAD Hedged),Philip Morris International Inc. Depositary Receipt,ambiguous_second_source_evidence,send_to_manual_or_deepseek_followup_with_additional_evidence,provider_name_similarity_is_ambiguous,batch_b_canada
TSX::UBSS,UBSS,TSX,UBS CDR (CAD Hedged),UBS Group AG Canadian Depositary Receipt,provider_found_different_name,send_to_manual_or_deepseek_followup_with_additional_evidence,provider_name_supports_neither_current_nor_twelvedata,batch_b_canada
NEO::ZLLY,ZLLY,NEO,ELI LILLY (LLY) BMO CDR (CAD HEDGED),Eli Lilly and Company Canadian Depositary Receipt,provider_found_different_name,send_to_manual_or_deepseek_followup_with_additional_evidence,provider_name_supports_neither_current_nor_twelvedata,batch_b_canada
TSX::SNY,SNY,TSX,Sanofi CDR (CAD Hedged),Sanofi SA Unsponsored Canadian Depositary Receipt Hedged Reg S,provider_found_different_name,send_to_manual_or_deepseek_followup_with_additional_evidence,provider_name_supports_neither_current_nor_twelvedata,batch_b_canada
TSX::BENZ,BENZ,TSX,Mercedes-Benz CDR (CAD Hedged),Mercedes-Benz Group AG Depositary Receipt,provider_found_different_name,send_to_manual_or_deepseek_followup_with_additional_evidence,provider_name_supports_neither_current_nor_twelvedata,batch_b_canada
NEO::ZWMT,ZWMT,NEO,WALMART (WMT) BMO CDR (CAD HEDGED),Walmart Inc. American Depositary Receipt,provider_found_different_name,send_to_manual_or_deepseek_followup_with_additional_evidence,provider_name_supports_neither_current_nor_twelvedata,batch_b_canada
TSX::CMGS,CMGS,TSX,Chipotle CDR (CAD Hedged),Chipotle Mexican Grill Inc. Canadian Depositary Receipt,provider_found_different_name,send_to_manual_or_deepseek_followup_with_additional_evidence,provider_name_supports_neither_current_nor_twelvedata,batch_b_canada
NEO::ZXOM,ZXOM,NEO,EXXON MOBIL (XOM) BMO CDR (CAD HEDGED),Exxon Mobil Corporation Depositary Receipt,provider_found_different_name,send_to_manual_or_deepseek_followup_with_additional_evidence,provider_name_supports_neither_current_nor_twelvedata,batch_b_canada
TSXV::WED,WED,TSXV,Westaim Corporation (The),The Westaim Corporation Common Stock,second_source_supports_local_name,keep_local_name_and_record_twelvedata_as_non_authoritative_mismatch,second_source_supports_current_local_name,batch_b_canada
TSX::LORL,LORL,TSX,L’Oréal CDR (CAD Hedged),L'OREAL SA ADR (LOR0),provider_found_different_name,send_to_manual_or_deepseek_followup_with_additional_evidence,provider_name_supports_neither_current_nor_twelvedata,batch_b_canada
TSX::SMNS,SMNS,TSX,Siemens CDR (CAD Hedged),Siemens AG American Depositary Receipt,provider_found_different_name,send_to_manual_or_deepseek_followup_with_additional_evidence,provider_name_supports_neither_current_nor_twelvedata,batch_b_canada
NEO::NEST,NEST,NEO,NESTLE SA CDR (CAD Hedged),Nestlé S.A.,provider_found_different_name,send_to_manual_or_deepseek_followup_with_additional_evidence,provider_name_supports_neither_current_nor_twelvedata,batch_b_canada
TSX::TTES,TTES,TSX,TotalEnergies CDR (CAD Hedged),TotalEnergies SE Depositary Receipt,provider_found_different_name,send_to_manual_or_deepseek_followup_with_additional_evidence,provider_name_supports_neither_current_nor_twelvedata,batch_b_canada
TSX::NVS,NVS,TSX,Novartis CDR (CAD Hedged),Novartis AG American Depositary Receipt,provider_found_different_name,send_to_manual_or_deepseek_followup_with_additional_evidence,provider_name_supports_neither_current_nor_twelvedata,batch_b_canada
NEO::ZMIC,ZMIC,NEO,Micron Technology (MU) BMO CDR (CAD Hedged),"Micron Technology, Inc. Depositary Receipt",provider_found_different_name,send_to_manual_or_deepseek_followup_with_additional_evidence,provider_name_supports_neither_current_nor_twelvedata,batch_b_canada
TSXV::WKG,WKG,TSXV,WestKam Gold Corp.,Big Bear Gold Corp.,no_second_source_name_match,needs_more_second_source_evidence,no_provider_supplied_usable_matching_name,batch_b_canada
NEO::NVON,NVON,NEO,NOVO NORDISK A/S CDR (CAD Hedged),Novo Nordisk A/S Depositary Receipt,provider_found_different_name,send_to_manual_or_deepseek_followup_with_additional_evidence,provider_name_supports_neither_current_nor_twelvedata,batch_b_canada
NEO::ZMAS,ZMAS,NEO,MASTERCARD (MA) BMO CDR (CAD HEDGED),Mastercard Incorporated Class A Common Shares Canadian Depositary Receipt (CAD Hedged),provider_found_different_name,send_to_manual_or_deepseek_followup_with_additional_evidence,provider_name_supports_neither_current_nor_twelvedata,batch_b_canada
