source_id,source_key,provider,source_url,authority_level,reference_scope,license_status,license_name,license_url,derived_facts_redistribution_status,raw_redistribution_allowed,attribution_required,commercial_use_status,terms_version,terms_sha256,license_reviewed_at,freshness_sla_days,enabled
d5727811-3102-5d38-b5a1-63c23f9e1fda,adx_market_watch,ADX,https://www.adx.ae/english/pages/marketwatch.aspx,official,exchange_directory,review_required,,,review_required,false,review_required,review_required,,,,7,true
8f1bbf87-cd0f-519e-ae81-473211f935b7,asx_investment_products,ASX,https://www.asx.com.au/issuers/investment-products/asx-funds-statistics,official,listed_companies_subset,review_required,,,review_required,false,review_required,review_required,,,,30,true
93ed1e12-6421-5e8d-aefe-4490448f60e9,asx_listed_companies,ASX,https://www.asx.com.au/asx/research/ASXListedCompanies.csv,official,listed_companies_subset,review_required,,,review_required,false,review_required,review_required,,,,30,true
ca83e636-c1a4-568b-92a0-4beb2ceff1b0,athex_sector_classification,ATHEX,https://www.athexgroup.gr/documents/10180/5517704/ATHEX%2BClassification%2BVer0.810%2B%28EN%29.pdf/5c49a27d-1078-4974-990b-5a5e1f278b73,official,listed_companies_subset,review_required,,,review_required,false,review_required,review_required,,,,30,true
551da0fd-27de-5cb2-a6b8-5422c51b277f,b3_bdr_etfs,B3,https://sistemaswebb3-listados.b3.com.br/listedCompaniesProxy/CompanyCall/,official,listed_companies_subset,review_required,,,review_required,false,review_required,review_required,,,,30,true
82579f60-3766-5113-abe0-7f6dbbab14c9,b3_instruments_equities,B3,https://arquivos.b3.com.br/bdi/table/InstrumentsEquities,official,exchange_directory,review_required,,,review_required,false,review_required,review_required,,,,7,true
4added99-1b92-5c48-b405-8dd53dae48c6,b3_listed_etfs,B3,https://sistemaswebb3-listados.b3.com.br/fundsListedProxy/Search/,official,listed_companies_subset,review_required,,,review_required,false,review_required,review_required,,,,30,true
61011a63-df09-53dd-9f75-633b373181c3,bahrain_bourse_listed_companies,Bahrain Bourse,https://bahrainbourse.com/en/Bahrain%20Clear/ISINCodes,official,exchange_directory,review_required,,,review_required,false,review_required,review_required,,,,7,true
8692da72-2d8a-5beb-8282-7a6e08e402f2,bist_kap_mkk_listed_securities,KAP/MKK,https://www.kap.org.tr/tr/bist-sirketler,official,exchange_directory,verified_restricted,KAP Copyright and Disclaimer Notice,https://www.kap.org.tr/en/icerik/Diger/copyright-and-disclaimer-notice,restricted,false,required,restricted,kap-en-copyright-and-disclaimer-notice,0baea35ae5f15e35143a9259df37a0cf00352c6e00ee25498686526d07684119,2026-08-20T18:05:00Z,7,true
76b4d171-cd18-54c2-b4ea-4e3b3930327d,bme_etf_list,BME,https://apiweb.bolsasymercados.es/Market/v1/EQ/ListedCompanies,official,listed_companies_subset,review_required,,,review_required,false,review_required,review_required,,,,30,true
39d6d4e6-f704-58f3-bf2e-74574a765b84,bme_growth_prices,BME Growth,https://www.bmegrowth.es/ing/Precios.aspx,official,listed_companies_subset,review_required,,,review_required,false,review_required,review_required,,,,30,true
15fa1926-3050-51cf-b6e0-a1584b85c327,bme_listed_companies,BME,https://apiweb.bolsasymercados.es/Market/v1/EQ/ListedCompanies,official,listed_companies_subset,review_required,,,review_required,false,review_required,review_required,,,,30,true
7170e4f4-fd0a-568d-b77b-db49b0404746,bme_listed_values,BME,https://www.bolsasymercados.es/dam/descargas/exchange/renta-variable/listado-valores-renta-variable-es-en.pdf,official,listed_companies_subset,review_required,,,review_required,false,review_required,review_required,,,,30,true
23f7858d-069e-5c61-95c7-280d746a8d69,bme_security_prices_directory,BME,https://apiweb.bolsasymercados.es/Market/v1/EQ/ListedCompanies,official,exchange_directory,review_required,,,review_required,false,review_required,review_required,,,,7,true
50c9c083-40f2-52c5-9b2a-19c3440dad41,bmv_capital_trust_search,BMV,https://www.bmv.com.mx/api/searchservice/v1,official,listed_companies_subset,review_required,,,review_required,false,review_required,review_required,,,,30,true
6f100106-62f0-5008-8681-bfb46f96ff1c,bmv_etf_search,BMV,https://www.bmv.com.mx/api/searchservice/v1,official,listed_companies_subset,review_required,,,review_required,false,review_required,review_required,,,,30,true
496d657e-3e38-58ff-8909-9165f4c82451,bmv_issuer_directory,BMV,https://staging.bmv.com.mx/es/Grupo_BMV/Informacion_de_emisora/_rid/541/_mto/3/_mod/doSearch,official,listed_companies_subset,review_required,,,review_required,false,review_required,review_required,,,,30,true
26fedbcd-a867-531c-a0c2-7ee33a1ae0fc,bmv_market_data_securities,BMV,https://www.bmv.com.mx/es/emisoras/estadisticas,official,listed_companies_subset,review_required,,,review_required,false,review_required,review_required,,,,30,true
359ad485-a8ad-5402-b948-bb7ab03007d0,bmv_stock_search,BMV,https://www.bmv.com.mx/api/searchservice/v1,official,listed_companies_subset,review_required,,,review_required,false,review_required,review_required,,,,30,true
c50ae109-53ae-5dba-8a64-fe12e6116708,bolsa_santiago_instruments,Bolsa de Santiago,https://www.bolsadesantiago.com/api/RV_ResumenMercado/getInstrumentos,official,exchange_directory,review_required,,,review_required,false,review_required,review_required,,,,7,true
c7498292-1563-5029-a148-12fd51c8dace,boursa_kuwait_stocks,Boursa Kuwait,https://www.boursakuwait.com.kw/en/securities/main-market/overview---main-market/,official,exchange_directory,review_required,,,review_required,false,review_required,review_required,,,,7,true
54ca5d9e-db9e-5712-af67-1f1635319e5f,bse_bw_listed_companies,BSE Botswana,https://www.bse.co.bw/companies/,official,listed_companies_subset,review_required,,,review_required,false,review_required,review_required,,,,30,true
dcda9c62-2723-5051-9681-285b6162dc11,bse_hu_listed_companies,Budapest Stock Exchange,https://www.bet.hu/oldalak/beta_piac#reszvenyek,official,listed_companies_subset,review_required,,,review_required,false,review_required,review_required,,,,30,true
21000cc0-e4af-5631-850a-7bf680f3286b,bse_india_scrips,BSE India,https://www.bseindia.com/corporates/List_Scrips.html,official,exchange_directory,review_required,,,review_required,false,review_required,review_required,,,,7,true
e25645f5-cd73-5ac4-8d4d-0ef02445196c,bursa_closing_prices,Bursa Malaysia,https://www.bursamalaysia.com/misc/missftp/securities/securities_equities_year_end_closing_prices_20250702.pdf?t=1751516082,official,listed_companies_subset,review_required,,,review_required,false,review_required,review_required,,,,30,true
ecd97547-f46c-54bd-b670-198fd4be9e2e,bursa_equity_isin,Bursa Malaysia,https://www.bursamalaysia.com/trade/trading_resources/equities/isin,official,listed_companies_subset,review_required,,,review_required,false,review_required,review_required,,,,30,true
f1af66b1-820d-5857-954e-6759d0af76ef,bvb_fund_units_directory,BVB,https://m.bvb.ro/FinancialInstruments/Markets/FundUnits,official,listed_companies_subset,review_required,,,review_required,false,review_required,review_required,,,,30,true
f12ca7b3-5581-54ad-b3a4-8f73d3970c6d,bvb_shares_directory,BVB,https://m.bvb.ro/FinancialInstruments/Markets/Shares,official,exchange_directory,review_required,,,review_required,false,review_required,review_required,,,,7,true
f07248f5-9d03-5f7e-933c-8d969bb252ca,bvc_colombia_issuers,BVC,https://rest.bvc.com.co/market-information/rv/lvl-3/issuer?filters[marketDataRv][type]=Local,official,listed_companies_subset,review_required,,,review_required,false,review_required,review_required,,,,30,true
13ec8c01-2fc7-514f-a63a-7cc663defca5,bvl_issuers_directory,CAVALI,https://cavali-corporativa.screativa.com/emisores,official,security_lookup_subset,review_required,,,review_required,false,review_required,review_required,,,,30,true
ea2ef0bf-a8b8-5463-a7bc-1bfcfb71c5cd,byma_equity_details,BYMA,https://open.bymadata.com.ar/vanoms-be-core/rest/api/bymadata/free/bnown/fichatecnica/especies/general,official,security_lookup_subset,review_required,,,review_required,false,review_required,review_required,,,,30,true
33b72d83-c3a6-5830-aeac-781a059f4a47,cboe_canada_listing_directory,Cboe Canada,https://www-api.cboe.com/ca/equities/listing-directory-data/,official,exchange_directory,review_required,,,review_required,false,review_required,review_required,,,,7,true
488cd0e4-224d-5431-b5d2-cab3f1f71c95,cse_lk_all_security_code,CSE Sri Lanka,https://www.cse.lk/api/allSecurityCode,official,exchange_directory,review_required,,,review_required,false,review_required,review_required,,,,7,true
68776c96-d2d5-5deb-9c21-6226fc808e81,cse_lk_company_info_summary,CSE Sri Lanka,https://www.cse.lk/api/companyInfoSummery,official,exchange_directory,review_required,,,review_required,false,review_required,review_required,,,,7,true
d0df9687-6b11-5b44-9b67-e6bcfb217f21,cse_ma_listed_companies,Casablanca Stock Exchange,https://www.casablanca-bourse.com/en/marche-cash/instruments-actions,official,exchange_directory,review_required,,,review_required,false,review_required,review_required,,,,7,true
3a20b591-9f59-5bcb-a44f-a639d7aed0be,deutsche_boerse_etfs_etps,Deutsche Boerse,https://www.cashmarket.deutsche-boerse.com/resource/blob/1553442/2936716b8f6c2d7a0bb85337485bdcdb/data/Master_DataSheet_Download.xls,official,listed_companies_subset,review_required,,,review_required,false,review_required,review_required,,,,30,true
07928a61-adae-5e77-97c8-aebac9f2089b,deutsche_boerse_frankfurt_all_tradable_equities,Deutsche Boerse,https://www.cashmarket.deutsche-boerse.com/resource/blob/2289108/3a67eacf4ad3419344f37b88a755943f/data/t7-xfra-BF-allTradableInstruments.csv,official,exchange_directory,review_required,,,review_required,false,review_required,review_required,,,,7,true
4b065bea-5722-541b-aa77-b514802808ac,deutsche_boerse_listed_companies,Deutsche Boerse,https://www.cashmarket.deutsche-boerse.com/resource/blob/67858/dd766fc6588100c79294324175f95501/data/Listed-companies.xlsx,official,listed_companies_subset,review_required,,,review_required,false,review_required,review_required,,,,30,true
443f8a99-470d-5b17-a35b-36637ea4100d,deutsche_boerse_xetra_all_tradable_equities,Deutsche Boerse,https://www.cashmarket.deutsche-boerse.com/resource/blob/1528/b52ea43a2edac92e8283d40645d1c076/data/t7-xetr-allTradableInstruments.csv,official,exchange_directory,review_required,,,review_required,false,review_required,review_required,,,,7,true
5e9ae76c-47ca-596e-b543-20cb3c41e34a,dfm_listed_securities,DFM,https://www.dfm.ae/issuers/listed-securities/company-profile-page,official,exchange_directory,verified_restricted,DFM Website Disclaimer,https://www.dfm.ae/other/disclaimer,restricted,false,required,restricted,dfm-ae-other-disclaimer,941665ba208e0175e9425f45be7b299f8aa6eb75d0439a3ca3e38ff9c2f99af2,2026-08-20T18:05:00Z,7,true
193776cb-9432-515b-8804-23a14ae61e34,dse_tz_listed_companies,DSE Tanzania,https://dse.co.tz/listed/company/list,official,listed_companies_subset,review_required,,,review_required,false,review_required,review_required,,,,30,true
82c7934b-67c8-57a5-b7db-0c316e936ef2,egx_listed_stocks,EGX,https://www.egx.com.eg/en/ListedStocks.aspx,official,listed_companies_subset,review_required,,,review_required,false,review_required,review_required,,,,30,true
5a56412d-10f2-5675-99ca-9a208769b61f,euronext_equities,Euronext,https://live.euronext.com/pd_es/data/stocks/download?mics=dm_all_stock,official,exchange_directory,verified_restricted,Euronext Website Terms of Use,https://www.euronext.com/en/terms-use,restricted,false,required,restricted,euronext-com-en-terms-use,b1aedf9d14a40405b524f6eaba2a7f6f079f89ec71c5f1d5d265ee94947f8fc1,2026-08-20T17:50:00Z,7,true
d2c1af11-3f86-5deb-8ed5-8b8ce7a54f62,euronext_etfs,Euronext,"https://live.euronext.com/en/product_directory/data/etf-all-markets/download?mics=ALXA,ALXB,ALXL,ALXP,ATFX,BGEM,ENXB,ENXL,ETFP,ETLX,EXGM,MERK,MIVX,MLXB,MOTX,MTAA,MTAH,MTCH,SEDX,TNLA,TNLB,VPXB,WOMF,XACD,XAMC,XAMS,XATL,XBRU,XDUB,XESM,XLDN,XLIS,XMLI,XMOT,XMSM,XOAM,XOAS,XOBD,XOSL,XPAR,XPMC",official,listed_companies_subset,verified_restricted,Euronext Website Terms of Use,https://www.euronext.com/en/terms-use,restricted,false,required,restricted,euronext-com-en-terms-use,b1aedf9d14a40405b524f6eaba2a7f6f079f89ec71c5f1d5d265ee94947f8fc1,2026-08-20T17:50:00Z,30,true
656c98f8-8b02-5f21-b22a-50d6947a85a4,gleif_enrichment,GLEIF,https://www.gleif.org/en/lei-data/gleif-concatenated-file/download-the-concatenated-file,registry,identifier_enrichment,review_required,,,review_required,false,review_required,review_required,,,,30,true
c16782c8-dd37-556a-b2b2-fe0d2a7c3b3a,gse_listed_companies,GSE,https://gse.com.gh/listed-companies/,official,listed_companies_subset,review_required,,,review_required,false,review_required,review_required,,,,30,true
edebe019-38f7-5e30-af44-a28604e495f8,hkex_securities_list,HKEX,https://www.hkex.com.hk/eng/services/trading/securities/securitieslists/ListOfSecurities.xlsx,official,exchange_directory,review_required,,,review_required,false,review_required,review_required,,,,7,true
7ba8462e-fe00-5707-b937-243ec8183147,hnx_listed_securities,HNX,https://www.hnx.vn/cophieu-etfs/chung-khoan-ny.html,official,exchange_directory,review_required,,,review_required,false,review_required,review_required,,,,7,true
0008d0dd-8e1c-5643-b98f-8bccaa11ab92,hose_etf_list,HOSE,https://api.hsx.vn/l/api/v1/2/securities/etf,official,listed_companies_subset,review_required,,,review_required,false,review_required,review_required,,,,30,true
a9ae5a14-6e5c-5f78-ab2b-a25f17d369eb,hose_fund_certificate_list,HOSE,https://api.hsx.vn/l/api/v1/2/securities/fundcertificate,official,listed_companies_subset,review_required,,,review_required,false,review_required,review_required,,,,30,true
d4a56f2e-c4bf-5d9f-a29d-7259c1590ef4,hose_listed_stocks,HOSE,https://api.hsx.vn/l/api/v1/2/securities/stock,official,listed_companies_subset,review_required,,,review_required,false,review_required,review_required,,,,30,true
29f3f099-07d8-5fa4-ab5a-7a4061780d7b,identifier_quarantine,identifier_quarantine,internal://event/identifier_quarantine,review,listing_event,internal,,,allowed,false,none,allowed,,,,30,true
03b3fc10-58cd-546b-b4c4-c949421c30c9,idx_company_profiles,IDX,https://www.idx.id/primary/ListedCompany/GetCompanyProfiles,official,exchange_directory,review_required,,,review_required,false,review_required,review_required,,,,7,true
42a035a9-b609-51f4-8a4b-913530c99f53,idx_listed_companies,IDX,https://www.idx.id/primary/StockData/GetSecuritiesStock,official,listed_companies_subset,review_required,,,review_required,false,review_required,review_required,,,,30,true
f096b060-167c-568d-800d-6f575413f3b0,internal_current_snapshot,Canonical current snapshot,internal://current-snapshot,review,current_snapshot,internal,,,allowed,false,none,allowed,,,,30,true
b9bc8541-8fc0-518f-ad46-fe9973a08747,internal_history,Canonical listing history,internal://listing-history,review,listing_history,internal,,,allowed,false,none,allowed,,,,30,true
4d786fe5-cce5-51dc-99a8-61c76dc823fc,jpx_listed_issues,JPX,https://www.jpx.co.jp/english/markets/statistics-equities/misc/tvdivq0000001vg2-att/data_e.xls,official,exchange_directory,review_required,,,review_required,false,review_required,review_required,,,,7,true
03ed7122-6ad2-5d04-8039-d90cd9fa1296,jpx_tse_stock_detail,JPX,https://quote.jpx.co.jp/jpxhp/jcgi/wrap/qjsonp.aspx?F=ctl/stock_detail&qcode=,official,security_identifier_registry_subset,review_required,,,review_required,false,review_required,review_required,,,,30,true
1f175566-75d8-5ecb-bf86-1083751f990d,jse_etf_list,JSE,https://www.jse.co.za/trade/equities-market/exchange-traded-products,official,listed_companies_subset,review_required,,,review_required,false,review_required,review_required,,,,30,true
1d05916e-5708-5f71-adfb-3f56e9036376,jse_etn_list,JSE,https://www.jse.co.za/trade/equities-market/exchange-traded-products,official,listed_companies_subset,review_required,,,review_required,false,review_required,review_required,,,,30,true
8913a8f1-26cd-5011-8290-deb7ec417067,jse_instrument_search,JSE,https://www.jse.co.za/search,official,listed_companies_subset,review_required,,,review_required,false,review_required,review_required,,,,30,true
20e86ee4-0d64-5e79-92be-d182268fb7e8,krx_etf_finder,KRX,https://data.krx.co.kr/contents/MDC/MAIN/main/index.cmd,official,exchange_directory,review_required,,,review_required,false,review_required,review_required,,,,7,true
df960062-1ec9-580c-a433-5c43a7f6df74,krx_listed_companies,KRX,https://global.krx.co.kr/contents/GLB/03/0308/0308010000/GLB0308010000.jsp,official,exchange_directory,review_required,,,review_required,false,review_required,review_required,,,,7,true
66703260-1f1c-5a49-b133-609cf7bcdbfe,lse_company_reports,LSE,https://www.londonstockexchange.com/exchange/instrument-result.html?filterBy=CompanyReports&filterClause=1&initial={initial}&page={page},official,listed_companies_subset,review_required,,,review_required,false,review_required,review_required,,,,30,true
7bdb3444-7855-5ff6-a3fa-6d2df70f0602,lse_instrument_directory,LSE,https://www.londonstockexchange.com/exchange/instrument-result.html?codeName=&search=search&page={page},official,security_lookup_subset,review_required,,,review_required,false,review_required,review_required,,,,30,true
f3e112b5-eaa2-506f-a5c0-3ef3a8cb121d,lse_instrument_search,LSE,https://www.londonstockexchange.com/exchange/instrument-result.html?codeName={ticker}&filterBy=&filterClause=,official,security_lookup_subset,review_required,,,review_required,false,review_required,review_required,,,,30,true
debd500c-f3e7-5b13-8387-fb274ac2a549,lse_price_explorer,LSE,https://www.londonstockexchange.com/live-markets/market-data-dashboard/price-explorer,official,exchange_directory,review_required,,,review_required,false,review_required,review_required,,,,7,true
f17f4548-e266-5ee5-9cd3-bbb7b1c37dbf,luse_listed_companies,LuSE,https://www.luse.co.zm/listed-companies/,official,listed_companies_subset,review_required,,,review_required,false,review_required,review_required,,,,30,true
9a122281-df42-5ce3-9eac-62aedec9cc9c,mse_mw_listed_companies,MSE Malawi,https://mse.co.mw/listing/mainboard/companies,official,listed_companies_subset,review_required,,,review_required,false,review_required,review_required,,,,30,true
08c00acf-f627-5278-a4d3-858a4266e1c5,muscat_securities_companies,MSX,https://www.msx.om/companies.aspx,official,exchange_directory,review_required,,,review_required,false,review_required,review_required,,,,7,true
f6cedc38-eb3d-5998-90f3-e1458e2e6eaf,nasdaq_listed,Nasdaq Trader,https://www.nasdaqtrader.com/dynamic/symdir/nasdaqlisted.txt,official,exchange_directory,verified_restricted,"Nasdaq Trader Copyright, Trademarks and Disclaimers",https://www.nasdaqtrader.com/Trader.aspx?id=CopyDisclaimMain,restricted,false,required,restricted,nasdaqtrader-copydisclaim-main-copyright-2021,4db20e9c609e2dcf338363f522200fa3fd45050ca77b51d55b6a369dc503d414,2026-08-20T17:50:00Z,7,true
81e37cd4-0d80-5fe2-b2c4-97a2c9339022,nasdaq_mutual_fund_quotes,Nasdaq,https://api.nasdaq.com/api/screener/mutualfunds,official,security_lookup_subset,review_required,,,review_required,false,review_required,review_required,,,,30,true
b73f0520-a634-5109-9a84-14690b546910,nasdaq_nordic_copenhagen_etf_search,Nasdaq Nordic,https://api.nasdaq.com/api/nordic/search,official,listed_companies_subset,review_required,,,review_required,false,review_required,review_required,,,,30,true
d653d758-1377-55f0-8b65-58db9e634081,nasdaq_nordic_copenhagen_etfs,Nasdaq Nordic,https://api.nasdaq.com/api/nordic/screener/etp,official,listed_companies_subset,review_required,,,review_required,false,review_required,review_required,,,,30,true
4cc6ca12-e3d0-581b-a19f-1f63e7689303,nasdaq_nordic_copenhagen_shares,Nasdaq Nordic,https://api.nasdaq.com/api/nordic/screener/shares,official,listed_companies_subset,review_required,,,review_required,false,review_required,review_required,,,,30,true
02dd02eb-9844-5fe2-a4fb-2f263ccb9b72,nasdaq_nordic_copenhagen_shares_search,Nasdaq Nordic,https://api.nasdaq.com/api/nordic/search,official,listed_companies_subset,review_required,,,review_required,false,review_required,review_required,,,,30,true
95cb0cb1-467d-5c2e-9442-ae036b145ca0,nasdaq_nordic_helsinki_etfs,Nasdaq Nordic,https://api.nasdaq.com/api/nordic/screener/etp,official,listed_companies_subset,review_required,,,review_required,false,review_required,review_required,,,,30,true
fa03b774-e98c-53ac-bae6-cb006be28f0f,nasdaq_nordic_helsinki_shares,Nasdaq Nordic,https://api.nasdaq.com/api/nordic/screener/shares,official,listed_companies_subset,review_required,,,review_required,false,review_required,review_required,,,,30,true
db434a93-64a4-561e-9aff-0165fdbcf0b3,nasdaq_nordic_helsinki_shares_search,Nasdaq Nordic,https://api.nasdaq.com/api/nordic/search,official,listed_companies_subset,review_required,,,review_required,false,review_required,review_required,,,,30,true
7973ddd5-b3ec-553f-a2bf-11bb3a6a0919,nasdaq_nordic_iceland_shares,Nasdaq Nordic,https://api.nasdaq.com/api/nordic/screener/shares,official,listed_companies_subset,review_required,,,review_required,false,review_required,review_required,,,,30,true
f2abed7a-194f-5f9c-803e-34cc98ea9d3e,nasdaq_nordic_stockholm_etfs,Nasdaq Nordic,https://api.nasdaq.com/api/nordic/screener/etp,official,listed_companies_subset,review_required,,,review_required,false,review_required,review_required,,,,30,true
aa513cf9-5038-539d-b03e-072893718e48,nasdaq_nordic_stockholm_shares,Nasdaq Nordic,https://api.nasdaq.com/api/nordic/screener/shares,official,listed_companies_subset,review_required,,,review_required,false,review_required,review_required,,,,30,true
df389ece-aefc-5099-8413-37973291347c,nasdaq_nordic_stockholm_shares_search,Nasdaq Nordic,https://api.nasdaq.com/api/nordic/search,official,listed_companies_subset,review_required,,,review_required,false,review_required,review_required,,,,30,true
3518d3b0-6118-5d40-a150-e980ff46d06c,nasdaq_nordic_stockholm_trackers,Nasdaq Nordic,https://api.nasdaq.com/api/nordic/search,official,listed_companies_subset,review_required,,,review_required,false,review_required,review_required,,,,30,true
c0fd0878-2bb5-527c-8cae-d2c191e4e6ad,nasdaq_other_listed,Nasdaq Trader,https://www.nasdaqtrader.com/dynamic/symdir/otherlisted.txt,official,exchange_directory,verified_restricted,"Nasdaq Trader Copyright, Trademarks and Disclaimers",https://www.nasdaqtrader.com/Trader.aspx?id=CopyDisclaimMain,restricted,false,required,restricted,nasdaqtrader-copydisclaim-main-copyright-2021,4db20e9c609e2dcf338363f522200fa3fd45050ca77b51d55b6a369dc503d414,2026-08-20T17:50:00Z,7,true
afc3e44d-b456-58e3-8c4b-912db443cc21,nasdaq_trading_system_adds_deletes,Nasdaq Trader,https://www.nasdaqtrader.com/dynamic/SymDir/TradingSystemAddsDeletes.txt,official,corporate_action_daily_list,verified_restricted,"Nasdaq Trader Copyright, Trademarks and Disclaimers",https://www.nasdaqtrader.com/Trader.aspx?id=CopyDisclaimMain,restricted,false,required,restricted,nasdaqtrader-copydisclaim-main-copyright-2021,4db20e9c609e2dcf338363f522200fa3fd45050ca77b51d55b6a369dc503d414,2026-08-20T17:50:00Z,30,true
27dbc6d7-448f-5434-8630-d19ce7498709,newconnect_listed_companies,NewConnect,https://newconnect.pl/spolki,official,listed_companies_subset,review_required,,,review_required,false,review_required,review_required,,,,30,true
95b789f6-8129-5613-93ce-6cd1634eb94e,ngm_companies_page,NGM,https://www.ngm.se/en/our-companies/,official,listed_companies_subset,review_required,,,review_required,false,review_required,review_required,,,,30,true
dc721352-46d9-5f94-b601-2a27a0998ce9,ngm_market_data_equities,NGM,https://mdapi.ngm.se/api/beta/web/,official,listed_companies_subset,review_required,,,review_required,false,review_required,review_required,,,,30,true
d7c0bbf2-aa8a-5c28-9198-28f321dcdd78,ngx_company_profile_directory,NGX,https://ngxgroup.com/exchange/data/company-profile/,official,exchange_directory,review_required,,,review_required,false,review_required,review_required,,,,7,true
7436b67e-5eda-5427-96cd-25632b6d63c0,ngx_equities_price_list,NGX,https://doclib.ngxgroup.com/REST/api/statistics/equities/?market=&sector=&orderby=&pageSize=300&pageNo=0,official,listed_companies_subset,review_required,,,review_required,false,review_required,review_required,,,,30,true
ef494843-fc10-51a1-89e3-b28583d37ebc,nse_india_securities_available,NSE India,https://www.nseindia.com/static/market-data/securities-available-for-trading,official,exchange_directory,review_required,,,review_required,false,review_required,review_required,,,,7,true
3b191c4a-4e21-57d9-a55e-2f0553542544,nse_ke_listed_companies,NSE Kenya,https://www.nse.co.ke/listed-companies/,official,exchange_directory,review_required,,,review_required,false,review_required,review_required,,,,7,true
bbc80af7-d18e-579e-8c27-8dc043d159bd,nzx_instruments,NZX,https://new.nzx.com/markets/NZSX,official,exchange_directory,review_required,,,review_required,false,review_required,review_required,,,,7,true
9d726e55-660a-549c-bc3d-aed897831b91,openfigi_enrichment,OpenFIGI,https://api.openfigi.com/v3/mapping,registry,identifier_enrichment,review_required,,,review_required,false,review_required,review_required,,,,30,true
fc84fca6-579e-5225-a6ab-a5214e5f5178,otc_markets_security_profile,OTC Markets,https://www.otcmarkets.com/stock/{symbol}/security,official,security_lookup_subset,review_required,,,review_required,false,review_required,review_required,,,,30,true
a6594c60-e11c-5800-acd5-0c159113322b,otc_markets_stock_screener,OTC Markets,https://www.otcmarkets.com/research/stock-screener/api/downloadCSV?greyAccess=false&expertAccess=false,official,exchange_directory,review_required,,,review_required,false,review_required,review_required,,,,7,true
7d1696f9-cef6-5b50-a4f1-5b9288e74387,pse_cz_shares_directory,Prague Stock Exchange,https://www.pse.cz/en/market-data/shares/prime-market,official,listed_companies_subset,review_required,,,review_required,false,review_required,review_required,,,,30,true
0e4b9a8f-4883-5151-a6bb-ddbc775125b4,pse_listed_company_directory,PSE,https://frames.pse.com.ph/listedCompany,official,exchange_directory,verified_restricted,PSE Website Disclaimer,https://www.pse.com.ph/disclaimer/,restricted,false,required,restricted,pse-com-ph-disclaimer,f0c4ae031fd72215b6f2a576bda70f01837e2472a9f9aaba0c4321842a7c4965,2026-08-20T18:05:00Z,7,true
589451d3-9134-5077-86f9-12fd9ead8f22,psx_dps_symbols,PSX,https://dps.psx.com.pk/symbols,official,exchange_directory,review_required,,,review_required,false,review_required,review_required,,,,7,true
29a5b30b-0946-5d27-9791-cfa38b5516ed,psx_listed_companies,PSX,https://www.psx.com.pk/psx/resources-and-tools/listings/listed-companies,official,listed_companies_subset,review_required,,,review_required,false,review_required,review_required,,,,30,true
8ddf5e13-2602-56b1-b835-ca027cdfbc28,psx_symbol_name_daily,PSX,https://dps.psx.com.pk/daily-downloads,official,listed_companies_subset,review_required,,,review_required,false,review_required,review_required,,,,30,true
14054014-c41c-5c26-b314-568f1f39aaab,qse_market_watch,QSE,https://www.qe.com.qa/wp/mw/data/MarketWatch.txt,official,exchange_directory,verified_restricted,QSE Terms and Conditions of Use,https://www.qe.com.qa/disclaimer,restricted,false,required,restricted,qe-com-qa-disclaimer-terms-and-conditions-of-use,dfaf0c205b6a0564c036757b061546022ce3e5d9143004c0f6ceaed580045478,2026-08-20T18:05:00Z,7,true
700d9544-e7d4-586e-91e8-5aff9ad25a51,review_metadata_updates,review_metadata_updates,internal://event/review_metadata_updates,review,listing_event,internal,,,allowed,false,none,allowed,,,,30,true
eb36f95f-557b-5b86-94ec-d390cd5646c8,rse_listed_companies,RSE,https://www.rse.rw/listed-compagnies,official,listed_companies_subset,review_required,,,review_required,false,review_required,review_required,,,,30,true
8b543e99-22f8-5d08-bf0f-2c9a105a1237,sec_company_tickers_exchange,SEC,https://www.sec.gov/files/company_tickers_exchange.json,official,exchange_directory,verified_open,SEC Website Dissemination Policy,https://www.sec.gov/about/privacy-information,allowed,true,required,allowed,sec.gov-privacy-information-website-dissemination,14d5f4e8ecb4d3ae1e7bde00936aa3335ef73033cf48e58ba0225e8138d3f269,2026-08-18T05:00:00Z,7,true
29b8094b-6a96-51f9-a0e8-8e4feaaaf8b4,sem_isin,SEM,https://www.stockexchangeofmauritius.com/media/11318/isin.xlsx,official,exchange_directory,review_required,,,review_required,false,review_required,review_required,,,,7,true
193d0d8d-365f-5cb3-9577-7ce367b6c7ec,set_dr_search,SET,https://www.set.or.th/en/market/get-quote/dr,official,listed_companies_subset,review_required,,,review_required,false,review_required,review_required,,,,30,true
4c48d76b-2fdc-59f7-87da-6a283c835fbe,set_etf_search,SET,https://www.set.or.th/en/market/get-quote/etf,official,listed_companies_subset,review_required,,,review_required,false,review_required,review_required,,,,30,true
6391d63b-5158-5885-aa08-f514b58d44fb,set_listed_companies,SET,https://www.set.or.th/dat/eod/listedcompany/static/listedCompanies_en_US.xls,official,listed_companies_subset,review_required,,,review_required,false,review_required,review_required,,,,30,true
0a33d1b7-c2f4-55bd-8f8e-4d13eb607b20,set_stock_search,SET,https://www.set.or.th/api/set/stock/list,official,exchange_directory,review_required,,,review_required,false,review_required,review_required,,,,7,true
f4df457b-6a03-5727-88cf-eb166a68317c,sgx_securities_prices,SGX,https://www.sgx.com/securities/securities-prices,official,exchange_directory,review_required,,,review_required,false,review_required,review_required,,,,7,true
27b25e5c-00ec-59f1-9194-87263a3da892,six_equity_issuers,SIX,https://www.six-group.com/sheldon/equity_issuers/v1/equity_issuers.json,official,listed_companies_subset,review_required,,,review_required,false,review_required,review_required,,,,30,true
f6636c43-c0c4-5ed4-b120-7090885869b6,six_etf_products,SIX,"https://www.six-group.com/fqs/ref.csv?select=FundLongName,ValorSymbol,FundReutersTicker,FundBloombergTicker,ValorNumber,ISIN,IssuerLongNameDesc,IssuerNameFull,TradingBaseCurrency,FundCurrency,ManagementFee,ReplicationMethodDesc,ManagementStyleDesc,MarketMakers,ClosingPrice,ClosingPerformance,ClosingDelta,FundUnderlyingDescription,BidVolume,BidPrice,AskVolume,AskPrice,MidSpread,PreviousClosingPrice,MarketDate,MarketTime,OpeningPrice,DailyLowPrice,OnMarketVolume,OffBookVolume,TotalTurnover,TotalTurnoverCHF,ProductLineDesc,AssetClassDesc,UnderlyingGeographicalDesc,LegalStructureCountryDesc,UnderlyingProviderDesc&where=ProductLine=ET*PortalSegment=FU&orderby=FundLongName&page=1&pagesize=99999",official,listed_companies_subset,review_required,,,review_required,false,review_required,review_required,,,,30,true
3b8cd66a-3176-501f-96fa-5cb96328bc73,six_etp_products,SIX,"https://www.six-group.com/fqs/ref.csv?select=FundLongName,ValorSymbol,FundReutersTicker,FundBloombergTicker,ValorNumber,ISIN,IssuerLongNameDesc,IssuerNameFull,TradingBaseCurrency,FundCurrency,ManagementFee,ReplicationMethodDesc,ManagementStyleDesc,MarketMakers,ClosingPrice,ClosingPerformance,ClosingDelta,FundUnderlyingDescription,BidVolume,BidPrice,AskVolume,AskPrice,MidSpread,PreviousClosingPrice,MarketDate,MarketTime,OpeningPrice,DailyLowPrice,OnMarketVolume,OffBookVolume,TotalTurnover,TotalTurnoverCHF,ProductLineDesc,AssetClassDesc,UnderlyingGeographicalDesc,LegalStructureCountryDesc,UnderlyingProviderDesc&where=ProductLine=EP*PortalSegment=EP&orderby=FundLongName&page=1&pagesize=99999",official,listed_companies_subset,review_required,,,review_required,false,review_required,review_required,,,,30,true
358e5f3b-a92a-5ccd-80fb-e1a064882259,six_shares_explorer_full,SIX,https://www.six-group.com/fqs/ref.json,official,listed_companies_subset,review_required,,,review_required,false,review_required,review_required,,,,30,true
53fb6e24-ea05-5f96-a15d-d8241956d776,spotlight_companies_directory,Spotlight,https://spotlightstockmarket.com/Umbraco/api/companyapi/GetCompanies,official,listed_companies_subset,review_required,,,review_required,false,review_required,review_required,,,,30,true
ff3f2407-06c5-5956-afd6-ba5fa5c0cd40,spotlight_companies_search,Spotlight,https://spotlightstockmarket.com/Umbraco/api/companyapi/CompanySimpleSearch,official,listed_companies_subset,review_required,,,review_required,false,review_required,review_required,,,,30,true
39e2bb4d-69e8-5ad1-b8fe-880a7255ea67,sse_a_share_list,SSE,https://www.sse.com.cn/assortment/stock/list/share/,official,listed_companies_subset,review_required,,,review_required,false,review_required,review_required,,,,30,true
befcb151-5733-5bd1-b225-7bc0cd86abd4,sse_etf_list,SSE,https://www.sse.com.cn/assortment/fund/etf/list/,official,listed_companies_subset,review_required,,,review_required,false,review_required,review_required,,,,30,true
5143762c-f485-5926-8e0c-d66a8dfff84d,szse_a_share_list,SZSE,https://www.szse.cn/market/product/stock/list/index.html,official,listed_companies_subset,review_required,,,review_required,false,review_required,review_required,,,,30,true
2e55848b-e631-5281-9ac8-16f135725047,szse_b_share_list,SZSE,https://www.szse.cn/market/product/stock/list/index.html,official,listed_companies_subset,review_required,,,review_required,false,review_required,review_required,,,,30,true
a1808acd-fbfb-55bf-8a49-ad4b563442d0,szse_etf_list,SZSE,https://www.szse.cn/market/product/list/etfList/index.html,official,listed_companies_subset,review_required,,,review_required,false,review_required,review_required,,,,30,true
3b6b499c-1ad2-5f61-be99-4678fa3ff93f,tadawul_main_market_watch,Saudi Exchange,https://www.saudiexchange.sa/wps/portal/tadawul/market-participants/issuers/issuers-directory,official,exchange_directory,review_required,,,review_required,false,review_required,review_required,,,,7,true
43e956cc-c387-551a-b23e-d7d347c02d55,tase_etf_marketdata,TASE,https://api.tase.co.il/api/marketdata/etfs,official,listed_companies_subset,review_required,,,review_required,false,review_required,review_required,,,,30,true
62c08428-7d41-5e66-81fe-3598b1e4b0c6,tase_foreign_etf_search,TASE,https://api.tase.co.il/api/content/searchentities?lang=1,official,listed_companies_subset,review_required,,,review_required,false,review_required,review_required,,,,30,true
4e946fe9-549a-5a43-b9f7-110c7eb0c3dd,tase_participating_unit_search,TASE,https://api.tase.co.il/api/content/searchentities?lang=1,official,listed_companies_subset,review_required,,,review_required,false,review_required,review_required,,,,30,true
56d4d3e7-d997-5b20-aa6e-3851e7d8e3c8,tase_securities_marketdata,TASE,https://api.tase.co.il/api/security/securitiesmarketdata,official,listed_companies_subset,review_required,,,review_required,false,review_required,review_required,,,,30,true
73562b4b-9098-53c0-9b84-676a3999ba78,tmx_etf_screener,TMX,https://dgr53wu9i7rmp.cloudfront.net/etfs/etfs.json,official,listed_companies_subset,review_required,,,review_required,false,review_required,review_required,,,,30,true
56382ede-f7d0-5621-9229-dab564765b5c,tmx_interlisted_companies,TMX,https://www.tsx.com/files/trading/interlisted-companies.txt,official,interlisted_subset,review_required,,,review_required,false,review_required,review_required,,,,30,true
9ce49729-b5d2-5005-b44c-a13df7406668,tmx_listed_issuers,TMX,https://www.tsx.com/en/listings/current-market-statistics/mig-archives,official,listed_companies_subset,review_required,,,review_required,false,review_required,review_required,,,,30,true
bb392fff-795e-5d40-beb5-a16949c54c6b,tpex_emerging_basic_info,MOPS,https://mopsfin.twse.com.tw/opendata/t187ap03_R.csv,official,listed_companies_subset,review_required,,,review_required,false,review_required,review_required,,,,30,true
85a70497-cbf6-533b-a834-38d2cd7bcd9e,tpex_etf_filter,TPEX,https://info.tpex.org.tw/ETF/en/filter.html,official,listed_companies_subset,review_required,,,review_required,false,review_required,review_required,,,,30,true
160fa291-986b-528b-af56-391417b612f1,tpex_mainboard_basic_info,MOPS,https://mopsfin.twse.com.tw/opendata/t187ap03_O.csv,official,listed_companies_subset,review_required,,,review_required,false,review_required,review_required,,,,30,true
a279286b-34be-5c6b-b13c-badfc8edc897,tpex_mainboard_daily_quotes,TPEX,https://www.tpex.org.tw/openapi/v1/tpex_mainboard_daily_close_quotes,official,listed_companies_subset,review_required,,,review_required,false,review_required,review_required,,,,30,true
a7262efa-e80b-58ad-9541-b26939c94804,twse_etf_list,TWSE,https://openapi.twse.com.tw/v1/opendata/t187ap47_L,official,listed_companies_subset,review_required,,,review_required,false,review_required,review_required,,,,30,true
51fed55a-3ff1-52fe-983c-6d669bc63dad,twse_listed_companies,TWSE,https://openapi.twse.com.tw/v1/opendata/t187ap03_L,official,exchange_directory,review_required,,,review_required,false,review_required,review_required,,,,7,true
8f49cfa4-2013-5933-a3e3-196a0a536432,unresolved_identifier_wkn,WKN,unresolved://identifier/unresolved_identifier_wkn,registry,identifier_enrichment,review_required,,,review_required,false,review_required,review_required,,,,30,true
bdf79fbe-ac3d-5cdf-8368-aa89bc3f99fa,upcom_registered_securities,HNX,https://www.hnx.vn/cophieu-etfs/chung-khoan-uc.html,official,exchange_directory,review_required,,,review_required,false,review_required,review_required,,,,7,true
3aeb6228-c042-53e7-b5c6-15c9efcb19e5,use_ug_listed_companies,USE Uganda,https://www.use.or.ug/market-statistics/market-snapshot,official,listed_companies_subset,review_required,,,review_required,false,review_required,review_required,,,,30,true
c96b7caf-1e14-5d88-979c-695875521645,vienna_listed_companies,Wiener Boerse,https://www.wienerborse.at/en/listing/shares/companies-list/,official,listed_companies_subset,review_required,,,review_required,false,review_required,review_required,,,,30,true
bc1a1b5e-4049-5131-97e1-305794eeeac7,wse_etf_list,GPW,https://www.gpw.pl/etfy,official,listed_companies_subset,review_required,,,review_required,false,review_required,review_required,,,,30,true
deeb7eba-fbbd-5689-b01d-d4fd6ec1592a,wse_listed_companies,GPW,https://www.gpw.pl/spolki,official,listed_companies_subset,review_required,,,review_required,false,review_required,review_required,,,,30,true
ff40b3aa-ffcb-543d-a316-a4d158ecba24,zagreb_securities_directory,ZSE Croatia,https://zse.hr/en/shares/68,official,listed_companies_subset,review_required,,,review_required,false,review_required,review_required,,,,30,true
9adfc56d-9b92-5875-8896-ede66d94847e,zse_zw_listed_companies,ZSE Zimbabwe,https://www.zse.co.zw/listed-securities/equity,official,listed_companies_subset,review_required,,,review_required,false,review_required,review_required,,,,30,true
