venue_id,exchange_code,operating_mic,segment_mic,canonical_name,country_code,status
65d40104-cf99-51b6-a5d4-4a443f0d30dc,ADX,XADS,,Abu Dhabi Securities Exchange,AE,active
68c81921-2717-5389-82a6-f406db25c8eb,AMS,XAMS,,Euronext Amsterdam,NL,active
cdc75976-ecf1-5b6b-870b-62d8e0bdb315,ASX,XASX,,Australian Securities Exchange,AU,active
4e56a927-26e0-557e-a549-044676c67b3c,ATHEX,ASEX,XATH,Athens Exchange,GR,active
df840cad-d132-53a2-ba65-19c26676bd51,B3,BVMF,,B3 - Brasil Bolsa Balcao,BR,active
d5fbe21e-7bfd-5efb-ac4c-5435e70231a6,BATS,BATS,,Cboe BZX U.S. Equities Exchange,US,active
9c923fa0-2add-562a-b7cc-8c31201a61d7,BCBA,XBUE,,Bolsas y Mercados Argentinos,AR,active
0709d48e-36bd-55b1-a121-76a0e3e0d3a3,BHB,XBAH,,Bahrain Bourse,BH,active
a797f96e-5a28-5cba-810f-27e57971878a,BIST,XIST,,Borsa Istanbul,TR,active
eb5edb2f-3d76-54d4-86d7-669c6d40442d,BK,XKUW,,Boursa Kuwait,KW,active
084023a8-d92b-512a-8f8c-81afe08b6157,BME,XMAD,,Bolsa de Madrid,ES,active
3bedadfe-7d2d-574e-87e4-8a4f9e09c2b5,BMV,XMEX,,Bolsa Mexicana de Valores,MX,active
931c42db-9e5e-529a-b2b3-651ae1282d19,BSE_BW,XBOT,,Botswana Stock Exchange,BW,active
2e886f70-0900-5634-a88a-172a137c67b4,BSE_HU,XBUD,,Budapest Stock Exchange,HU,active
8a1530e0-1f1f-5714-8a28-d0c06b9fc4ea,BSE_IN,XBOM,,BSE Ltd,IN,active
78d22a27-54dd-5545-b30d-b91f3fecd5cd,BVB,XBSE,,Bucharest Stock Exchange,RO,active
1c7c7ce3-69e9-579b-9fcc-6eb857217904,BVC,XBOG,,Bolsa de Valores de Colombia,CO,active
198c1780-8caa-5e5f-a5e8-1fa38547f085,BVL,XLIM,,Bolsa de Valores de Lima,PE,active
caa86a32-3ce8-5ee0-a6fc-e14c567fc7d3,Borsa Italiana,XMIL,,Borsa Italiana,IT,active
77b81262-b0b2-52a9-9055-78faf25386c0,Bursa,XKLS,,Bursa Malaysia,MY,active
97314da6-07fd-5c96-9b62-f232da5e5fba,CPH,XCSE,,Nasdaq Copenhagen,DK,active
a533e788-b139-505c-bef2-6bcf629f2de9,CSE_LK,XCOL,,Colombo Stock Exchange,LK,active
b16dc378-147a-527b-819b-9c3a5ace0df4,CSE_MA,XCAS,,Casablanca Stock Exchange,MA,active
555818c5-fcd1-5b48-aaea-df0d322b8d2b,DFM,XDFM,,Dubai Financial Market,AE,active
61733db1-c792-5cd7-bcaf-dee67252974f,DSE_TZ,XDAR,,Dar es Salaam Stock Exchange,TZ,active
4c125372-7cc6-51f8-835a-3a8e3c409ffa,EGX,XCAI,,Egyptian Exchange,EG,active
e7e7c608-a4b3-5d59-ae5a-4a553cb890fe,Euronext,XPAR,,Euronext Paris,FR,active
798e0a86-3def-5a71-a5b4-c4c0d03d650d,FSX,XFRA,,Frankfurt Stock Exchange,DE,active
56d4a8c1-98ac-594c-af3b-8bfbda950861,GSE,XGHA,,Ghana Stock Exchange,GH,active
59e41fcb-b5d8-5359-a3c6-6636ed9238df,HEL,XHEL,,Nasdaq Helsinki,FI,active
66070ff1-716f-5efa-bebc-0982d2709dc0,HKEX,XHKG,,Hong Kong Exchanges and Clearing,HK,active
ad13103b-856f-5c64-8486-f17d85858469,HNX,HSTC,,Hanoi Stock Exchange,VN,active
406f149b-198f-5e3e-a8f7-9854fafd25a9,HOSE,XSTC,,Ho Chi Minh Stock Exchange,VN,active
a7df2408-b8cf-5edd-9c9c-dbf55bd16e94,ICE_IS,XICE,,Nasdaq Iceland,IS,active
37b8cad4-d789-5bdd-9d17-e043e1cc8140,IDX,XIDX,,Indonesia Stock Exchange,ID,active
46477a64-5860-5325-a01b-9af75913f3ff,ISE,XDUB,,Euronext Dublin,IE,active
f74daadc-751e-5ea5-a8c2-fe072605f281,JSE,XJSE,,Johannesburg Stock Exchange,ZA,active
c42ad060-b4df-5051-b2fe-3ea25c816d60,KOSDAQ,XKRX,XKOS,KOSDAQ,KR,active
786b0687-79dc-5219-8ea1-ac1316875213,KRX,XKRX,,Korea Exchange,KR,active
31ce0b03-60d2-590c-a57d-e4a97c17a1e5,LSE,XLON,,London Stock Exchange,GB,active
302f2bc0-9f13-5be1-9c86-8ed9b196102c,LUSE,XLUS,,Lusaka Securities Exchange,ZM,active
80dfa53f-6531-5c86-b33a-795f9ed74938,MSE_MW,XMSW,,Malawi Stock Exchange,MW,active
2e86e053-6421-5304-a656-a1d908d46db1,MSX,XMUS,,Muscat Stock Exchange,OM,active
8fd5b36f-e476-5611-a9a8-b6e310abc6ea,Munich,XMUN,,Boerse Muenchen,DE,active
242ac971-70e8-525d-b131-0c120977b4ad,NASDAQ,XNAS,,Nasdaq,US,active
4e9accc2-a945-513c-84f3-2089964c94bb,NEO,NEOE,,NEO Exchange,CA,active
4d4f1eb5-82f5-5797-92a5-06705e40fdb6,NGX,XNSA,,Nigerian Exchange,NG,active
23d2783a-d7ac-5c09-aad1-f4bb81e19be5,NMFQS,XNAS,,Nasdaq Mutual Fund Quotation Service,US,active
2a18d077-c8eb-5d69-b46b-b9f16b9c6712,NSE_IN,XNSE,,National Stock Exchange of India,IN,active
c02d650e-337e-5645-b9f0-aa03ef987b9f,NSE_KE,XNAI,,Nairobi Securities Exchange,KE,active
5144d114-e75a-592c-aebe-0bdc0d2fb422,NYSE,XNYS,,New York Stock Exchange,US,active
cbd03ef7-1e28-5e85-8934-7c18d5734f39,NYSE ARCA,ARCX,,NYSE Arca,US,active
9ba0141e-f29b-5c78-a689-88f4814ea9b3,NYSE MKT,XASE,,NYSE American,US,active
e1ae47ca-136c-5f9e-bff2-ed28190ff764,NZX,XNZE,,New Zealand Exchange,NZ,active
593a9c08-d2c8-5290-ba04-aa1e1a573b8c,OSL,XOSL,,Oslo Bors,NO,active
6352224e-39cb-5330-8663-295df1a02a71,OTC,OTCM,PINX,OTC Markets,US,active
7fa2b8de-cbc1-5a30-bdb5-8ec7e7361164,PSE,XPHS,,Philippine Stock Exchange,PH,active
8e8b2d16-52cf-56da-9d8c-077130fce0ac,PSE_CZ,XPRA,,Prague Stock Exchange,CZ,active
54cdfbbe-3535-58d9-ab1b-d2c577670680,PSX,XKAR,,Pakistan Stock Exchange,PK,active
ba8ab629-5acc-5e46-9c9d-ec56b2a1a33c,QSE,DSMD,,Qatar Stock Exchange,QA,active
02cbdd01-7c3c-5632-87c1-5bb40433dcf0,RSE,RSEX,,Rwanda Stock Exchange,RW,active
ab5309ec-5254-5b13-b88b-d3b18a19b5ee,SEM,XMAU,,Stock Exchange of Mauritius,MU,active
43c0730c-dad8-5834-8b43-8a69877720c8,SET,XBKK,,The Stock Exchange of Thailand,TH,active
10372f95-f0a6-5517-9560-9ed14148e8f8,SGX,XSES,,Singapore Exchange,SG,active
e59a1f21-512b-5fa1-8ba1-5f74a8d23e0b,SIX,XSWX,,SIX Swiss Exchange,CH,active
07276dee-8215-5ec2-b265-521391313633,SSE,XSHG,,Shanghai Stock Exchange,CN,active
5d517b68-6797-57e7-a76e-821fabccfe8e,SSE_CL,XSGO,,Santiago Stock Exchange,CL,active
e7c01e03-72e5-52cd-9d6a-cf15911b0a1c,STO,XSTO,,Nasdaq Stockholm,SE,active
adaba4c1-e8de-57ca-9339-8a4cb99ea981,SZSE,XSHE,,Shenzhen Stock Exchange,CN,active
cdea95c0-bf59-57c1-8244-79ca75206d59,TADAWUL,XSAU,,Saudi Exchange,SA,active
fed95ffe-178b-5e03-9006-ff59cb7d7ccc,TASE,XTAE,,Tel Aviv Stock Exchange,IL,active
46fee15d-f895-5193-af0d-570f57da381f,TPEX,ROCO,,Taipei Exchange,TW,active
8b8bcf1c-a6e3-57d9-8463-6c902d7de1e7,TSE,XJPX,XTKS,Tokyo Stock Exchange,JP,active
472b15b5-f890-525b-a29a-9558d461f32e,TSX,XTSE,,Toronto Stock Exchange,CA,active
f3a15340-16d1-503c-b0b8-124faf391f0f,TSXV,XTSX,,TSX Venture Exchange,CA,active
c18fc6ca-ba50-5100-b91c-e02b2dff1fe3,TWSE,XTAI,,Taiwan Stock Exchange,TW,active
e13b0f4c-9e3e-5784-b99d-4e4f0931b1e8,UPCOM,HSTC,,HNX UPCoM,VN,active
ef875482-70e7-51ab-828f-07d9e1bfaad5,USE_UG,XUGA,,Uganda Securities Exchange,UG,active
0a71d313-5db4-51c0-abd7-340034101ee8,VSE,XWBO,,Wiener Boerse,AT,active
04fcc7f8-4dbb-5d84-8e82-bf25b4b1c873,WSE,XWAR,,Warsaw Stock Exchange,PL,active
1231aa2e-0ad6-5892-a304-11fc14be33f8,XDUS,XDUS,,Boerse Duesseldorf,DE,active
e8866574-1f77-5796-9ee1-2fffb6aa3e67,XETRA,XETR,,Xetra,DE,active
cb1329b3-ae56-590d-81db-0054f90eb6e1,XHAM,XHAM,,Hamburger Boerse,DE,active
e836056c-85b0-5163-ae86-1f361f71fe97,XHAN,XHAN,,Niedersaechsische Boerse zu Hannover,DE,active
523839c4-35a9-5582-a77a-be83d371b6fa,XSTU,XSTU,,Boerse Stuttgart,DE,active
f0343158-da33-5eba-bd13-c61be6756dc1,ZSE,XZAG,,Zagreb Stock Exchange,HR,active
d33009f3-6da1-586e-945f-ef06a483560b,ZSE_ZW,XZIM,,Zimbabwe Stock Exchange,ZW,active
