listing_key,ticker,exchange,asset_type,name,gap_class,source_of_truth_outcome,core_action,fill_action,review_needed,recommended_next_source,source_gate,official_source_context,official_capability,official_masterfile_match,official_masterfile_sources,official_masterfile_sector_values,official_masterfile_exposes_sector,weak_sector_resolution_queue,residual_decision,review_bucket,review_priority,apply_eligibility,verification_evidence_required,review_strategy,recommended_next_action
PSE::DFNN,DFNN,PSE,Stock,DFNN Inc,official_industry_taxonomy_unavailable_gap,accepted_source_gap,keep_in_current_scope,leave_blank_until_source_available,true,Updated official masterfile or issuer taxonomy exposing sector for the exact listing; current source: pse_listed_company_directory.,Keep sector blank until an official masterfile or issuer record exposes sector for the exact listing.,official_masterfile_sources=pse_listed_company_directory;official_sector_values=none,masterfile_match=true;masterfile_exposes_sector=false,true,pse_listed_company_directory,,false,official_masterfile_without_sector_source_gap,accepted_source_gap_official_masterfile_without_sector,official_masterfile_without_sector_source_gap,P3,keep_sector_blank_until_official_masterfile_exposes_sector_or_reviewed_taxonomy,official_masterfile_or_issuer_taxonomy_update_exposing_sector_for_exact_listing,keep_blank_until_official_masterfile_or_issuer_sector_source,keep_sector_blank_until_official_or_reviewed_venue_specific_taxonomy_exists
PSE::DIZ,DIZ,PSE,Stock,Dizon Copper Silver Mines Inc,official_industry_taxonomy_unavailable_gap,accepted_source_gap,keep_in_current_scope,leave_blank_until_source_available,true,Updated official masterfile or issuer taxonomy exposing sector for the exact listing; current source: pse_listed_company_directory.,Keep sector blank until an official masterfile or issuer record exposes sector for the exact listing.,official_masterfile_sources=pse_listed_company_directory;official_sector_values=none,masterfile_match=true;masterfile_exposes_sector=false,true,pse_listed_company_directory,,false,official_masterfile_without_sector_source_gap,accepted_source_gap_official_masterfile_without_sector,official_masterfile_without_sector_source_gap,P3,keep_sector_blank_until_official_masterfile_exposes_sector_or_reviewed_taxonomy,official_masterfile_or_issuer_taxonomy_update_exposing_sector_for_exact_listing,keep_blank_until_official_masterfile_or_issuer_sector_source,keep_sector_blank_until_official_or_reviewed_venue_specific_taxonomy_exists
PSE::DMW,DMW,PSE,Stock,DM WENCESLAO & ASSOCIATES Inc,official_industry_taxonomy_unavailable_gap,accepted_source_gap,keep_in_current_scope,leave_blank_until_source_available,true,Updated official masterfile or issuer taxonomy exposing sector for the exact listing; current source: pse_listed_company_directory.,Keep sector blank until an official masterfile or issuer record exposes sector for the exact listing.,official_masterfile_sources=pse_listed_company_directory;official_sector_values=none,masterfile_match=true;masterfile_exposes_sector=false,true,pse_listed_company_directory,,false,official_masterfile_without_sector_source_gap,accepted_source_gap_official_masterfile_without_sector,official_masterfile_without_sector_source_gap,P3,keep_sector_blank_until_official_masterfile_exposes_sector_or_reviewed_taxonomy,official_masterfile_or_issuer_taxonomy_update_exposing_sector_for_exact_listing,keep_blank_until_official_masterfile_or_issuer_sector_source,keep_sector_blank_until_official_or_reviewed_venue_specific_taxonomy_exists
PSE::DWC,DWC,PSE,Stock,Discovery World Corp,official_industry_taxonomy_unavailable_gap,accepted_source_gap,keep_in_current_scope,leave_blank_until_source_available,true,Updated official masterfile or issuer taxonomy exposing sector for the exact listing; current source: pse_listed_company_directory.,Keep sector blank until an official masterfile or issuer record exposes sector for the exact listing.,official_masterfile_sources=pse_listed_company_directory;official_sector_values=none,masterfile_match=true;masterfile_exposes_sector=false,true,pse_listed_company_directory,,false,official_masterfile_without_sector_source_gap,accepted_source_gap_official_masterfile_without_sector,official_masterfile_without_sector_source_gap,P3,keep_sector_blank_until_official_masterfile_exposes_sector_or_reviewed_taxonomy,official_masterfile_or_issuer_taxonomy_update_exposing_sector_for_exact_listing,keep_blank_until_official_masterfile_or_issuer_sector_source,keep_sector_blank_until_official_or_reviewed_venue_specific_taxonomy_exists
PSE::ECVC,ECVC,PSE,Stock,East Coast Vulcan Mining Corporation,official_industry_taxonomy_unavailable_gap,accepted_source_gap,keep_in_current_scope,leave_blank_until_source_available,true,Updated official masterfile or issuer taxonomy exposing sector for the exact listing; current source: pse_listed_company_directory.,Keep sector blank until an official masterfile or issuer record exposes sector for the exact listing.,official_masterfile_sources=pse_listed_company_directory;official_sector_values=none,masterfile_match=true;masterfile_exposes_sector=false,true,pse_listed_company_directory,,false,official_masterfile_without_sector_source_gap,accepted_source_gap_official_masterfile_without_sector,official_masterfile_without_sector_source_gap,P3,keep_sector_blank_until_official_masterfile_exposes_sector_or_reviewed_taxonomy,official_masterfile_or_issuer_taxonomy_update_exposing_sector_for_exact_listing,keep_blank_until_official_masterfile_or_issuer_sector_source,keep_sector_blank_until_official_or_reviewed_venue_specific_taxonomy_exists
PSE::ENEX,ENEX,PSE,Stock,ENEX Energy Corp.,official_industry_taxonomy_unavailable_gap,accepted_source_gap,keep_in_current_scope,leave_blank_until_source_available,true,Updated official masterfile or issuer taxonomy exposing sector for the exact listing; current source: pse_listed_company_directory.,Keep sector blank until an official masterfile or issuer record exposes sector for the exact listing.,official_masterfile_sources=pse_listed_company_directory;official_sector_values=none,masterfile_match=true;masterfile_exposes_sector=false,true,pse_listed_company_directory,,false,official_masterfile_without_sector_source_gap,accepted_source_gap_official_masterfile_without_sector,official_masterfile_without_sector_source_gap,P3,keep_sector_blank_until_official_masterfile_exposes_sector_or_reviewed_taxonomy,official_masterfile_or_issuer_taxonomy_update_exposing_sector_for_exact_listing,keep_blank_until_official_masterfile_or_issuer_sector_source,keep_sector_blank_until_official_or_reviewed_venue_specific_taxonomy_exists
PSE::FDC,FDC,PSE,Stock,Filinvest Development Coproration,official_industry_taxonomy_unavailable_gap,accepted_source_gap,keep_in_current_scope,leave_blank_until_source_available,true,Updated official masterfile or issuer taxonomy exposing sector for the exact listing; current source: pse_listed_company_directory.,Keep sector blank until an official masterfile or issuer record exposes sector for the exact listing.,official_masterfile_sources=pse_listed_company_directory;official_sector_values=none,masterfile_match=true;masterfile_exposes_sector=false,true,pse_listed_company_directory,,false,official_masterfile_without_sector_source_gap,accepted_source_gap_official_masterfile_without_sector,official_masterfile_without_sector_source_gap,P3,keep_sector_blank_until_official_masterfile_exposes_sector_or_reviewed_taxonomy,official_masterfile_or_issuer_taxonomy_update_exposing_sector_for_exact_listing,keep_blank_until_official_masterfile_or_issuer_sector_source,keep_sector_blank_until_official_or_reviewed_venue_specific_taxonomy_exists
PSE::FDCPB,FDCPB,PSE,Stock,Filinvest Development Corp,official_industry_taxonomy_unavailable_gap,accepted_source_gap,keep_in_current_scope,leave_blank_until_source_available,true,Updated official masterfile or issuer taxonomy exposing sector for the exact listing; current source: pse_listed_company_directory.,Keep sector blank until an official masterfile or issuer record exposes sector for the exact listing.,official_masterfile_sources=pse_listed_company_directory;official_sector_values=none,masterfile_match=true;masterfile_exposes_sector=false,true,pse_listed_company_directory,,false,official_masterfile_without_sector_source_gap,accepted_source_gap_official_masterfile_without_sector,official_masterfile_without_sector_source_gap,P3,keep_sector_blank_until_official_masterfile_exposes_sector_or_reviewed_taxonomy,official_masterfile_or_issuer_taxonomy_update_exposing_sector_for_exact_listing,keep_blank_until_official_masterfile_or_issuer_sector_source,keep_sector_blank_until_official_or_reviewed_venue_specific_taxonomy_exists
PSE::FNI,FNI,PSE,Stock,Global Ferronickel Holdings Inc,official_industry_taxonomy_unavailable_gap,accepted_source_gap,keep_in_current_scope,leave_blank_until_source_available,true,Updated official masterfile or issuer taxonomy exposing sector for the exact listing; current source: pse_listed_company_directory.,Keep sector blank until an official masterfile or issuer record exposes sector for the exact listing.,official_masterfile_sources=pse_listed_company_directory;official_sector_values=none,masterfile_match=true;masterfile_exposes_sector=false,true,pse_listed_company_directory,,false,official_masterfile_without_sector_source_gap,accepted_source_gap_official_masterfile_without_sector,official_masterfile_without_sector_source_gap,P3,keep_sector_blank_until_official_masterfile_exposes_sector_or_reviewed_taxonomy,official_masterfile_or_issuer_taxonomy_update_exposing_sector_for_exact_listing,keep_blank_until_official_masterfile_or_issuer_sector_source,keep_sector_blank_until_official_or_reviewed_venue_specific_taxonomy_exists
PSE::FRUIT,FRUIT,PSE,Stock,Fruitas Holdings Inc,official_industry_taxonomy_unavailable_gap,accepted_source_gap,keep_in_current_scope,leave_blank_until_source_available,true,Updated official masterfile or issuer taxonomy exposing sector for the exact listing; current source: pse_listed_company_directory.,Keep sector blank until an official masterfile or issuer record exposes sector for the exact listing.,official_masterfile_sources=pse_listed_company_directory;official_sector_values=none,masterfile_match=true;masterfile_exposes_sector=false,true,pse_listed_company_directory,,false,official_masterfile_without_sector_source_gap,accepted_source_gap_official_masterfile_without_sector,official_masterfile_without_sector_source_gap,P3,keep_sector_blank_until_official_masterfile_exposes_sector_or_reviewed_taxonomy,official_masterfile_or_issuer_taxonomy_update_exposing_sector_for_exact_listing,keep_blank_until_official_masterfile_or_issuer_sector_source,keep_sector_blank_until_official_or_reviewed_venue_specific_taxonomy_exists
PSE::GERI,GERI,PSE,Stock,Global-Estate Resorts Inc,official_industry_taxonomy_unavailable_gap,accepted_source_gap,keep_in_current_scope,leave_blank_until_source_available,true,Updated official masterfile or issuer taxonomy exposing sector for the exact listing; current source: pse_listed_company_directory.,Keep sector blank until an official masterfile or issuer record exposes sector for the exact listing.,official_masterfile_sources=pse_listed_company_directory;official_sector_values=none,masterfile_match=true;masterfile_exposes_sector=false,true,pse_listed_company_directory,,false,official_masterfile_without_sector_source_gap,accepted_source_gap_official_masterfile_without_sector,official_masterfile_without_sector_source_gap,P3,keep_sector_blank_until_official_masterfile_exposes_sector_or_reviewed_taxonomy,official_masterfile_or_issuer_taxonomy_update_exposing_sector_for_exact_listing,keep_blank_until_official_masterfile_or_issuer_sector_source,keep_sector_blank_until_official_or_reviewed_venue_specific_taxonomy_exists
PSE::GMA7,GMA7,PSE,Stock,GMA Network Inc,official_industry_taxonomy_unavailable_gap,accepted_source_gap,keep_in_current_scope,leave_blank_until_source_available,true,Updated official masterfile or issuer taxonomy exposing sector for the exact listing; current source: pse_listed_company_directory.,Keep sector blank until an official masterfile or issuer record exposes sector for the exact listing.,official_masterfile_sources=pse_listed_company_directory;official_sector_values=none,masterfile_match=true;masterfile_exposes_sector=false,true,pse_listed_company_directory,,false,official_masterfile_without_sector_source_gap,accepted_source_gap_official_masterfile_without_sector,official_masterfile_without_sector_source_gap,P3,keep_sector_blank_until_official_masterfile_exposes_sector_or_reviewed_taxonomy,official_masterfile_or_issuer_taxonomy_update_exposing_sector_for_exact_listing,keep_blank_until_official_masterfile_or_issuer_sector_source,keep_sector_blank_until_official_or_reviewed_venue_specific_taxonomy_exists
PSE::GSMI,GSMI,PSE,Stock,Ginebra San Miguel Inc,official_industry_taxonomy_unavailable_gap,accepted_source_gap,keep_in_current_scope,leave_blank_until_source_available,true,Updated official masterfile or issuer taxonomy exposing sector for the exact listing; current source: pse_listed_company_directory.,Keep sector blank until an official masterfile or issuer record exposes sector for the exact listing.,official_masterfile_sources=pse_listed_company_directory;official_sector_values=none,masterfile_match=true;masterfile_exposes_sector=false,true,pse_listed_company_directory,,false,official_masterfile_without_sector_source_gap,accepted_source_gap_official_masterfile_without_sector,official_masterfile_without_sector_source_gap,P3,keep_sector_blank_until_official_masterfile_exposes_sector_or_reviewed_taxonomy,official_masterfile_or_issuer_taxonomy_update_exposing_sector_for_exact_listing,keep_blank_until_official_masterfile_or_issuer_sector_source,keep_sector_blank_until_official_or_reviewed_venue_specific_taxonomy_exists
PSE::GTCAP,GTCAP,PSE,Stock,GT Capital Holdings Inc,official_industry_taxonomy_unavailable_gap,accepted_source_gap,keep_in_current_scope,leave_blank_until_source_available,true,Updated official masterfile or issuer taxonomy exposing sector for the exact listing; current source: pse_listed_company_directory.,Keep sector blank until an official masterfile or issuer record exposes sector for the exact listing.,official_masterfile_sources=pse_listed_company_directory;official_sector_values=none,masterfile_match=true;masterfile_exposes_sector=false,true,pse_listed_company_directory,,false,official_masterfile_without_sector_source_gap,accepted_source_gap_official_masterfile_without_sector,official_masterfile_without_sector_source_gap,P3,keep_sector_blank_until_official_masterfile_exposes_sector_or_reviewed_taxonomy,official_masterfile_or_issuer_taxonomy_update_exposing_sector_for_exact_listing,keep_blank_until_official_masterfile_or_issuer_sector_source,keep_sector_blank_until_official_or_reviewed_venue_specific_taxonomy_exists
PSE::KEEPR,KEEPR,PSE,Stock,Keepers Holdings Inc,official_industry_taxonomy_unavailable_gap,accepted_source_gap,keep_in_current_scope,leave_blank_until_source_available,true,Updated official masterfile or issuer taxonomy exposing sector for the exact listing; current source: pse_listed_company_directory.,Keep sector blank until an official masterfile or issuer record exposes sector for the exact listing.,official_masterfile_sources=pse_listed_company_directory;official_sector_values=none,masterfile_match=true;masterfile_exposes_sector=false,true,pse_listed_company_directory,,false,official_masterfile_without_sector_source_gap,accepted_source_gap_official_masterfile_without_sector,official_masterfile_without_sector_source_gap,P3,keep_sector_blank_until_official_masterfile_exposes_sector_or_reviewed_taxonomy,official_masterfile_or_issuer_taxonomy_update_exposing_sector_for_exact_listing,keep_blank_until_official_masterfile_or_issuer_sector_source,keep_sector_blank_until_official_or_reviewed_venue_specific_taxonomy_exists
PSE::KPPI,KPPI,PSE,Stock,Kepwealth Property Phils,official_industry_taxonomy_unavailable_gap,accepted_source_gap,keep_in_current_scope,leave_blank_until_source_available,true,Updated official masterfile or issuer taxonomy exposing sector for the exact listing; current source: pse_listed_company_directory.,Keep sector blank until an official masterfile or issuer record exposes sector for the exact listing.,official_masterfile_sources=pse_listed_company_directory;official_sector_values=none,masterfile_match=true;masterfile_exposes_sector=false,true,pse_listed_company_directory,,false,official_masterfile_without_sector_source_gap,accepted_source_gap_official_masterfile_without_sector,official_masterfile_without_sector_source_gap,P3,keep_sector_blank_until_official_masterfile_exposes_sector_or_reviewed_taxonomy,official_masterfile_or_issuer_taxonomy_update_exposing_sector_for_exact_listing,keep_blank_until_official_masterfile_or_issuer_sector_source,keep_sector_blank_until_official_or_reviewed_venue_specific_taxonomy_exists
PSE::LCB,LCB,PSE,Stock,Lepanto Consolidated Mining Co B,official_industry_taxonomy_unavailable_gap,accepted_source_gap,keep_in_current_scope,leave_blank_until_source_available,true,Updated official masterfile or issuer taxonomy exposing sector for the exact listing; current source: pse_listed_company_directory.,Keep sector blank until an official masterfile or issuer record exposes sector for the exact listing.,official_masterfile_sources=pse_listed_company_directory;official_sector_values=none,masterfile_match=true;masterfile_exposes_sector=false,true,pse_listed_company_directory,,false,official_masterfile_without_sector_source_gap,accepted_source_gap_official_masterfile_without_sector,official_masterfile_without_sector_source_gap,P3,keep_sector_blank_until_official_masterfile_exposes_sector_or_reviewed_taxonomy,official_masterfile_or_issuer_taxonomy_update_exposing_sector_for_exact_listing,keep_blank_until_official_masterfile_or_issuer_sector_source,keep_sector_blank_until_official_or_reviewed_venue_specific_taxonomy_exists
PSE::LFM,LFM,PSE,Stock,Liberty Flour Mills Inc,official_industry_taxonomy_unavailable_gap,accepted_source_gap,keep_in_current_scope,leave_blank_until_source_available,true,Updated official masterfile or issuer taxonomy exposing sector for the exact listing; current source: pse_listed_company_directory.,Keep sector blank until an official masterfile or issuer record exposes sector for the exact listing.,official_masterfile_sources=pse_listed_company_directory;official_sector_values=none,masterfile_match=true;masterfile_exposes_sector=false,true,pse_listed_company_directory,,false,official_masterfile_without_sector_source_gap,accepted_source_gap_official_masterfile_without_sector,official_masterfile_without_sector_source_gap,P3,keep_sector_blank_until_official_masterfile_exposes_sector_or_reviewed_taxonomy,official_masterfile_or_issuer_taxonomy_update_exposing_sector_for_exact_listing,keep_blank_until_official_masterfile_or_issuer_sector_source,keep_sector_blank_until_official_or_reviewed_venue_specific_taxonomy_exists
PSE::LTG,LTG,PSE,Stock,LT Group Inc,official_industry_taxonomy_unavailable_gap,accepted_source_gap,keep_in_current_scope,leave_blank_until_source_available,true,Updated official masterfile or issuer taxonomy exposing sector for the exact listing; current source: pse_listed_company_directory.,Keep sector blank until an official masterfile or issuer record exposes sector for the exact listing.,official_masterfile_sources=pse_listed_company_directory;official_sector_values=none,masterfile_match=true;masterfile_exposes_sector=false,true,pse_listed_company_directory,,false,official_masterfile_without_sector_source_gap,accepted_source_gap_official_masterfile_without_sector,official_masterfile_without_sector_source_gap,P3,keep_sector_blank_until_official_masterfile_exposes_sector_or_reviewed_taxonomy,official_masterfile_or_issuer_taxonomy_update_exposing_sector_for_exact_listing,keep_blank_until_official_masterfile_or_issuer_sector_source,keep_sector_blank_until_official_or_reviewed_venue_specific_taxonomy_exists
PSE::MARC,MARC,PSE,Stock,Marcventures Holdings Inc,official_industry_taxonomy_unavailable_gap,accepted_source_gap,keep_in_current_scope,leave_blank_until_source_available,true,Updated official masterfile or issuer taxonomy exposing sector for the exact listing; current source: pse_listed_company_directory.,Keep sector blank until an official masterfile or issuer record exposes sector for the exact listing.,official_masterfile_sources=pse_listed_company_directory;official_sector_values=none,masterfile_match=true;masterfile_exposes_sector=false,true,pse_listed_company_directory,,false,official_masterfile_without_sector_source_gap,accepted_source_gap_official_masterfile_without_sector,official_masterfile_without_sector_source_gap,P3,keep_sector_blank_until_official_masterfile_exposes_sector_or_reviewed_taxonomy,official_masterfile_or_issuer_taxonomy_update_exposing_sector_for_exact_listing,keep_blank_until_official_masterfile_or_issuer_sector_source,keep_sector_blank_until_official_or_reviewed_venue_specific_taxonomy_exists
PSE::MAXS,MAXS,PSE,Stock,Max’s Group Inc,official_industry_taxonomy_unavailable_gap,accepted_source_gap,keep_in_current_scope,leave_blank_until_source_available,true,Updated official masterfile or issuer taxonomy exposing sector for the exact listing; current source: pse_listed_company_directory.,Keep sector blank until an official masterfile or issuer record exposes sector for the exact listing.,official_masterfile_sources=pse_listed_company_directory;official_sector_values=none,masterfile_match=true;masterfile_exposes_sector=false,true,pse_listed_company_directory,,false,official_masterfile_without_sector_source_gap,accepted_source_gap_official_masterfile_without_sector,official_masterfile_without_sector_source_gap,P3,keep_sector_blank_until_official_masterfile_exposes_sector_or_reviewed_taxonomy,official_masterfile_or_issuer_taxonomy_update_exposing_sector_for_exact_listing,keep_blank_until_official_masterfile_or_issuer_sector_source,keep_sector_blank_until_official_or_reviewed_venue_specific_taxonomy_exists
PSE::MM,MM,PSE,Stock,Merrymart Consumer Corp,official_industry_taxonomy_unavailable_gap,accepted_source_gap,keep_in_current_scope,leave_blank_until_source_available,true,Updated official masterfile or issuer taxonomy exposing sector for the exact listing; current source: pse_listed_company_directory.,Keep sector blank until an official masterfile or issuer record exposes sector for the exact listing.,official_masterfile_sources=pse_listed_company_directory;official_sector_values=none,masterfile_match=true;masterfile_exposes_sector=false,true,pse_listed_company_directory,,false,official_masterfile_without_sector_source_gap,accepted_source_gap_official_masterfile_without_sector,official_masterfile_without_sector_source_gap,P3,keep_sector_blank_until_official_masterfile_exposes_sector_or_reviewed_taxonomy,official_masterfile_or_issuer_taxonomy_update_exposing_sector_for_exact_listing,keep_blank_until_official_masterfile_or_issuer_sector_source,keep_sector_blank_until_official_or_reviewed_venue_specific_taxonomy_exists
PSE::MONDE,MONDE,PSE,Stock,Monde Nissin Corp,official_industry_taxonomy_unavailable_gap,accepted_source_gap,keep_in_current_scope,leave_blank_until_source_available,true,Updated official masterfile or issuer taxonomy exposing sector for the exact listing; current source: pse_listed_company_directory.,Keep sector blank until an official masterfile or issuer record exposes sector for the exact listing.,official_masterfile_sources=pse_listed_company_directory;official_sector_values=none,masterfile_match=true;masterfile_exposes_sector=false,true,pse_listed_company_directory,,false,official_masterfile_without_sector_source_gap,accepted_source_gap_official_masterfile_without_sector,official_masterfile_without_sector_source_gap,P3,keep_sector_blank_until_official_masterfile_exposes_sector_or_reviewed_taxonomy,official_masterfile_or_issuer_taxonomy_update_exposing_sector_for_exact_listing,keep_blank_until_official_masterfile_or_issuer_sector_source,keep_sector_blank_until_official_or_reviewed_venue_specific_taxonomy_exists
PSE::MREIT,MREIT,PSE,Stock,MREIT Inc,official_industry_taxonomy_unavailable_gap,accepted_source_gap,keep_in_current_scope,leave_blank_until_source_available,true,Updated official masterfile or issuer taxonomy exposing sector for the exact listing; current source: pse_listed_company_directory.,Keep sector blank until an official masterfile or issuer record exposes sector for the exact listing.,official_masterfile_sources=pse_listed_company_directory;official_sector_values=none,masterfile_match=true;masterfile_exposes_sector=false,true,pse_listed_company_directory,,false,official_masterfile_without_sector_source_gap,accepted_source_gap_official_masterfile_without_sector,official_masterfile_without_sector_source_gap,P3,keep_sector_blank_until_official_masterfile_exposes_sector_or_reviewed_taxonomy,official_masterfile_or_issuer_taxonomy_update_exposing_sector_for_exact_listing,keep_blank_until_official_masterfile_or_issuer_sector_source,keep_sector_blank_until_official_or_reviewed_venue_specific_taxonomy_exists
PSE::MRSGI,MRSGI,PSE,Stock,Metro Retail Stores Group Inc,official_industry_taxonomy_unavailable_gap,accepted_source_gap,keep_in_current_scope,leave_blank_until_source_available,true,Updated official masterfile or issuer taxonomy exposing sector for the exact listing; current source: pse_listed_company_directory.,Keep sector blank until an official masterfile or issuer record exposes sector for the exact listing.,official_masterfile_sources=pse_listed_company_directory;official_sector_values=none,masterfile_match=true;masterfile_exposes_sector=false,true,pse_listed_company_directory,,false,official_masterfile_without_sector_source_gap,accepted_source_gap_official_masterfile_without_sector,official_masterfile_without_sector_source_gap,P3,keep_sector_blank_until_official_masterfile_exposes_sector_or_reviewed_taxonomy,official_masterfile_or_issuer_taxonomy_update_exposing_sector_for_exact_listing,keep_blank_until_official_masterfile_or_issuer_sector_source,keep_sector_blank_until_official_or_reviewed_venue_specific_taxonomy_exists
PSE::MWIDE,MWIDE,PSE,Stock,Megawide Construction Corp,official_industry_taxonomy_unavailable_gap,accepted_source_gap,keep_in_current_scope,leave_blank_until_source_available,true,Updated official masterfile or issuer taxonomy exposing sector for the exact listing; current source: pse_listed_company_directory.,Keep sector blank until an official masterfile or issuer record exposes sector for the exact listing.,official_masterfile_sources=pse_listed_company_directory;official_sector_values=none,masterfile_match=true;masterfile_exposes_sector=false,true,pse_listed_company_directory,,false,official_masterfile_without_sector_source_gap,accepted_source_gap_official_masterfile_without_sector,official_masterfile_without_sector_source_gap,P3,keep_sector_blank_until_official_masterfile_exposes_sector_or_reviewed_taxonomy,official_masterfile_or_issuer_taxonomy_update_exposing_sector_for_exact_listing,keep_blank_until_official_masterfile_or_issuer_sector_source,keep_sector_blank_until_official_or_reviewed_venue_specific_taxonomy_exists
PSE::MYNLD,MYNLD,PSE,Stock,"Maynilad Water Services, Inc",official_industry_taxonomy_unavailable_gap,accepted_source_gap,keep_in_current_scope,leave_blank_until_source_available,true,Updated official masterfile or issuer taxonomy exposing sector for the exact listing; current source: pse_listed_company_directory.,Keep sector blank until an official masterfile or issuer record exposes sector for the exact listing.,official_masterfile_sources=pse_listed_company_directory;official_sector_values=none,masterfile_match=true;masterfile_exposes_sector=false,true,pse_listed_company_directory,,false,official_masterfile_without_sector_source_gap,accepted_source_gap_official_masterfile_without_sector,official_masterfile_without_sector_source_gap,P3,keep_sector_blank_until_official_masterfile_exposes_sector_or_reviewed_taxonomy,official_masterfile_or_issuer_taxonomy_update_exposing_sector_for_exact_listing,keep_blank_until_official_masterfile_or_issuer_sector_source,keep_sector_blank_until_official_or_reviewed_venue_specific_taxonomy_exists
PSE::NRCP,NRCP,PSE,Stock,National Reinsurance Corporation of the Philippines,official_industry_taxonomy_unavailable_gap,accepted_source_gap,keep_in_current_scope,leave_blank_until_source_available,true,Updated official masterfile or issuer taxonomy exposing sector for the exact listing; current source: pse_listed_company_directory.,Keep sector blank until an official masterfile or issuer record exposes sector for the exact listing.,official_masterfile_sources=pse_listed_company_directory;official_sector_values=none,masterfile_match=true;masterfile_exposes_sector=false,true,pse_listed_company_directory,,false,official_masterfile_without_sector_source_gap,accepted_source_gap_official_masterfile_without_sector,official_masterfile_without_sector_source_gap,P3,keep_sector_blank_until_official_masterfile_exposes_sector_or_reviewed_taxonomy,official_masterfile_or_issuer_taxonomy_update_exposing_sector_for_exact_listing,keep_blank_until_official_masterfile_or_issuer_sector_source,keep_sector_blank_until_official_or_reviewed_venue_specific_taxonomy_exists
PSE::OGP,OGP,PSE,Stock,OceanaGold Philippines Inc,official_industry_taxonomy_unavailable_gap,accepted_source_gap,keep_in_current_scope,leave_blank_until_source_available,true,Updated official masterfile or issuer taxonomy exposing sector for the exact listing; current source: pse_listed_company_directory.,Keep sector blank until an official masterfile or issuer record exposes sector for the exact listing.,official_masterfile_sources=pse_listed_company_directory;official_sector_values=none,masterfile_match=true;masterfile_exposes_sector=false,true,pse_listed_company_directory,,false,official_masterfile_without_sector_source_gap,accepted_source_gap_official_masterfile_without_sector,official_masterfile_without_sector_source_gap,P3,keep_sector_blank_until_official_masterfile_exposes_sector_or_reviewed_taxonomy,official_masterfile_or_issuer_taxonomy_update_exposing_sector_for_exact_listing,keep_blank_until_official_masterfile_or_issuer_sector_source,keep_sector_blank_until_official_or_reviewed_venue_specific_taxonomy_exists
PSE::OPMB,OPMB,PSE,Stock,Oriental Petroleum and Minerals Corp B,official_industry_taxonomy_unavailable_gap,accepted_source_gap,keep_in_current_scope,leave_blank_until_source_available,true,Updated official masterfile or issuer taxonomy exposing sector for the exact listing; current source: pse_listed_company_directory.,Keep sector blank until an official masterfile or issuer record exposes sector for the exact listing.,official_masterfile_sources=pse_listed_company_directory;official_sector_values=none,masterfile_match=true;masterfile_exposes_sector=false,true,pse_listed_company_directory,,false,official_masterfile_without_sector_source_gap,accepted_source_gap_official_masterfile_without_sector,official_masterfile_without_sector_source_gap,P3,keep_sector_blank_until_official_masterfile_exposes_sector_or_reviewed_taxonomy,official_masterfile_or_issuer_taxonomy_update_exposing_sector_for_exact_listing,keep_blank_until_official_masterfile_or_issuer_sector_source,keep_sector_blank_until_official_or_reviewed_venue_specific_taxonomy_exists
PSE::OV,OV,PSE,Stock,Philodrill Corp,official_industry_taxonomy_unavailable_gap,accepted_source_gap,keep_in_current_scope,leave_blank_until_source_available,true,Updated official masterfile or issuer taxonomy exposing sector for the exact listing; current source: pse_listed_company_directory.,Keep sector blank until an official masterfile or issuer record exposes sector for the exact listing.,official_masterfile_sources=pse_listed_company_directory;official_sector_values=none,masterfile_match=true;masterfile_exposes_sector=false,true,pse_listed_company_directory,,false,official_masterfile_without_sector_source_gap,accepted_source_gap_official_masterfile_without_sector,official_masterfile_without_sector_source_gap,P3,keep_sector_blank_until_official_masterfile_exposes_sector_or_reviewed_taxonomy,official_masterfile_or_issuer_taxonomy_update_exposing_sector_for_exact_listing,keep_blank_until_official_masterfile_or_issuer_sector_source,keep_sector_blank_until_official_or_reviewed_venue_specific_taxonomy_exists
PSE::PERC,PERC,PSE,Stock,PetroEnergy Resources Corp,official_industry_taxonomy_unavailable_gap,accepted_source_gap,keep_in_current_scope,leave_blank_until_source_available,true,Updated official masterfile or issuer taxonomy exposing sector for the exact listing; current source: pse_listed_company_directory.,Keep sector blank until an official masterfile or issuer record exposes sector for the exact listing.,official_masterfile_sources=pse_listed_company_directory;official_sector_values=none,masterfile_match=true;masterfile_exposes_sector=false,true,pse_listed_company_directory,,false,official_masterfile_without_sector_source_gap,accepted_source_gap_official_masterfile_without_sector,official_masterfile_without_sector_source_gap,P3,keep_sector_blank_until_official_masterfile_exposes_sector_or_reviewed_taxonomy,official_masterfile_or_issuer_taxonomy_update_exposing_sector_for_exact_listing,keep_blank_until_official_masterfile_or_issuer_sector_source,keep_sector_blank_until_official_or_reviewed_venue_specific_taxonomy_exists
PSE::PHES,PHES,PSE,Stock,Philippine Estates Corp,official_industry_taxonomy_unavailable_gap,accepted_source_gap,keep_in_current_scope,leave_blank_until_source_available,true,Updated official masterfile or issuer taxonomy exposing sector for the exact listing; current source: pse_listed_company_directory.,Keep sector blank until an official masterfile or issuer record exposes sector for the exact listing.,official_masterfile_sources=pse_listed_company_directory;official_sector_values=none,masterfile_match=true;masterfile_exposes_sector=false,true,pse_listed_company_directory,,false,official_masterfile_without_sector_source_gap,accepted_source_gap_official_masterfile_without_sector,official_masterfile_without_sector_source_gap,P3,keep_sector_blank_until_official_masterfile_exposes_sector_or_reviewed_taxonomy,official_masterfile_or_issuer_taxonomy_update_exposing_sector_for_exact_listing,keep_blank_until_official_masterfile_or_issuer_sector_source,keep_sector_blank_until_official_or_reviewed_venue_specific_taxonomy_exists
PSE::PIZZA,PIZZA,PSE,Stock,Shakey’s Pizza Asia Ventures Inc,official_industry_taxonomy_unavailable_gap,accepted_source_gap,keep_in_current_scope,leave_blank_until_source_available,true,Updated official masterfile or issuer taxonomy exposing sector for the exact listing; current source: pse_listed_company_directory.,Keep sector blank until an official masterfile or issuer record exposes sector for the exact listing.,official_masterfile_sources=pse_listed_company_directory;official_sector_values=none,masterfile_match=true;masterfile_exposes_sector=false,true,pse_listed_company_directory,,false,official_masterfile_without_sector_source_gap,accepted_source_gap_official_masterfile_without_sector,official_masterfile_without_sector_source_gap,P3,keep_sector_blank_until_official_masterfile_exposes_sector_or_reviewed_taxonomy,official_masterfile_or_issuer_taxonomy_update_exposing_sector_for_exact_listing,keep_blank_until_official_masterfile_or_issuer_sector_source,keep_sector_blank_until_official_or_reviewed_venue_specific_taxonomy_exists
PSE::PMPC,PMPC,PSE,Stock,Panasonic Manufacturing Philippines Corp,official_industry_taxonomy_unavailable_gap,accepted_source_gap,keep_in_current_scope,leave_blank_until_source_available,true,Updated official masterfile or issuer taxonomy exposing sector for the exact listing; current source: pse_listed_company_directory.,Keep sector blank until an official masterfile or issuer record exposes sector for the exact listing.,official_masterfile_sources=pse_listed_company_directory;official_sector_values=none,masterfile_match=true;masterfile_exposes_sector=false,true,pse_listed_company_directory,,false,official_masterfile_without_sector_source_gap,accepted_source_gap_official_masterfile_without_sector,official_masterfile_without_sector_source_gap,P3,keep_sector_blank_until_official_masterfile_exposes_sector_or_reviewed_taxonomy,official_masterfile_or_issuer_taxonomy_update_exposing_sector_for_exact_listing,keep_blank_until_official_masterfile_or_issuer_sector_source,keep_sector_blank_until_official_or_reviewed_venue_specific_taxonomy_exists
PSE::PNB,PNB,PSE,Stock,Philippine National Bank,official_industry_taxonomy_unavailable_gap,accepted_source_gap,keep_in_current_scope,leave_blank_until_source_available,true,Updated official masterfile or issuer taxonomy exposing sector for the exact listing; current source: pse_listed_company_directory.,Keep sector blank until an official masterfile or issuer record exposes sector for the exact listing.,official_masterfile_sources=pse_listed_company_directory;official_sector_values=none,masterfile_match=true;masterfile_exposes_sector=false,true,pse_listed_company_directory,,false,official_masterfile_without_sector_source_gap,accepted_source_gap_official_masterfile_without_sector,official_masterfile_without_sector_source_gap,P3,keep_sector_blank_until_official_masterfile_exposes_sector_or_reviewed_taxonomy,official_masterfile_or_issuer_taxonomy_update_exposing_sector_for_exact_listing,keep_blank_until_official_masterfile_or_issuer_sector_source,keep_sector_blank_until_official_or_reviewed_venue_specific_taxonomy_exists
PSE::PRMX,PRMX,PSE,Stock,Primex Corp,official_industry_taxonomy_unavailable_gap,accepted_source_gap,keep_in_current_scope,leave_blank_until_source_available,true,Updated official masterfile or issuer taxonomy exposing sector for the exact listing; current source: pse_listed_company_directory.,Keep sector blank until an official masterfile or issuer record exposes sector for the exact listing.,official_masterfile_sources=pse_listed_company_directory;official_sector_values=none,masterfile_match=true;masterfile_exposes_sector=false,true,pse_listed_company_directory,,false,official_masterfile_without_sector_source_gap,accepted_source_gap_official_masterfile_without_sector,official_masterfile_without_sector_source_gap,P3,keep_sector_blank_until_official_masterfile_exposes_sector_or_reviewed_taxonomy,official_masterfile_or_issuer_taxonomy_update_exposing_sector_for_exact_listing,keep_blank_until_official_masterfile_or_issuer_sector_source,keep_sector_blank_until_official_or_reviewed_venue_specific_taxonomy_exists
PSE::PXP,PXP,PSE,Stock,PXP Energy Corp,official_industry_taxonomy_unavailable_gap,accepted_source_gap,keep_in_current_scope,leave_blank_until_source_available,true,Updated official masterfile or issuer taxonomy exposing sector for the exact listing; current source: pse_listed_company_directory.,Keep sector blank until an official masterfile or issuer record exposes sector for the exact listing.,official_masterfile_sources=pse_listed_company_directory;official_sector_values=none,masterfile_match=true;masterfile_exposes_sector=false,true,pse_listed_company_directory,,false,official_masterfile_without_sector_source_gap,accepted_source_gap_official_masterfile_without_sector,official_masterfile_without_sector_source_gap,P3,keep_sector_blank_until_official_masterfile_exposes_sector_or_reviewed_taxonomy,official_masterfile_or_issuer_taxonomy_update_exposing_sector_for_exact_listing,keep_blank_until_official_masterfile_or_issuer_sector_source,keep_sector_blank_until_official_or_reviewed_venue_specific_taxonomy_exists
PSE::RRHI,RRHI,PSE,Stock,Robinsons Retail Holdings Inc,official_industry_taxonomy_unavailable_gap,accepted_source_gap,keep_in_current_scope,leave_blank_until_source_available,true,Updated official masterfile or issuer taxonomy exposing sector for the exact listing; current source: pse_listed_company_directory.,Keep sector blank until an official masterfile or issuer record exposes sector for the exact listing.,official_masterfile_sources=pse_listed_company_directory;official_sector_values=none,masterfile_match=true;masterfile_exposes_sector=false,true,pse_listed_company_directory,,false,official_masterfile_without_sector_source_gap,accepted_source_gap_official_masterfile_without_sector,official_masterfile_without_sector_source_gap,P3,keep_sector_blank_until_official_masterfile_exposes_sector_or_reviewed_taxonomy,official_masterfile_or_issuer_taxonomy_update_exposing_sector_for_exact_listing,keep_blank_until_official_masterfile_or_issuer_sector_source,keep_sector_blank_until_official_or_reviewed_venue_specific_taxonomy_exists
PSE::SECB,SECB,PSE,Stock,Security Bank Corp,official_industry_taxonomy_unavailable_gap,accepted_source_gap,keep_in_current_scope,leave_blank_until_source_available,true,Updated official masterfile or issuer taxonomy exposing sector for the exact listing; current source: pse_listed_company_directory.,Keep sector blank until an official masterfile or issuer record exposes sector for the exact listing.,official_masterfile_sources=pse_listed_company_directory;official_sector_values=none,masterfile_match=true;masterfile_exposes_sector=false,true,pse_listed_company_directory,,false,official_masterfile_without_sector_source_gap,accepted_source_gap_official_masterfile_without_sector,official_masterfile_without_sector_source_gap,P3,keep_sector_blank_until_official_masterfile_exposes_sector_or_reviewed_taxonomy,official_masterfile_or_issuer_taxonomy_update_exposing_sector_for_exact_listing,keep_blank_until_official_masterfile_or_issuer_sector_source,keep_sector_blank_until_official_or_reviewed_venue_specific_taxonomy_exists
PSE::SHLPH,SHLPH,PSE,Stock,Pilipinas Shell Petroleum Corp,official_industry_taxonomy_unavailable_gap,accepted_source_gap,keep_in_current_scope,leave_blank_until_source_available,true,Updated official masterfile or issuer taxonomy exposing sector for the exact listing; current source: pse_listed_company_directory.,Keep sector blank until an official masterfile or issuer record exposes sector for the exact listing.,official_masterfile_sources=pse_listed_company_directory;official_sector_values=none,masterfile_match=true;masterfile_exposes_sector=false,true,pse_listed_company_directory,,false,official_masterfile_without_sector_source_gap,accepted_source_gap_official_masterfile_without_sector,official_masterfile_without_sector_source_gap,P3,keep_sector_blank_until_official_masterfile_exposes_sector_or_reviewed_taxonomy,official_masterfile_or_issuer_taxonomy_update_exposing_sector_for_exact_listing,keep_blank_until_official_masterfile_or_issuer_sector_source,keep_sector_blank_until_official_or_reviewed_venue_specific_taxonomy_exists
PSE::SHNG,SHNG,PSE,Stock,Shang Properties Inc,official_industry_taxonomy_unavailable_gap,accepted_source_gap,keep_in_current_scope,leave_blank_until_source_available,true,Updated official masterfile or issuer taxonomy exposing sector for the exact listing; current source: pse_listed_company_directory.,Keep sector blank until an official masterfile or issuer record exposes sector for the exact listing.,official_masterfile_sources=pse_listed_company_directory;official_sector_values=none,masterfile_match=true;masterfile_exposes_sector=false,true,pse_listed_company_directory,,false,official_masterfile_without_sector_source_gap,accepted_source_gap_official_masterfile_without_sector,official_masterfile_without_sector_source_gap,P3,keep_sector_blank_until_official_masterfile_exposes_sector_or_reviewed_taxonomy,official_masterfile_or_issuer_taxonomy_update_exposing_sector_for_exact_listing,keep_blank_until_official_masterfile_or_issuer_sector_source,keep_sector_blank_until_official_or_reviewed_venue_specific_taxonomy_exists
PSE::SPNEC,SPNEC,PSE,Stock,Solar Philippines Nueva Ecija Corp,official_industry_taxonomy_unavailable_gap,accepted_source_gap,keep_in_current_scope,leave_blank_until_source_available,true,Updated official masterfile or issuer taxonomy exposing sector for the exact listing; current source: pse_listed_company_directory.,Keep sector blank until an official masterfile or issuer record exposes sector for the exact listing.,official_masterfile_sources=pse_listed_company_directory;official_sector_values=none,masterfile_match=true;masterfile_exposes_sector=false,true,pse_listed_company_directory,,false,official_masterfile_without_sector_source_gap,accepted_source_gap_official_masterfile_without_sector,official_masterfile_without_sector_source_gap,P3,keep_sector_blank_until_official_masterfile_exposes_sector_or_reviewed_taxonomy,official_masterfile_or_issuer_taxonomy_update_exposing_sector_for_exact_listing,keep_blank_until_official_masterfile_or_issuer_sector_source,keep_sector_blank_until_official_or_reviewed_venue_specific_taxonomy_exists
PSE::TBGI,TBGI,PSE,Stock,Transpacific Broadband Group International Inc,official_industry_taxonomy_unavailable_gap,accepted_source_gap,keep_in_current_scope,leave_blank_until_source_available,true,Updated official masterfile or issuer taxonomy exposing sector for the exact listing; current source: pse_listed_company_directory.,Keep sector blank until an official masterfile or issuer record exposes sector for the exact listing.,official_masterfile_sources=pse_listed_company_directory;official_sector_values=none,masterfile_match=true;masterfile_exposes_sector=false,true,pse_listed_company_directory,,false,official_masterfile_without_sector_source_gap,accepted_source_gap_official_masterfile_without_sector,official_masterfile_without_sector_source_gap,P3,keep_sector_blank_until_official_masterfile_exposes_sector_or_reviewed_taxonomy,official_masterfile_or_issuer_taxonomy_update_exposing_sector_for_exact_listing,keep_blank_until_official_masterfile_or_issuer_sector_source,keep_sector_blank_until_official_or_reviewed_venue_specific_taxonomy_exists
PSE::TUGS,TUGS,PSE,Stock,Harbor Star Shipping Services Inc,official_industry_taxonomy_unavailable_gap,accepted_source_gap,keep_in_current_scope,leave_blank_until_source_available,true,Updated official masterfile or issuer taxonomy exposing sector for the exact listing; current source: pse_listed_company_directory.,Keep sector blank until an official masterfile or issuer record exposes sector for the exact listing.,official_masterfile_sources=pse_listed_company_directory;official_sector_values=none,masterfile_match=true;masterfile_exposes_sector=false,true,pse_listed_company_directory,,false,official_masterfile_without_sector_source_gap,accepted_source_gap_official_masterfile_without_sector,official_masterfile_without_sector_source_gap,P3,keep_sector_blank_until_official_masterfile_exposes_sector_or_reviewed_taxonomy,official_masterfile_or_issuer_taxonomy_update_exposing_sector_for_exact_listing,keep_blank_until_official_masterfile_or_issuer_sector_source,keep_sector_blank_until_official_or_reviewed_venue_specific_taxonomy_exists
PSE::UPSON,UPSON,PSE,Stock,Upson International Corp.,official_industry_taxonomy_unavailable_gap,accepted_source_gap,keep_in_current_scope,leave_blank_until_source_available,true,Updated official masterfile or issuer taxonomy exposing sector for the exact listing; current source: pse_listed_company_directory.,Keep sector blank until an official masterfile or issuer record exposes sector for the exact listing.,official_masterfile_sources=pse_listed_company_directory;official_sector_values=none,masterfile_match=true;masterfile_exposes_sector=false,true,pse_listed_company_directory,,false,official_masterfile_without_sector_source_gap,accepted_source_gap_official_masterfile_without_sector,official_masterfile_without_sector_source_gap,P3,keep_sector_blank_until_official_masterfile_exposes_sector_or_reviewed_taxonomy,official_masterfile_or_issuer_taxonomy_update_exposing_sector_for_exact_listing,keep_blank_until_official_masterfile_or_issuer_sector_source,keep_sector_blank_until_official_or_reviewed_venue_specific_taxonomy_exists
PSE::VLL,VLL,PSE,Stock,Vista Land and Lifescapes Inc,official_industry_taxonomy_unavailable_gap,accepted_source_gap,keep_in_current_scope,leave_blank_until_source_available,true,Updated official masterfile or issuer taxonomy exposing sector for the exact listing; current source: pse_listed_company_directory.,Keep sector blank until an official masterfile or issuer record exposes sector for the exact listing.,official_masterfile_sources=pse_listed_company_directory;official_sector_values=none,masterfile_match=true;masterfile_exposes_sector=false,true,pse_listed_company_directory,,false,official_masterfile_without_sector_source_gap,accepted_source_gap_official_masterfile_without_sector,official_masterfile_without_sector_source_gap,P3,keep_sector_blank_until_official_masterfile_exposes_sector_or_reviewed_taxonomy,official_masterfile_or_issuer_taxonomy_update_exposing_sector_for_exact_listing,keep_blank_until_official_masterfile_or_issuer_sector_source,keep_sector_blank_until_official_or_reviewed_venue_specific_taxonomy_exists
PSE::VREIT,VREIT,PSE,Stock,VistaREIT Inc.,official_industry_taxonomy_unavailable_gap,accepted_source_gap,keep_in_current_scope,leave_blank_until_source_available,true,Updated official masterfile or issuer taxonomy exposing sector for the exact listing; current source: pse_listed_company_directory.,Keep sector blank until an official masterfile or issuer record exposes sector for the exact listing.,official_masterfile_sources=pse_listed_company_directory;official_sector_values=none,masterfile_match=true;masterfile_exposes_sector=false,true,pse_listed_company_directory,,false,official_masterfile_without_sector_source_gap,accepted_source_gap_official_masterfile_without_sector,official_masterfile_without_sector_source_gap,P3,keep_sector_blank_until_official_masterfile_exposes_sector_or_reviewed_taxonomy,official_masterfile_or_issuer_taxonomy_update_exposing_sector_for_exact_listing,keep_blank_until_official_masterfile_or_issuer_sector_source,keep_sector_blank_until_official_or_reviewed_venue_specific_taxonomy_exists
PSE::VVT,VVT,PSE,Stock,Vivant Corp,official_industry_taxonomy_unavailable_gap,accepted_source_gap,keep_in_current_scope,leave_blank_until_source_available,true,Updated official masterfile or issuer taxonomy exposing sector for the exact listing; current source: pse_listed_company_directory.,Keep sector blank until an official masterfile or issuer record exposes sector for the exact listing.,official_masterfile_sources=pse_listed_company_directory;official_sector_values=none,masterfile_match=true;masterfile_exposes_sector=false,true,pse_listed_company_directory,,false,official_masterfile_without_sector_source_gap,accepted_source_gap_official_masterfile_without_sector,official_masterfile_without_sector_source_gap,P3,keep_sector_blank_until_official_masterfile_exposes_sector_or_reviewed_taxonomy,official_masterfile_or_issuer_taxonomy_update_exposing_sector_for_exact_listing,keep_blank_until_official_masterfile_or_issuer_sector_source,keep_sector_blank_until_official_or_reviewed_venue_specific_taxonomy_exists
PSE::WLCON,WLCON,PSE,Stock,Wilcon Depot Inc,official_industry_taxonomy_unavailable_gap,accepted_source_gap,keep_in_current_scope,leave_blank_until_source_available,true,Updated official masterfile or issuer taxonomy exposing sector for the exact listing; current source: pse_listed_company_directory.,Keep sector blank until an official masterfile or issuer record exposes sector for the exact listing.,official_masterfile_sources=pse_listed_company_directory;official_sector_values=none,masterfile_match=true;masterfile_exposes_sector=false,true,pse_listed_company_directory,,false,official_masterfile_without_sector_source_gap,accepted_source_gap_official_masterfile_without_sector,official_masterfile_without_sector_source_gap,P3,keep_sector_blank_until_official_masterfile_exposes_sector_or_reviewed_taxonomy,official_masterfile_or_issuer_taxonomy_update_exposing_sector_for_exact_listing,keep_blank_until_official_masterfile_or_issuer_sector_source,keep_sector_blank_until_official_or_reviewed_venue_specific_taxonomy_exists
PSE::WPI,WPI,PSE,Stock,Waterfront Philippines Inc,official_industry_taxonomy_unavailable_gap,accepted_source_gap,keep_in_current_scope,leave_blank_until_source_available,true,Updated official masterfile or issuer taxonomy exposing sector for the exact listing; current source: pse_listed_company_directory.,Keep sector blank until an official masterfile or issuer record exposes sector for the exact listing.,official_masterfile_sources=pse_listed_company_directory;official_sector_values=none,masterfile_match=true;masterfile_exposes_sector=false,true,pse_listed_company_directory,,false,official_masterfile_without_sector_source_gap,accepted_source_gap_official_masterfile_without_sector,official_masterfile_without_sector_source_gap,P3,keep_sector_blank_until_official_masterfile_exposes_sector_or_reviewed_taxonomy,official_masterfile_or_issuer_taxonomy_update_exposing_sector_for_exact_listing,keep_blank_until_official_masterfile_or_issuer_sector_source,keep_sector_blank_until_official_or_reviewed_venue_specific_taxonomy_exists
PSE::XG,XG,PSE,Stock,NexGen Energy Corp,official_industry_taxonomy_unavailable_gap,accepted_source_gap,keep_in_current_scope,leave_blank_until_source_available,true,Updated official masterfile or issuer taxonomy exposing sector for the exact listing; current source: pse_listed_company_directory.,Keep sector blank until an official masterfile or issuer record exposes sector for the exact listing.,official_masterfile_sources=pse_listed_company_directory;official_sector_values=none,masterfile_match=true;masterfile_exposes_sector=false,true,pse_listed_company_directory,,false,official_masterfile_without_sector_source_gap,accepted_source_gap_official_masterfile_without_sector,official_masterfile_without_sector_source_gap,P3,keep_sector_blank_until_official_masterfile_exposes_sector_or_reviewed_taxonomy,official_masterfile_or_issuer_taxonomy_update_exposing_sector_for_exact_listing,keep_blank_until_official_masterfile_or_issuer_sector_source,keep_sector_blank_until_official_or_reviewed_venue_specific_taxonomy_exists
PSE::ZHI,ZHI,PSE,Stock,Zeus Holdings Inc,official_industry_taxonomy_unavailable_gap,accepted_source_gap,keep_in_current_scope,leave_blank_until_source_available,true,Updated official masterfile or issuer taxonomy exposing sector for the exact listing; current source: pse_listed_company_directory.,Keep sector blank until an official masterfile or issuer record exposes sector for the exact listing.,official_masterfile_sources=pse_listed_company_directory;official_sector_values=none,masterfile_match=true;masterfile_exposes_sector=false,true,pse_listed_company_directory,,false,official_masterfile_without_sector_source_gap,accepted_source_gap_official_masterfile_without_sector,official_masterfile_without_sector_source_gap,P3,keep_sector_blank_until_official_masterfile_exposes_sector_or_reviewed_taxonomy,official_masterfile_or_issuer_taxonomy_update_exposing_sector_for_exact_listing,keep_blank_until_official_masterfile_or_issuer_sector_source,keep_sector_blank_until_official_or_reviewed_venue_specific_taxonomy_exists
SEM::AEIB,AEIB,SEM,Stock,AFREXIMBANK,official_industry_taxonomy_unavailable_gap,accepted_source_gap,keep_in_current_scope,leave_blank_until_source_available,true,Updated official masterfile or issuer taxonomy exposing sector for the exact listing; current source: sem_isin.,Keep sector blank until an official masterfile or issuer record exposes sector for the exact listing.,official_masterfile_sources=sem_isin;official_sector_values=none,masterfile_match=true;masterfile_exposes_sector=false,true,sem_isin,,false,official_masterfile_without_sector_source_gap,accepted_source_gap_official_masterfile_without_sector,official_masterfile_without_sector_source_gap,P3,keep_sector_blank_until_official_masterfile_exposes_sector_or_reviewed_taxonomy,official_masterfile_or_issuer_taxonomy_update_exposing_sector_for_exact_listing,keep_blank_until_official_masterfile_or_issuer_sector_source,keep_sector_blank_until_official_or_reviewed_venue_specific_taxonomy_exists
SEM::AFRP,AFRP,SEM,Stock,AFRICURE PHARMACUETICALS LTD,official_industry_taxonomy_unavailable_gap,accepted_source_gap,keep_in_current_scope,leave_blank_until_source_available,true,Updated official masterfile or issuer taxonomy exposing sector for the exact listing; current source: sem_isin.,Keep sector blank until an official masterfile or issuer record exposes sector for the exact listing.,official_masterfile_sources=sem_isin;official_sector_values=none,masterfile_match=true;masterfile_exposes_sector=false,true,sem_isin,,false,official_masterfile_without_sector_source_gap,accepted_source_gap_official_masterfile_without_sector,official_masterfile_without_sector_source_gap,P3,keep_sector_blank_until_official_masterfile_exposes_sector_or_reviewed_taxonomy,official_masterfile_or_issuer_taxonomy_update_exposing_sector_for_exact_listing,keep_blank_until_official_masterfile_or_issuer_sector_source,keep_sector_blank_until_official_or_reviewed_venue_specific_taxonomy_exists
SEM::ANGM,ANGM,SEM,Stock,SWAN LIFE LTD,official_industry_taxonomy_unavailable_gap,accepted_source_gap,keep_in_current_scope,leave_blank_until_source_available,true,Updated official masterfile or issuer taxonomy exposing sector for the exact listing; current source: sem_isin.,Keep sector blank until an official masterfile or issuer record exposes sector for the exact listing.,official_masterfile_sources=sem_isin;official_sector_values=none,masterfile_match=true;masterfile_exposes_sector=false,true,sem_isin,,false,official_masterfile_without_sector_source_gap,accepted_source_gap_official_masterfile_without_sector,official_masterfile_without_sector_source_gap,P3,keep_sector_blank_until_official_masterfile_exposes_sector_or_reviewed_taxonomy,official_masterfile_or_issuer_taxonomy_update_exposing_sector_for_exact_listing,keep_blank_until_official_masterfile_or_issuer_sector_source,keep_sector_blank_until_official_or_reviewed_venue_specific_taxonomy_exists
SEM::ASCE-A,ASCE-A,SEM,Stock,ASCENCIA LTD,official_industry_taxonomy_unavailable_gap,accepted_source_gap,keep_in_current_scope,leave_blank_until_source_available,true,Updated official masterfile or issuer taxonomy exposing sector for the exact listing; current source: sem_isin.,Keep sector blank until an official masterfile or issuer record exposes sector for the exact listing.,official_masterfile_sources=sem_isin;official_sector_values=none,masterfile_match=true;masterfile_exposes_sector=false,true,sem_isin,,false,official_masterfile_without_sector_source_gap,accepted_source_gap_official_masterfile_without_sector,official_masterfile_without_sector_source_gap,P3,keep_sector_blank_until_official_masterfile_exposes_sector_or_reviewed_taxonomy,official_masterfile_or_issuer_taxonomy_update_exposing_sector_for_exact_listing,keep_blank_until_official_masterfile_or_issuer_sector_source,keep_sector_blank_until_official_or_reviewed_venue_specific_taxonomy_exists
SEM::CHSL,CHSL,SEM,Stock,CONSTANCE HOTELS SERVICES LTD,official_industry_taxonomy_unavailable_gap,accepted_source_gap,keep_in_current_scope,leave_blank_until_source_available,true,Updated official masterfile or issuer taxonomy exposing sector for the exact listing; current source: sem_isin.,Keep sector blank until an official masterfile or issuer record exposes sector for the exact listing.,official_masterfile_sources=sem_isin;official_sector_values=none,masterfile_match=true;masterfile_exposes_sector=false,true,sem_isin,,false,official_masterfile_without_sector_source_gap,accepted_source_gap_official_masterfile_without_sector,official_masterfile_without_sector_source_gap,P3,keep_sector_blank_until_official_masterfile_exposes_sector_or_reviewed_taxonomy,official_masterfile_or_issuer_taxonomy_update_exposing_sector_for_exact_listing,keep_blank_until_official_masterfile_or_issuer_sector_source,keep_sector_blank_until_official_or_reviewed_venue_specific_taxonomy_exists
SEM::CIEL,CIEL,SEM,Stock,CIEL LIMITED,official_industry_taxonomy_unavailable_gap,accepted_source_gap,keep_in_current_scope,leave_blank_until_source_available,true,Updated official masterfile or issuer taxonomy exposing sector for the exact listing; current source: sem_isin.,Keep sector blank until an official masterfile or issuer record exposes sector for the exact listing.,official_masterfile_sources=sem_isin;official_sector_values=none,masterfile_match=true;masterfile_exposes_sector=false,true,sem_isin,,false,official_masterfile_without_sector_source_gap,accepted_source_gap_official_masterfile_without_sector,official_masterfile_without_sector_source_gap,P3,keep_sector_blank_until_official_masterfile_exposes_sector_or_reviewed_taxonomy,official_masterfile_or_issuer_taxonomy_update_exposing_sector_for_exact_listing,keep_blank_until_official_masterfile_or_issuer_sector_source,keep_sector_blank_until_official_or_reviewed_venue_specific_taxonomy_exists
SEM::DCPL,DCPL,SEM,Stock,AGAPE GLOBAL INVESTMENTS LIMITED,official_industry_taxonomy_unavailable_gap,accepted_source_gap,keep_in_current_scope,leave_blank_until_source_available,true,Updated official masterfile or issuer taxonomy exposing sector for the exact listing; current source: sem_isin.,Keep sector blank until an official masterfile or issuer record exposes sector for the exact listing.,official_masterfile_sources=sem_isin;official_sector_values=none,masterfile_match=true;masterfile_exposes_sector=false,true,sem_isin,,false,official_masterfile_without_sector_source_gap,accepted_source_gap_official_masterfile_without_sector,official_masterfile_without_sector_source_gap,P3,keep_sector_blank_until_official_masterfile_exposes_sector_or_reviewed_taxonomy,official_masterfile_or_issuer_taxonomy_update_exposing_sector_for_exact_listing,keep_blank_until_official_masterfile_or_issuer_sector_source,keep_sector_blank_until_official_or_reviewed_venue_specific_taxonomy_exists
SEM::EATS,EATS,SEM,Stock,AFRICA EATS LTD (USD),official_industry_taxonomy_unavailable_gap,accepted_source_gap,keep_in_current_scope,leave_blank_until_source_available,true,Updated official masterfile or issuer taxonomy exposing sector for the exact listing; current source: sem_isin.,Keep sector blank until an official masterfile or issuer record exposes sector for the exact listing.,official_masterfile_sources=sem_isin;official_sector_values=none,masterfile_match=true;masterfile_exposes_sector=false,true,sem_isin,,false,official_masterfile_without_sector_source_gap,accepted_source_gap_official_masterfile_without_sector,official_masterfile_without_sector_source_gap,P3,keep_sector_blank_until_official_masterfile_exposes_sector_or_reviewed_taxonomy,official_masterfile_or_issuer_taxonomy_update_exposing_sector_for_exact_listing,keep_blank_until_official_masterfile_or_issuer_sector_source,keep_sector_blank_until_official_or_reviewed_venue_specific_taxonomy_exists
SEM::ENLG,ENLG,SEM,Stock,ALMARYS LIMITED,official_industry_taxonomy_unavailable_gap,accepted_source_gap,keep_in_current_scope,leave_blank_until_source_available,true,Updated official masterfile or issuer taxonomy exposing sector for the exact listing; current source: sem_isin.,Keep sector blank until an official masterfile or issuer record exposes sector for the exact listing.,official_masterfile_sources=sem_isin;official_sector_values=none,masterfile_match=true;masterfile_exposes_sector=false,true,sem_isin,,false,official_masterfile_without_sector_source_gap,accepted_source_gap_official_masterfile_without_sector,official_masterfile_without_sector_source_gap,P3,keep_sector_blank_until_official_masterfile_exposes_sector_or_reviewed_taxonomy,official_masterfile_or_issuer_taxonomy_update_exposing_sector_for_exact_listing,keep_blank_until_official_masterfile_or_issuer_sector_source,keep_sector_blank_until_official_or_reviewed_venue_specific_taxonomy_exists
SEM::EUDC,EUDC,SEM,Stock,EXCELSIOR UNITED DEVELOPMENT COMPANIES LTD,official_industry_taxonomy_unavailable_gap,accepted_source_gap,keep_in_current_scope,leave_blank_until_source_available,true,Updated official masterfile or issuer taxonomy exposing sector for the exact listing; current source: sem_isin.,Keep sector blank until an official masterfile or issuer record exposes sector for the exact listing.,official_masterfile_sources=sem_isin;official_sector_values=none,masterfile_match=true;masterfile_exposes_sector=false,true,sem_isin,,false,official_masterfile_without_sector_source_gap,accepted_source_gap_official_masterfile_without_sector,official_masterfile_without_sector_source_gap,P3,keep_sector_blank_until_official_masterfile_exposes_sector_or_reviewed_taxonomy,official_masterfile_or_issuer_taxonomy_update_exposing_sector_for_exact_listing,keep_blank_until_official_masterfile_or_issuer_sector_source,keep_sector_blank_until_official_or_reviewed_venue_specific_taxonomy_exists
SEM::HML,HML,SEM,Stock,HAREL MALLAC LTD,official_industry_taxonomy_unavailable_gap,accepted_source_gap,keep_in_current_scope,leave_blank_until_source_available,true,Updated official masterfile or issuer taxonomy exposing sector for the exact listing; current source: sem_isin.,Keep sector blank until an official masterfile or issuer record exposes sector for the exact listing.,official_masterfile_sources=sem_isin;official_sector_values=none,masterfile_match=true;masterfile_exposes_sector=false,true,sem_isin,,false,official_masterfile_without_sector_source_gap,accepted_source_gap_official_masterfile_without_sector,official_masterfile_without_sector_source_gap,P3,keep_sector_blank_until_official_masterfile_exposes_sector_or_reviewed_taxonomy,official_masterfile_or_issuer_taxonomy_update_exposing_sector_for_exact_listing,keep_blank_until_official_masterfile_or_issuer_sector_source,keep_sector_blank_until_official_or_reviewed_venue_specific_taxonomy_exists
SEM::HTLS,HTLS,SEM,Stock,HOTELEST LTD,official_industry_taxonomy_unavailable_gap,accepted_source_gap,keep_in_current_scope,leave_blank_until_source_available,true,Updated official masterfile or issuer taxonomy exposing sector for the exact listing; current source: sem_isin.,Keep sector blank until an official masterfile or issuer record exposes sector for the exact listing.,official_masterfile_sources=sem_isin;official_sector_values=none,masterfile_match=true;masterfile_exposes_sector=false,true,sem_isin,,false,official_masterfile_without_sector_source_gap,accepted_source_gap_official_masterfile_without_sector,official_masterfile_without_sector_source_gap,P3,keep_sector_blank_until_official_masterfile_exposes_sector_or_reviewed_taxonomy,official_masterfile_or_issuer_taxonomy_update_exposing_sector_for_exact_listing,keep_blank_until_official_masterfile_or_issuer_sector_source,keep_sector_blank_until_official_or_reviewed_venue_specific_taxonomy_exists
SEM::HWF,HWF,SEM,Stock,INNODIS LTD,official_industry_taxonomy_unavailable_gap,accepted_source_gap,keep_in_current_scope,leave_blank_until_source_available,true,Updated official masterfile or issuer taxonomy exposing sector for the exact listing; current source: sem_isin.,Keep sector blank until an official masterfile or issuer record exposes sector for the exact listing.,official_masterfile_sources=sem_isin;official_sector_values=none,masterfile_match=true;masterfile_exposes_sector=false,true,sem_isin,,false,official_masterfile_without_sector_source_gap,accepted_source_gap_official_masterfile_without_sector,official_masterfile_without_sector_source_gap,P3,keep_sector_blank_until_official_masterfile_exposes_sector_or_reviewed_taxonomy,official_masterfile_or_issuer_taxonomy_update_exposing_sector_for_exact_listing,keep_blank_until_official_masterfile_or_issuer_sector_source,keep_sector_blank_until_official_or_reviewed_venue_specific_taxonomy_exists
SEM::HWP,HWP,SEM,Stock,HAPPY WORLD PROPERTY LTD,official_industry_taxonomy_unavailable_gap,accepted_source_gap,keep_in_current_scope,leave_blank_until_source_available,true,Updated official masterfile or issuer taxonomy exposing sector for the exact listing; current source: sem_isin.,Keep sector blank until an official masterfile or issuer record exposes sector for the exact listing.,official_masterfile_sources=sem_isin;official_sector_values=none,masterfile_match=true;masterfile_exposes_sector=false,true,sem_isin,,false,official_masterfile_without_sector_source_gap,accepted_source_gap_official_masterfile_without_sector,official_masterfile_without_sector_source_gap,P3,keep_sector_blank_until_official_masterfile_exposes_sector_or_reviewed_taxonomy,official_masterfile_or_issuer_taxonomy_update_exposing_sector_for_exact_listing,keep_blank_until_official_masterfile_or_issuer_sector_source,keep_sector_blank_until_official_or_reviewed_venue_specific_taxonomy_exists
SEM::IBLL,IBLL,SEM,Stock,IBL LTD,official_industry_taxonomy_unavailable_gap,accepted_source_gap,keep_in_current_scope,leave_blank_until_source_available,true,Updated official masterfile or issuer taxonomy exposing sector for the exact listing; current source: sem_isin.,Keep sector blank until an official masterfile or issuer record exposes sector for the exact listing.,official_masterfile_sources=sem_isin;official_sector_values=none,masterfile_match=true;masterfile_exposes_sector=false,true,sem_isin,,false,official_masterfile_without_sector_source_gap,accepted_source_gap_official_masterfile_without_sector,official_masterfile_without_sector_source_gap,P3,keep_sector_blank_until_official_masterfile_exposes_sector_or_reviewed_taxonomy,official_masterfile_or_issuer_taxonomy_update_exposing_sector_for_exact_listing,keep_blank_until_official_masterfile_or_issuer_sector_source,keep_sector_blank_until_official_or_reviewed_venue_specific_taxonomy_exists
SEM::KLOS,KLOS,SEM,Stock,KOLOS CEMENT LTD,official_industry_taxonomy_unavailable_gap,accepted_source_gap,keep_in_current_scope,leave_blank_until_source_available,true,Updated official masterfile or issuer taxonomy exposing sector for the exact listing; current source: sem_isin.,Keep sector blank until an official masterfile or issuer record exposes sector for the exact listing.,official_masterfile_sources=sem_isin;official_sector_values=none,masterfile_match=true;masterfile_exposes_sector=false,true,sem_isin,,false,official_masterfile_without_sector_source_gap,accepted_source_gap_official_masterfile_without_sector,official_masterfile_without_sector_source_gap,P3,keep_sector_blank_until_official_masterfile_exposes_sector_or_reviewed_taxonomy,official_masterfile_or_issuer_taxonomy_update_exposing_sector_for_exact_listing,keep_blank_until_official_masterfile_or_issuer_sector_source,keep_sector_blank_until_official_or_reviewed_venue_specific_taxonomy_exists
SEM::LFL-O,LFL-O,SEM,Stock,LIVESTOCK FEED LTD (ORDINARY),official_industry_taxonomy_unavailable_gap,accepted_source_gap,keep_in_current_scope,leave_blank_until_source_available,true,Updated official masterfile or issuer taxonomy exposing sector for the exact listing; current source: sem_isin.,Keep sector blank until an official masterfile or issuer record exposes sector for the exact listing.,official_masterfile_sources=sem_isin;official_sector_values=none,masterfile_match=true;masterfile_exposes_sector=false,true,sem_isin,,false,official_masterfile_without_sector_source_gap,accepted_source_gap_official_masterfile_without_sector,official_masterfile_without_sector_source_gap,P3,keep_sector_blank_until_official_masterfile_exposes_sector_or_reviewed_taxonomy,official_masterfile_or_issuer_taxonomy_update_exposing_sector_for_exact_listing,keep_blank_until_official_masterfile_or_issuer_sector_source,keep_sector_blank_until_official_or_reviewed_venue_specific_taxonomy_exists
SEM::LMLC-O,LMLC-O,SEM,Stock,LES MOULINS DE LA CONCORDE LT,official_industry_taxonomy_unavailable_gap,accepted_source_gap,keep_in_current_scope,leave_blank_until_source_available,true,Updated official masterfile or issuer taxonomy exposing sector for the exact listing; current source: sem_isin.,Keep sector blank until an official masterfile or issuer record exposes sector for the exact listing.,official_masterfile_sources=sem_isin;official_sector_values=none,masterfile_match=true;masterfile_exposes_sector=false,true,sem_isin,,false,official_masterfile_without_sector_source_gap,accepted_source_gap_official_masterfile_without_sector,official_masterfile_without_sector_source_gap,P3,keep_sector_blank_until_official_masterfile_exposes_sector_or_reviewed_taxonomy,official_masterfile_or_issuer_taxonomy_update_exposing_sector_for_exact_listing,keep_blank_until_official_masterfile_or_issuer_sector_source,keep_sector_blank_until_official_or_reviewed_venue_specific_taxonomy_exists
SEM::LMLC-P,LMLC-P,SEM,Stock,LES MOULINS DE LA CONCORDE LT,official_industry_taxonomy_unavailable_gap,accepted_source_gap,keep_in_current_scope,leave_blank_until_source_available,true,Updated official masterfile or issuer taxonomy exposing sector for the exact listing; current source: sem_isin.,Keep sector blank until an official masterfile or issuer record exposes sector for the exact listing.,official_masterfile_sources=sem_isin;official_sector_values=none,masterfile_match=true;masterfile_exposes_sector=false,true,sem_isin,,false,official_masterfile_without_sector_source_gap,accepted_source_gap_official_masterfile_without_sector,official_masterfile_without_sector_source_gap,P3,keep_sector_blank_until_official_masterfile_exposes_sector_or_reviewed_taxonomy,official_masterfile_or_issuer_taxonomy_update_exposing_sector_for_exact_listing,keep_blank_until_official_masterfile_or_issuer_sector_source,keep_sector_blank_until_official_or_reviewed_venue_specific_taxonomy_exists
SEM::LOTO,LOTO,SEM,Stock,LOTTOTECH LTD,official_industry_taxonomy_unavailable_gap,accepted_source_gap,keep_in_current_scope,leave_blank_until_source_available,true,Updated official masterfile or issuer taxonomy exposing sector for the exact listing; current source: sem_isin.,Keep sector blank until an official masterfile or issuer record exposes sector for the exact listing.,official_masterfile_sources=sem_isin;official_sector_values=none,masterfile_match=true;masterfile_exposes_sector=false,true,sem_isin,,false,official_masterfile_without_sector_source_gap,accepted_source_gap_official_masterfile_without_sector,official_masterfile_without_sector_source_gap,P3,keep_sector_blank_until_official_masterfile_exposes_sector_or_reviewed_taxonomy,official_masterfile_or_issuer_taxonomy_update_exposing_sector_for_exact_listing,keep_blank_until_official_masterfile_or_issuer_sector_source,keep_sector_blank_until_official_or_reviewed_venue_specific_taxonomy_exists
SEM::MCBG,MCBG,SEM,Stock,MCB GROUP LIMITED,official_industry_taxonomy_unavailable_gap,accepted_source_gap,keep_in_current_scope,leave_blank_until_source_available,true,Updated official masterfile or issuer taxonomy exposing sector for the exact listing; current source: sem_isin.,Keep sector blank until an official masterfile or issuer record exposes sector for the exact listing.,official_masterfile_sources=sem_isin;official_sector_values=none,masterfile_match=true;masterfile_exposes_sector=false,true,sem_isin,,false,official_masterfile_without_sector_source_gap,accepted_source_gap_official_masterfile_without_sector,official_masterfile_without_sector_source_gap,P3,keep_sector_blank_until_official_masterfile_exposes_sector_or_reviewed_taxonomy,official_masterfile_or_issuer_taxonomy_update_exposing_sector_for_exact_listing,keep_blank_until_official_masterfile_or_issuer_sector_source,keep_sector_blank_until_official_or_reviewed_venue_specific_taxonomy_exists
SEM::MCFI,MCFI,SEM,Stock,MAURITIUS CHEMICAL & FERTILIZER INDUSTRY LTD,official_industry_taxonomy_unavailable_gap,accepted_source_gap,keep_in_current_scope,leave_blank_until_source_available,true,Updated official masterfile or issuer taxonomy exposing sector for the exact listing; current source: sem_isin.,Keep sector blank until an official masterfile or issuer record exposes sector for the exact listing.,official_masterfile_sources=sem_isin;official_sector_values=none,masterfile_match=true;masterfile_exposes_sector=false,true,sem_isin,,false,official_masterfile_without_sector_source_gap,accepted_source_gap_official_masterfile_without_sector,official_masterfile_without_sector_source_gap,P3,keep_sector_blank_until_official_masterfile_exposes_sector_or_reviewed_taxonomy,official_masterfile_or_issuer_taxonomy_update_exposing_sector_for_exact_listing,keep_blank_until_official_masterfile_or_issuer_sector_source,keep_sector_blank_until_official_or_reviewed_venue_specific_taxonomy_exists
SEM::MCOS,MCOS,SEM,Stock,MAURITIUS COSMETICS LTD,official_industry_taxonomy_unavailable_gap,accepted_source_gap,keep_in_current_scope,leave_blank_until_source_available,true,Updated official masterfile or issuer taxonomy exposing sector for the exact listing; current source: sem_isin.,Keep sector blank until an official masterfile or issuer record exposes sector for the exact listing.,official_masterfile_sources=sem_isin;official_sector_values=none,masterfile_match=true;masterfile_exposes_sector=false,true,sem_isin,,false,official_masterfile_without_sector_source_gap,accepted_source_gap_official_masterfile_without_sector,official_masterfile_without_sector_source_gap,P3,keep_sector_blank_until_official_masterfile_exposes_sector_or_reviewed_taxonomy,official_masterfile_or_issuer_taxonomy_update_exposing_sector_for_exact_listing,keep_blank_until_official_masterfile_or_issuer_sector_source,keep_sector_blank_until_official_or_reviewed_venue_specific_taxonomy_exists
SEM::MFDG,MFDG,SEM,Stock,MFD GROUP LTD,official_industry_taxonomy_unavailable_gap,accepted_source_gap,keep_in_current_scope,leave_blank_until_source_available,true,Updated official masterfile or issuer taxonomy exposing sector for the exact listing; current source: sem_isin.,Keep sector blank until an official masterfile or issuer record exposes sector for the exact listing.,official_masterfile_sources=sem_isin;official_sector_values=none,masterfile_match=true;masterfile_exposes_sector=false,true,sem_isin,,false,official_masterfile_without_sector_source_gap,accepted_source_gap_official_masterfile_without_sector,official_masterfile_without_sector_source_gap,P3,keep_sector_blank_until_official_masterfile_exposes_sector_or_reviewed_taxonomy,official_masterfile_or_issuer_taxonomy_update_exposing_sector_for_exact_listing,keep_blank_until_official_masterfile_or_issuer_sector_source,keep_sector_blank_until_official_or_reviewed_venue_specific_taxonomy_exists
SEM::MIWA,MIWA,SEM,Stock,MIWA SUGAR LIMITED,official_industry_taxonomy_unavailable_gap,accepted_source_gap,keep_in_current_scope,leave_blank_until_source_available,true,Updated official masterfile or issuer taxonomy exposing sector for the exact listing; current source: sem_isin.,Keep sector blank until an official masterfile or issuer record exposes sector for the exact listing.,official_masterfile_sources=sem_isin;official_sector_values=none,masterfile_match=true;masterfile_exposes_sector=false,true,sem_isin,,false,official_masterfile_without_sector_source_gap,accepted_source_gap_official_masterfile_without_sector,official_masterfile_without_sector_source_gap,P3,keep_sector_blank_until_official_masterfile_exposes_sector_or_reviewed_taxonomy,official_masterfile_or_issuer_taxonomy_update_exposing_sector_for_exact_listing,keep_blank_until_official_masterfile_or_issuer_sector_source,keep_sector_blank_until_official_or_reviewed_venue_specific_taxonomy_exists
SEM::MOROIL,MOROIL,SEM,Stock,MAURITIUS OIL REFINERIES LTD,official_industry_taxonomy_unavailable_gap,accepted_source_gap,keep_in_current_scope,leave_blank_until_source_available,true,Updated official masterfile or issuer taxonomy exposing sector for the exact listing; current source: sem_isin.,Keep sector blank until an official masterfile or issuer record exposes sector for the exact listing.,official_masterfile_sources=sem_isin;official_sector_values=none,masterfile_match=true;masterfile_exposes_sector=false,true,sem_isin,,false,official_masterfile_without_sector_source_gap,accepted_source_gap_official_masterfile_without_sector,official_masterfile_without_sector_source_gap,P3,keep_sector_blank_until_official_masterfile_exposes_sector_or_reviewed_taxonomy,official_masterfile_or_issuer_taxonomy_update_exposing_sector_for_exact_listing,keep_blank_until_official_masterfile_or_issuer_sector_source,keep_sector_blank_until_official_or_reviewed_venue_specific_taxonomy_exists
SEM::MSIL,MSIL,SEM,Stock,MAURITIUS SECONDARY INDUSTRIES LTD,official_industry_taxonomy_unavailable_gap,accepted_source_gap,keep_in_current_scope,leave_blank_until_source_available,true,Updated official masterfile or issuer taxonomy exposing sector for the exact listing; current source: sem_isin.,Keep sector blank until an official masterfile or issuer record exposes sector for the exact listing.,official_masterfile_sources=sem_isin;official_sector_values=none,masterfile_match=true;masterfile_exposes_sector=false,true,sem_isin,,false,official_masterfile_without_sector_source_gap,accepted_source_gap_official_masterfile_without_sector,official_masterfile_without_sector_source_gap,P3,keep_sector_blank_until_official_masterfile_exposes_sector_or_reviewed_taxonomy,official_masterfile_or_issuer_taxonomy_update_exposing_sector_for_exact_listing,keep_blank_until_official_masterfile_or_issuer_sector_source,keep_sector_blank_until_official_or_reviewed_venue_specific_taxonomy_exists
SEM::MTMD,MTMD,SEM,Stock,OMNICANE LTD,official_industry_taxonomy_unavailable_gap,accepted_source_gap,keep_in_current_scope,leave_blank_until_source_available,true,Updated official masterfile or issuer taxonomy exposing sector for the exact listing; current source: sem_isin.,Keep sector blank until an official masterfile or issuer record exposes sector for the exact listing.,official_masterfile_sources=sem_isin;official_sector_values=none,masterfile_match=true;masterfile_exposes_sector=false,true,sem_isin,,false,official_masterfile_without_sector_source_gap,accepted_source_gap_official_masterfile_without_sector,official_masterfile_without_sector_source_gap,P3,keep_sector_blank_until_official_masterfile_exposes_sector_or_reviewed_taxonomy,official_masterfile_or_issuer_taxonomy_update_exposing_sector_for_exact_listing,keep_blank_until_official_masterfile_or_issuer_sector_source,keep_sector_blank_until_official_or_reviewed_venue_specific_taxonomy_exists
SEM::NMHL-O,NMHL-O,SEM,Stock,NEW MAURITIUS HOTELS LTD,official_industry_taxonomy_unavailable_gap,accepted_source_gap,keep_in_current_scope,leave_blank_until_source_available,true,Updated official masterfile or issuer taxonomy exposing sector for the exact listing; current source: sem_isin.,Keep sector blank until an official masterfile or issuer record exposes sector for the exact listing.,official_masterfile_sources=sem_isin;official_sector_values=none,masterfile_match=true;masterfile_exposes_sector=false,true,sem_isin,,false,official_masterfile_without_sector_source_gap,accepted_source_gap_official_masterfile_without_sector,official_masterfile_without_sector_source_gap,P3,keep_sector_blank_until_official_masterfile_exposes_sector_or_reviewed_taxonomy,official_masterfile_or_issuer_taxonomy_update_exposing_sector_for_exact_listing,keep_blank_until_official_masterfile_or_issuer_sector_source,keep_sector_blank_until_official_or_reviewed_venue_specific_taxonomy_exists
SEM::PAD,PAD,SEM,Stock,PROMOTION AND DEVELOPMENT LTD,official_industry_taxonomy_unavailable_gap,accepted_source_gap,keep_in_current_scope,leave_blank_until_source_available,true,Updated official masterfile or issuer taxonomy exposing sector for the exact listing; current source: sem_isin.,Keep sector blank until an official masterfile or issuer record exposes sector for the exact listing.,official_masterfile_sources=sem_isin;official_sector_values=none,masterfile_match=true;masterfile_exposes_sector=false,true,sem_isin,,false,official_masterfile_without_sector_source_gap,accepted_source_gap_official_masterfile_without_sector,official_masterfile_without_sector_source_gap,P3,keep_sector_blank_until_official_masterfile_exposes_sector_or_reviewed_taxonomy,official_masterfile_or_issuer_taxonomy_update_exposing_sector_for_exact_listing,keep_blank_until_official_masterfile_or_issuer_sector_source,keep_sector_blank_until_official_or_reviewed_venue_specific_taxonomy_exists
SEM::PCCL,PCCL,SEM,Stock,PAPER CONVERTING COMPANY LTD,official_industry_taxonomy_unavailable_gap,accepted_source_gap,keep_in_current_scope,leave_blank_until_source_available,true,Updated official masterfile or issuer taxonomy exposing sector for the exact listing; current source: sem_isin.,Keep sector blank until an official masterfile or issuer record exposes sector for the exact listing.,official_masterfile_sources=sem_isin;official_sector_values=none,masterfile_match=true;masterfile_exposes_sector=false,true,sem_isin,,false,official_masterfile_without_sector_source_gap,accepted_source_gap_official_masterfile_without_sector,official_masterfile_without_sector_source_gap,P3,keep_sector_blank_until_official_masterfile_exposes_sector_or_reviewed_taxonomy,official_masterfile_or_issuer_taxonomy_update_exposing_sector_for_exact_listing,keep_blank_until_official_masterfile_or_issuer_sector_source,keep_sector_blank_until_official_or_reviewed_venue_specific_taxonomy_exists
SEM::QBL,QBL,SEM,Stock,QUALITY BEVERAGES LTD,official_industry_taxonomy_unavailable_gap,accepted_source_gap,keep_in_current_scope,leave_blank_until_source_available,true,Updated official masterfile or issuer taxonomy exposing sector for the exact listing; current source: sem_isin.,Keep sector blank until an official masterfile or issuer record exposes sector for the exact listing.,official_masterfile_sources=sem_isin;official_sector_values=none,masterfile_match=true;masterfile_exposes_sector=false,true,sem_isin,,false,official_masterfile_without_sector_source_gap,accepted_source_gap_official_masterfile_without_sector,official_masterfile_without_sector_source_gap,P3,keep_sector_blank_until_official_masterfile_exposes_sector_or_reviewed_taxonomy,official_masterfile_or_issuer_taxonomy_update_exposing_sector_for_exact_listing,keep_blank_until_official_masterfile_or_issuer_sector_source,keep_sector_blank_until_official_or_reviewed_venue_specific_taxonomy_exists
SEM::RIVO,RIVO,SEM,Stock,RIVEO LIMITED,official_industry_taxonomy_unavailable_gap,accepted_source_gap,keep_in_current_scope,leave_blank_until_source_available,true,Updated official masterfile or issuer taxonomy exposing sector for the exact listing; current source: sem_isin.,Keep sector blank until an official masterfile or issuer record exposes sector for the exact listing.,official_masterfile_sources=sem_isin;official_sector_values=none,masterfile_match=true;masterfile_exposes_sector=false,true,sem_isin,,false,official_masterfile_without_sector_source_gap,accepted_source_gap_official_masterfile_without_sector,official_masterfile_without_sector_source_gap,P3,keep_sector_blank_until_official_masterfile_exposes_sector_or_reviewed_taxonomy,official_masterfile_or_issuer_taxonomy_update_exposing_sector_for_exact_listing,keep_blank_until_official_masterfile_or_issuer_sector_source,keep_sector_blank_until_official_or_reviewed_venue_specific_taxonomy_exists
SEM::SBMH,SBMH,SEM,Stock,SBM HOLDINGS LTD,official_industry_taxonomy_unavailable_gap,accepted_source_gap,keep_in_current_scope,leave_blank_until_source_available,true,Updated official masterfile or issuer taxonomy exposing sector for the exact listing; current source: sem_isin.,Keep sector blank until an official masterfile or issuer record exposes sector for the exact listing.,official_masterfile_sources=sem_isin;official_sector_values=none,masterfile_match=true;masterfile_exposes_sector=false,true,sem_isin,,false,official_masterfile_without_sector_source_gap,accepted_source_gap_official_masterfile_without_sector,official_masterfile_without_sector_source_gap,P3,keep_sector_blank_until_official_masterfile_exposes_sector_or_reviewed_taxonomy,official_masterfile_or_issuer_taxonomy_update_exposing_sector_for_exact_listing,keep_blank_until_official_masterfile_or_issuer_sector_source,keep_sector_blank_until_official_or_reviewed_venue_specific_taxonomy_exists
SEM::SIT,SIT,SEM,Stock,SIT LAND HOLDINGS OPTIONS,official_industry_taxonomy_unavailable_gap,accepted_source_gap,keep_in_current_scope,leave_blank_until_source_available,true,Updated official masterfile or issuer taxonomy exposing sector for the exact listing; current source: sem_isin.,Keep sector blank until an official masterfile or issuer record exposes sector for the exact listing.,official_masterfile_sources=sem_isin;official_sector_values=none,masterfile_match=true;masterfile_exposes_sector=false,true,sem_isin,,false,official_masterfile_without_sector_source_gap,accepted_source_gap_official_masterfile_without_sector,official_masterfile_without_sector_source_gap,P3,keep_sector_blank_until_official_masterfile_exposes_sector_or_reviewed_taxonomy,official_masterfile_or_issuer_taxonomy_update_exposing_sector_for_exact_listing,keep_blank_until_official_masterfile_or_issuer_sector_source,keep_sector_blank_until_official_or_reviewed_venue_specific_taxonomy_exists
SEM::STFI,STFI,SEM,Stock,STELLARIS FINANCE,official_industry_taxonomy_unavailable_gap,accepted_source_gap,keep_in_current_scope,leave_blank_until_source_available,true,Updated official masterfile or issuer taxonomy exposing sector for the exact listing; current source: sem_isin.,Keep sector blank until an official masterfile or issuer record exposes sector for the exact listing.,official_masterfile_sources=sem_isin;official_sector_values=none,masterfile_match=true;masterfile_exposes_sector=false,true,sem_isin,,false,official_masterfile_without_sector_source_gap,accepted_source_gap_official_masterfile_without_sector,official_masterfile_without_sector_source_gap,P3,keep_sector_blank_until_official_masterfile_exposes_sector_or_reviewed_taxonomy,official_masterfile_or_issuer_taxonomy_update_exposing_sector_for_exact_listing,keep_blank_until_official_masterfile_or_issuer_sector_source,keep_sector_blank_until_official_or_reviewed_venue_specific_taxonomy_exists
SEM::TAD,TAD,SEM,Stock,TADVEST LIMITED - (USD),official_industry_taxonomy_unavailable_gap,accepted_source_gap,keep_in_current_scope,leave_blank_until_source_available,true,Updated official masterfile or issuer taxonomy exposing sector for the exact listing; current source: sem_isin.,Keep sector blank until an official masterfile or issuer record exposes sector for the exact listing.,official_masterfile_sources=sem_isin;official_sector_values=none,masterfile_match=true;masterfile_exposes_sector=false,true,sem_isin,,false,official_masterfile_without_sector_source_gap,accepted_source_gap_official_masterfile_without_sector,official_masterfile_without_sector_source_gap,P3,keep_sector_blank_until_official_masterfile_exposes_sector_or_reviewed_taxonomy,official_masterfile_or_issuer_taxonomy_update_exposing_sector_for_exact_listing,keep_blank_until_official_masterfile_or_issuer_sector_source,keep_sector_blank_until_official_or_reviewed_venue_specific_taxonomy_exists
SEM::TPL-O,TPL-O,SEM,Stock,TROPICAL PARADISE CO. LTD (ORDINARY),official_industry_taxonomy_unavailable_gap,accepted_source_gap,keep_in_current_scope,leave_blank_until_source_available,true,Updated official masterfile or issuer taxonomy exposing sector for the exact listing; current source: sem_isin.,Keep sector blank until an official masterfile or issuer record exposes sector for the exact listing.,official_masterfile_sources=sem_isin;official_sector_values=none,masterfile_match=true;masterfile_exposes_sector=false,true,sem_isin,,false,official_masterfile_without_sector_source_gap,accepted_source_gap_official_masterfile_without_sector,official_masterfile_without_sector_source_gap,P3,keep_sector_blank_until_official_masterfile_exposes_sector_or_reviewed_taxonomy,official_masterfile_or_issuer_taxonomy_update_exposing_sector_for_exact_listing,keep_blank_until_official_masterfile_or_issuer_sector_source,keep_sector_blank_until_official_or_reviewed_venue_specific_taxonomy_exists
SEM::TSAH,TSAH,SEM,Stock,TRANS SWITH AFRICA HOLDINGS LTD (USD),official_industry_taxonomy_unavailable_gap,accepted_source_gap,keep_in_current_scope,leave_blank_until_source_available,true,Updated official masterfile or issuer taxonomy exposing sector for the exact listing; current source: sem_isin.,Keep sector blank until an official masterfile or issuer record exposes sector for the exact listing.,official_masterfile_sources=sem_isin;official_sector_values=none,masterfile_match=true;masterfile_exposes_sector=false,true,sem_isin,,false,official_masterfile_without_sector_source_gap,accepted_source_gap_official_masterfile_without_sector,official_masterfile_without_sector_source_gap,P3,keep_sector_blank_until_official_masterfile_exposes_sector_or_reviewed_taxonomy,official_masterfile_or_issuer_taxonomy_update_exposing_sector_for_exact_listing,keep_blank_until_official_masterfile_or_issuer_sector_source,keep_sector_blank_until_official_or_reviewed_venue_specific_taxonomy_exists
SEM::UNSE,UNSE,SEM,Stock,THE UNION SUGAR ESTATES CO. LTD,official_industry_taxonomy_unavailable_gap,accepted_source_gap,keep_in_current_scope,leave_blank_until_source_available,true,Updated official masterfile or issuer taxonomy exposing sector for the exact listing; current source: sem_isin.,Keep sector blank until an official masterfile or issuer record exposes sector for the exact listing.,official_masterfile_sources=sem_isin;official_sector_values=none,masterfile_match=true;masterfile_exposes_sector=false,true,sem_isin,,false,official_masterfile_without_sector_source_gap,accepted_source_gap_official_masterfile_without_sector,official_masterfile_without_sector_source_gap,P3,keep_sector_blank_until_official_masterfile_exposes_sector_or_reviewed_taxonomy,official_masterfile_or_issuer_taxonomy_update_exposing_sector_for_exact_listing,keep_blank_until_official_masterfile_or_issuer_sector_source,keep_sector_blank_until_official_or_reviewed_venue_specific_taxonomy_exists
SEM::UTDL,UTDL,SEM,Stock,UNITED DOCKS LTD,official_industry_taxonomy_unavailable_gap,accepted_source_gap,keep_in_current_scope,leave_blank_until_source_available,true,Updated official masterfile or issuer taxonomy exposing sector for the exact listing; current source: sem_isin.,Keep sector blank until an official masterfile or issuer record exposes sector for the exact listing.,official_masterfile_sources=sem_isin;official_sector_values=none,masterfile_match=true;masterfile_exposes_sector=false,true,sem_isin,,false,official_masterfile_without_sector_source_gap,accepted_source_gap_official_masterfile_without_sector,official_masterfile_without_sector_source_gap,P3,keep_sector_blank_until_official_masterfile_exposes_sector_or_reviewed_taxonomy,official_masterfile_or_issuer_taxonomy_update_exposing_sector_for_exact_listing,keep_blank_until_official_masterfile_or_issuer_sector_source,keep_sector_blank_until_official_or_reviewed_venue_specific_taxonomy_exists
SEM::VELG,VELG,SEM,Stock,VELOGIC HOLDING COMPANY LIMITED,official_industry_taxonomy_unavailable_gap,accepted_source_gap,keep_in_current_scope,leave_blank_until_source_available,true,Updated official masterfile or issuer taxonomy exposing sector for the exact listing; current source: sem_isin.,Keep sector blank until an official masterfile or issuer record exposes sector for the exact listing.,official_masterfile_sources=sem_isin;official_sector_values=none,masterfile_match=true;masterfile_exposes_sector=false,true,sem_isin,,false,official_masterfile_without_sector_source_gap,accepted_source_gap_official_masterfile_without_sector,official_masterfile_without_sector_source_gap,P3,keep_sector_blank_until_official_masterfile_exposes_sector_or_reviewed_taxonomy,official_masterfile_or_issuer_taxonomy_update_exposing_sector_for_exact_listing,keep_blank_until_official_masterfile_or_issuer_sector_source,keep_sector_blank_until_official_or_reviewed_venue_specific_taxonomy_exists
SEM::ZWTO,ZWTO,SEM,Stock,ZIWETO HOLDINGS LIMITED (USD),official_industry_taxonomy_unavailable_gap,accepted_source_gap,keep_in_current_scope,leave_blank_until_source_available,true,Updated official masterfile or issuer taxonomy exposing sector for the exact listing; current source: sem_isin.,Keep sector blank until an official masterfile or issuer record exposes sector for the exact listing.,official_masterfile_sources=sem_isin;official_sector_values=none,masterfile_match=true;masterfile_exposes_sector=false,true,sem_isin,,false,official_masterfile_without_sector_source_gap,accepted_source_gap_official_masterfile_without_sector,official_masterfile_without_sector_source_gap,P3,keep_sector_blank_until_official_masterfile_exposes_sector_or_reviewed_taxonomy,official_masterfile_or_issuer_taxonomy_update_exposing_sector_for_exact_listing,keep_blank_until_official_masterfile_or_issuer_sector_source,keep_sector_blank_until_official_or_reviewed_venue_specific_taxonomy_exists
