field,target_field,listing_key,ticker,exchange,asset_type,name,gap_class,review_needed,confidence_policy,recommended_next_source,source_gate,source_gap_context,classification_context,evidence_gate_context
missing_sector_stock,stock_sector,BHB::BEYON,BEYON,BHB,Stock,Bahrain Telecommunications Company B.S.C.,official_industry_taxonomy_unavailable_gap,true,"An implemented official venue source already covers the listing, but the residual row has no canonical stock-sector value exposed or safely mappable; keep blank until a stronger official taxonomy source appears.",Implemented official venue source layer; residual row needs a stronger official taxonomy/detail source.,Keep stock_sector blank until an official taxonomy source exposes a canonical mappable industry value.,listing_key=BHB::BEYON;exchange=BHB;ticker=BEYON;asset_type=Stock;field=missing_sector_stock;target_field=stock_sector,gap_class=official_industry_taxonomy_unavailable_gap;review_needed=true;confidence_policy_present=true;name_present=true,recommended_next_source_present=true;source_gate_present=true;target_field=stock_sector;gap_class=official_industry_taxonomy_unavailable_gap
missing_sector_stock,stock_sector,BHB::BISB,BISB,BHB,Stock,Bahrain Islamic Bank B.S.C.,official_industry_taxonomy_unavailable_gap,true,"An implemented official venue source already covers the listing, but the residual row has no canonical stock-sector value exposed or safely mappable; keep blank until a stronger official taxonomy source appears.",Implemented official venue source layer; residual row needs a stronger official taxonomy/detail source.,Keep stock_sector blank until an official taxonomy source exposes a canonical mappable industry value.,listing_key=BHB::BISB;exchange=BHB;ticker=BISB;asset_type=Stock;field=missing_sector_stock;target_field=stock_sector,gap_class=official_industry_taxonomy_unavailable_gap;review_needed=true;confidence_policy_present=true;name_present=true,recommended_next_source_present=true;source_gate_present=true;target_field=stock_sector;gap_class=official_industry_taxonomy_unavailable_gap
missing_sector_stock,stock_sector,BHB::BKIC,BKIC,BHB,Stock,Bahrain Kuwait Insurance Company B.S.C.,official_industry_taxonomy_unavailable_gap,true,"An implemented official venue source already covers the listing, but the residual row has no canonical stock-sector value exposed or safely mappable; keep blank until a stronger official taxonomy source appears.",Implemented official venue source layer; residual row needs a stronger official taxonomy/detail source.,Keep stock_sector blank until an official taxonomy source exposes a canonical mappable industry value.,listing_key=BHB::BKIC;exchange=BHB;ticker=BKIC;asset_type=Stock;field=missing_sector_stock;target_field=stock_sector,gap_class=official_industry_taxonomy_unavailable_gap;review_needed=true;confidence_policy_present=true;name_present=true,recommended_next_source_present=true;source_gate_present=true;target_field=stock_sector;gap_class=official_industry_taxonomy_unavailable_gap
missing_sector_stock,stock_sector,BHB::BMB,BMB,BHB,Stock,Bahrain Middle East Bank,official_industry_taxonomy_unavailable_gap,true,"An implemented official venue source already covers the listing, but the residual row has no canonical stock-sector value exposed or safely mappable; keep blank until a stronger official taxonomy source appears.",Implemented official venue source layer; residual row needs a stronger official taxonomy/detail source.,Keep stock_sector blank until an official taxonomy source exposes a canonical mappable industry value.,listing_key=BHB::BMB;exchange=BHB;ticker=BMB;asset_type=Stock;field=missing_sector_stock;target_field=stock_sector,gap_class=official_industry_taxonomy_unavailable_gap;review_needed=true;confidence_policy_present=true;name_present=true,recommended_next_source_present=true;source_gate_present=true;target_field=stock_sector;gap_class=official_industry_taxonomy_unavailable_gap
missing_sector_stock,stock_sector,BHB::BMMI,BMMI,BHB,Stock,BMMI B.S.C.,official_industry_taxonomy_unavailable_gap,true,"An implemented official venue source already covers the listing, but the residual row has no canonical stock-sector value exposed or safely mappable; keep blank until a stronger official taxonomy source appears.",Implemented official venue source layer; residual row needs a stronger official taxonomy/detail source.,Keep stock_sector blank until an official taxonomy source exposes a canonical mappable industry value.,listing_key=BHB::BMMI;exchange=BHB;ticker=BMMI;asset_type=Stock;field=missing_sector_stock;target_field=stock_sector,gap_class=official_industry_taxonomy_unavailable_gap;review_needed=true;confidence_policy_present=true;name_present=true,recommended_next_source_present=true;source_gate_present=true;target_field=stock_sector;gap_class=official_industry_taxonomy_unavailable_gap
missing_sector_stock,stock_sector,BHB::BNH,BNH,BHB,Stock,Bahrain National Holding Company B.S.C.,official_industry_taxonomy_unavailable_gap,true,"An implemented official venue source already covers the listing, but the residual row has no canonical stock-sector value exposed or safely mappable; keep blank until a stronger official taxonomy source appears.",Implemented official venue source layer; residual row needs a stronger official taxonomy/detail source.,Keep stock_sector blank until an official taxonomy source exposes a canonical mappable industry value.,listing_key=BHB::BNH;exchange=BHB;ticker=BNH;asset_type=Stock;field=missing_sector_stock;target_field=stock_sector,gap_class=official_industry_taxonomy_unavailable_gap;review_needed=true;confidence_policy_present=true;name_present=true,recommended_next_source_present=true;source_gate_present=true;target_field=stock_sector;gap_class=official_industry_taxonomy_unavailable_gap
missing_sector_stock,stock_sector,BHB::CINECO,CINECO,BHB,Stock,Bahrain Cinema Company B.S.C.,official_industry_taxonomy_unavailable_gap,true,"An implemented official venue source already covers the listing, but the residual row has no canonical stock-sector value exposed or safely mappable; keep blank until a stronger official taxonomy source appears.",Implemented official venue source layer; residual row needs a stronger official taxonomy/detail source.,Keep stock_sector blank until an official taxonomy source exposes a canonical mappable industry value.,listing_key=BHB::CINECO;exchange=BHB;ticker=CINECO;asset_type=Stock;field=missing_sector_stock;target_field=stock_sector,gap_class=official_industry_taxonomy_unavailable_gap;review_needed=true;confidence_policy_present=true;name_present=true,recommended_next_source_present=true;source_gate_present=true;target_field=stock_sector;gap_class=official_industry_taxonomy_unavailable_gap
missing_sector_stock,stock_sector,BHB::CPARK,CPARK,BHB,Stock,Bahrain Car Parks Company (Amakin) B.S.C.,official_industry_taxonomy_unavailable_gap,true,"An implemented official venue source already covers the listing, but the residual row has no canonical stock-sector value exposed or safely mappable; keep blank until a stronger official taxonomy source appears.",Implemented official venue source layer; residual row needs a stronger official taxonomy/detail source.,Keep stock_sector blank until an official taxonomy source exposes a canonical mappable industry value.,listing_key=BHB::CPARK;exchange=BHB;ticker=CPARK;asset_type=Stock;field=missing_sector_stock;target_field=stock_sector,gap_class=official_industry_taxonomy_unavailable_gap;review_needed=true;confidence_policy_present=true;name_present=true,recommended_next_source_present=true;source_gate_present=true;target_field=stock_sector;gap_class=official_industry_taxonomy_unavailable_gap
missing_sector_stock,stock_sector,BHB::DUTYF,DUTYF,BHB,Stock,Bahrain Duty Free Shop Complex B.S.C.,official_industry_taxonomy_unavailable_gap,true,"An implemented official venue source already covers the listing, but the residual row has no canonical stock-sector value exposed or safely mappable; keep blank until a stronger official taxonomy source appears.",Implemented official venue source layer; residual row needs a stronger official taxonomy/detail source.,Keep stock_sector blank until an official taxonomy source exposes a canonical mappable industry value.,listing_key=BHB::DUTYF;exchange=BHB;ticker=DUTYF;asset_type=Stock;field=missing_sector_stock;target_field=stock_sector,gap_class=official_industry_taxonomy_unavailable_gap;review_needed=true;confidence_policy_present=true;name_present=true,recommended_next_source_present=true;source_gate_present=true;target_field=stock_sector;gap_class=official_industry_taxonomy_unavailable_gap
missing_sector_stock,stock_sector,BHB::ESTERAD,ESTERAD,BHB,Stock,Esterad Investment Company B.S.C.,official_industry_taxonomy_unavailable_gap,true,"An implemented official venue source already covers the listing, but the residual row has no canonical stock-sector value exposed or safely mappable; keep blank until a stronger official taxonomy source appears.",Implemented official venue source layer; residual row needs a stronger official taxonomy/detail source.,Keep stock_sector blank until an official taxonomy source exposes a canonical mappable industry value.,listing_key=BHB::ESTERAD;exchange=BHB;ticker=ESTERAD;asset_type=Stock;field=missing_sector_stock;target_field=stock_sector,gap_class=official_industry_taxonomy_unavailable_gap;review_needed=true;confidence_policy_present=true;name_present=true,recommended_next_source_present=true;source_gate_present=true;target_field=stock_sector;gap_class=official_industry_taxonomy_unavailable_gap
missing_sector_stock,stock_sector,BHB::FAMILY,FAMILY,BHB,Stock,Bahrain Family Leisure Company B.S.C.,official_industry_taxonomy_unavailable_gap,true,"An implemented official venue source already covers the listing, but the residual row has no canonical stock-sector value exposed or safely mappable; keep blank until a stronger official taxonomy source appears.",Implemented official venue source layer; residual row needs a stronger official taxonomy/detail source.,Keep stock_sector blank until an official taxonomy source exposes a canonical mappable industry value.,listing_key=BHB::FAMILY;exchange=BHB;ticker=FAMILY;asset_type=Stock;field=missing_sector_stock;target_field=stock_sector,gap_class=official_industry_taxonomy_unavailable_gap;review_needed=true;confidence_policy_present=true;name_present=true,recommended_next_source_present=true;source_gate_present=true;target_field=stock_sector;gap_class=official_industry_taxonomy_unavailable_gap
missing_sector_stock,stock_sector,BHB::KHALEEJI,KHALEEJI,BHB,Stock,Khaleeji Bank B.S.C,official_industry_taxonomy_unavailable_gap,true,"An implemented official venue source already covers the listing, but the residual row has no canonical stock-sector value exposed or safely mappable; keep blank until a stronger official taxonomy source appears.",Implemented official venue source layer; residual row needs a stronger official taxonomy/detail source.,Keep stock_sector blank until an official taxonomy source exposes a canonical mappable industry value.,listing_key=BHB::KHALEEJI;exchange=BHB;ticker=KHALEEJI;asset_type=Stock;field=missing_sector_stock;target_field=stock_sector,gap_class=official_industry_taxonomy_unavailable_gap;review_needed=true;confidence_policy_present=true;name_present=true,recommended_next_source_present=true;source_gate_present=true;target_field=stock_sector;gap_class=official_industry_taxonomy_unavailable_gap
missing_sector_stock,stock_sector,BHB::NASS,NASS,BHB,Stock,Nass Corporation B.S.C.,official_industry_taxonomy_unavailable_gap,true,"An implemented official venue source already covers the listing, but the residual row has no canonical stock-sector value exposed or safely mappable; keep blank until a stronger official taxonomy source appears.",Implemented official venue source layer; residual row needs a stronger official taxonomy/detail source.,Keep stock_sector blank until an official taxonomy source exposes a canonical mappable industry value.,listing_key=BHB::NASS;exchange=BHB;ticker=NASS;asset_type=Stock;field=missing_sector_stock;target_field=stock_sector,gap_class=official_industry_taxonomy_unavailable_gap;review_needed=true;confidence_policy_present=true;name_present=true,recommended_next_source_present=true;source_gate_present=true;target_field=stock_sector;gap_class=official_industry_taxonomy_unavailable_gap
missing_sector_stock,stock_sector,BHB::NHOTEL,NHOTEL,BHB,Stock,National Hotels Company B.S.C.,official_industry_taxonomy_unavailable_gap,true,"An implemented official venue source already covers the listing, but the residual row has no canonical stock-sector value exposed or safely mappable; keep blank until a stronger official taxonomy source appears.",Implemented official venue source layer; residual row needs a stronger official taxonomy/detail source.,Keep stock_sector blank until an official taxonomy source exposes a canonical mappable industry value.,listing_key=BHB::NHOTEL;exchange=BHB;ticker=NHOTEL;asset_type=Stock;field=missing_sector_stock;target_field=stock_sector,gap_class=official_industry_taxonomy_unavailable_gap;review_needed=true;confidence_policy_present=true;name_present=true,recommended_next_source_present=true;source_gate_present=true;target_field=stock_sector;gap_class=official_industry_taxonomy_unavailable_gap
missing_sector_stock,stock_sector,BHB::POLTRY,POLTRY,BHB,Stock,Delmon Poultry Company B.S.C.,official_industry_taxonomy_unavailable_gap,true,"An implemented official venue source already covers the listing, but the residual row has no canonical stock-sector value exposed or safely mappable; keep blank until a stronger official taxonomy source appears.",Implemented official venue source layer; residual row needs a stronger official taxonomy/detail source.,Keep stock_sector blank until an official taxonomy source exposes a canonical mappable industry value.,listing_key=BHB::POLTRY;exchange=BHB;ticker=POLTRY;asset_type=Stock;field=missing_sector_stock;target_field=stock_sector,gap_class=official_industry_taxonomy_unavailable_gap;review_needed=true;confidence_policy_present=true;name_present=true,recommended_next_source_present=true;source_gate_present=true;target_field=stock_sector;gap_class=official_industry_taxonomy_unavailable_gap
missing_sector_stock,stock_sector,BHB::SEEF,SEEF,BHB,Stock,Seef Properties B.S.C.,official_industry_taxonomy_unavailable_gap,true,"An implemented official venue source already covers the listing, but the residual row has no canonical stock-sector value exposed or safely mappable; keep blank until a stronger official taxonomy source appears.",Implemented official venue source layer; residual row needs a stronger official taxonomy/detail source.,Keep stock_sector blank until an official taxonomy source exposes a canonical mappable industry value.,listing_key=BHB::SEEF;exchange=BHB;ticker=SEEF;asset_type=Stock;field=missing_sector_stock;target_field=stock_sector,gap_class=official_industry_taxonomy_unavailable_gap;review_needed=true;confidence_policy_present=true;name_present=true,recommended_next_source_present=true;source_gate_present=true;target_field=stock_sector;gap_class=official_industry_taxonomy_unavailable_gap
missing_sector_stock,stock_sector,BHB::SILAH,SILAH,BHB,Stock,Silah Gulf B.S.C,official_industry_taxonomy_unavailable_gap,true,"An implemented official venue source already covers the listing, but the residual row has no canonical stock-sector value exposed or safely mappable; keep blank until a stronger official taxonomy source appears.",Implemented official venue source layer; residual row needs a stronger official taxonomy/detail source.,Keep stock_sector blank until an official taxonomy source exposes a canonical mappable industry value.,listing_key=BHB::SILAH;exchange=BHB;ticker=SILAH;asset_type=Stock;field=missing_sector_stock;target_field=stock_sector,gap_class=official_industry_taxonomy_unavailable_gap;review_needed=true;confidence_policy_present=true;name_present=true,recommended_next_source_present=true;source_gate_present=true;target_field=stock_sector;gap_class=official_industry_taxonomy_unavailable_gap
missing_sector_stock,stock_sector,BHB::TAKAFUL,TAKAFUL,BHB,Stock,Takaful International Company B.S.C.,official_industry_taxonomy_unavailable_gap,true,"An implemented official venue source already covers the listing, but the residual row has no canonical stock-sector value exposed or safely mappable; keep blank until a stronger official taxonomy source appears.",Implemented official venue source layer; residual row needs a stronger official taxonomy/detail source.,Keep stock_sector blank until an official taxonomy source exposes a canonical mappable industry value.,listing_key=BHB::TAKAFUL;exchange=BHB;ticker=TAKAFUL;asset_type=Stock;field=missing_sector_stock;target_field=stock_sector,gap_class=official_industry_taxonomy_unavailable_gap;review_needed=true;confidence_policy_present=true;name_present=true,recommended_next_source_present=true;source_gate_present=true;target_field=stock_sector;gap_class=official_industry_taxonomy_unavailable_gap
missing_sector_stock,stock_sector,BHB::TRAFCO,TRAFCO,BHB,Stock,Trafco Group B.S.C.,official_industry_taxonomy_unavailable_gap,true,"An implemented official venue source already covers the listing, but the residual row has no canonical stock-sector value exposed or safely mappable; keep blank until a stronger official taxonomy source appears.",Implemented official venue source layer; residual row needs a stronger official taxonomy/detail source.,Keep stock_sector blank until an official taxonomy source exposes a canonical mappable industry value.,listing_key=BHB::TRAFCO;exchange=BHB;ticker=TRAFCO;asset_type=Stock;field=missing_sector_stock;target_field=stock_sector,gap_class=official_industry_taxonomy_unavailable_gap;review_needed=true;confidence_policy_present=true;name_present=true,recommended_next_source_present=true;source_gate_present=true;target_field=stock_sector;gap_class=official_industry_taxonomy_unavailable_gap
missing_sector_stock,stock_sector,BHB::UGH,UGH,BHB,Stock,United Gulf Holding Company B.S.C.,official_industry_taxonomy_unavailable_gap,true,"An implemented official venue source already covers the listing, but the residual row has no canonical stock-sector value exposed or safely mappable; keep blank until a stronger official taxonomy source appears.",Implemented official venue source layer; residual row needs a stronger official taxonomy/detail source.,Keep stock_sector blank until an official taxonomy source exposes a canonical mappable industry value.,listing_key=BHB::UGH;exchange=BHB;ticker=UGH;asset_type=Stock;field=missing_sector_stock;target_field=stock_sector,gap_class=official_industry_taxonomy_unavailable_gap;review_needed=true;confidence_policy_present=true;name_present=true,recommended_next_source_present=true;source_gate_present=true;target_field=stock_sector;gap_class=official_industry_taxonomy_unavailable_gap
missing_sector_stock,stock_sector,BHB::UGIC,UGIC,BHB,Stock,United Gulf Investment Corporation B.S.C.,official_industry_taxonomy_unavailable_gap,true,"An implemented official venue source already covers the listing, but the residual row has no canonical stock-sector value exposed or safely mappable; keep blank until a stronger official taxonomy source appears.",Implemented official venue source layer; residual row needs a stronger official taxonomy/detail source.,Keep stock_sector blank until an official taxonomy source exposes a canonical mappable industry value.,listing_key=BHB::UGIC;exchange=BHB;ticker=UGIC;asset_type=Stock;field=missing_sector_stock;target_field=stock_sector,gap_class=official_industry_taxonomy_unavailable_gap;review_needed=true;confidence_policy_present=true;name_present=true,recommended_next_source_present=true;source_gate_present=true;target_field=stock_sector;gap_class=official_industry_taxonomy_unavailable_gap
missing_sector_stock,stock_sector,BHB::ZAINBH,ZAINBH,BHB,Stock,Zain Bahrain B.S.C.,official_industry_taxonomy_unavailable_gap,true,"An implemented official venue source already covers the listing, but the residual row has no canonical stock-sector value exposed or safely mappable; keep blank until a stronger official taxonomy source appears.",Implemented official venue source layer; residual row needs a stronger official taxonomy/detail source.,Keep stock_sector blank until an official taxonomy source exposes a canonical mappable industry value.,listing_key=BHB::ZAINBH;exchange=BHB;ticker=ZAINBH;asset_type=Stock;field=missing_sector_stock;target_field=stock_sector,gap_class=official_industry_taxonomy_unavailable_gap;review_needed=true;confidence_policy_present=true;name_present=true,recommended_next_source_present=true;source_gate_present=true;target_field=stock_sector;gap_class=official_industry_taxonomy_unavailable_gap
missing_sector_stock,stock_sector,BIST::ATSYH,ATSYH,BIST,Stock,ATLANTİS YATIRIM HOLDİNG A.Ş.,official_industry_taxonomy_unavailable_gap,true,"An implemented official venue source already covers the listing, but the residual row has no canonical stock-sector value exposed or safely mappable; keep blank until a stronger official taxonomy source appears.",Implemented official venue source layer; residual row needs a stronger official taxonomy/detail source.,Keep stock_sector blank until an official taxonomy source exposes a canonical mappable industry value.,listing_key=BIST::ATSYH;exchange=BIST;ticker=ATSYH;asset_type=Stock;field=missing_sector_stock;target_field=stock_sector,gap_class=official_industry_taxonomy_unavailable_gap;review_needed=true;confidence_policy_present=true;name_present=true,recommended_next_source_present=true;source_gate_present=true;target_field=stock_sector;gap_class=official_industry_taxonomy_unavailable_gap
missing_sector_stock,stock_sector,BIST::AVTUR,AVTUR,BIST,Stock,AVRASYA PETROL VE TURİSTİK TESİSLER YATIRIMLAR A.Ş.,official_industry_taxonomy_unavailable_gap,true,"An implemented official venue source already covers the listing, but the residual row has no canonical stock-sector value exposed or safely mappable; keep blank until a stronger official taxonomy source appears.",Implemented official venue source layer; residual row needs a stronger official taxonomy/detail source.,Keep stock_sector blank until an official taxonomy source exposes a canonical mappable industry value.,listing_key=BIST::AVTUR;exchange=BIST;ticker=AVTUR;asset_type=Stock;field=missing_sector_stock;target_field=stock_sector,gap_class=official_industry_taxonomy_unavailable_gap;review_needed=true;confidence_policy_present=true;name_present=true,recommended_next_source_present=true;source_gate_present=true;target_field=stock_sector;gap_class=official_industry_taxonomy_unavailable_gap
missing_sector_stock,stock_sector,BIST::ISGSY,ISGSY,BIST,Stock,İŞ GİRİŞİM SERMAYESİ YATIRIM ORTAKLIĞI A.Ş.,official_industry_taxonomy_unavailable_gap,true,"An implemented official venue source already covers the listing, but the residual row has no canonical stock-sector value exposed or safely mappable; keep blank until a stronger official taxonomy source appears.",Implemented official venue source layer; residual row needs a stronger official taxonomy/detail source.,Keep stock_sector blank until an official taxonomy source exposes a canonical mappable industry value.,listing_key=BIST::ISGSY;exchange=BIST;ticker=ISGSY;asset_type=Stock;field=missing_sector_stock;target_field=stock_sector,gap_class=official_industry_taxonomy_unavailable_gap;review_needed=true;confidence_policy_present=true;name_present=true,recommended_next_source_present=true;source_gate_present=true;target_field=stock_sector;gap_class=official_industry_taxonomy_unavailable_gap
missing_sector_stock,stock_sector,BIST::ISYAT,ISYAT,BIST,Stock,İŞ YATIRIM ORTAKLIĞI A.Ş.,official_industry_taxonomy_unavailable_gap,true,"An implemented official venue source already covers the listing, but the residual row has no canonical stock-sector value exposed or safely mappable; keep blank until a stronger official taxonomy source appears.",Implemented official venue source layer; residual row needs a stronger official taxonomy/detail source.,Keep stock_sector blank until an official taxonomy source exposes a canonical mappable industry value.,listing_key=BIST::ISYAT;exchange=BIST;ticker=ISYAT;asset_type=Stock;field=missing_sector_stock;target_field=stock_sector,gap_class=official_industry_taxonomy_unavailable_gap;review_needed=true;confidence_policy_present=true;name_present=true,recommended_next_source_present=true;source_gate_present=true;target_field=stock_sector;gap_class=official_industry_taxonomy_unavailable_gap
missing_sector_stock,stock_sector,BIST::PAHOL,PAHOL,BIST,Stock,PASİFİK HOLDİNG A.Ş.,official_industry_taxonomy_unavailable_gap,true,"An implemented official venue source already covers the listing, but the residual row has no canonical stock-sector value exposed or safely mappable; keep blank until a stronger official taxonomy source appears.",Implemented official venue source layer; residual row needs a stronger official taxonomy/detail source.,Keep stock_sector blank until an official taxonomy source exposes a canonical mappable industry value.,listing_key=BIST::PAHOL;exchange=BIST;ticker=PAHOL;asset_type=Stock;field=missing_sector_stock;target_field=stock_sector,gap_class=official_industry_taxonomy_unavailable_gap;review_needed=true;confidence_policy_present=true;name_present=true,recommended_next_source_present=true;source_gate_present=true;target_field=stock_sector;gap_class=official_industry_taxonomy_unavailable_gap
missing_sector_stock,stock_sector,BIST::TRHOL,TRHOL,BIST,Stock,TERA FİNANSAL YATIRIMLAR HOLDİNG A.Ş.,official_industry_taxonomy_unavailable_gap,true,"An implemented official venue source already covers the listing, but the residual row has no canonical stock-sector value exposed or safely mappable; keep blank until a stronger official taxonomy source appears.",Implemented official venue source layer; residual row needs a stronger official taxonomy/detail source.,Keep stock_sector blank until an official taxonomy source exposes a canonical mappable industry value.,listing_key=BIST::TRHOL;exchange=BIST;ticker=TRHOL;asset_type=Stock;field=missing_sector_stock;target_field=stock_sector,gap_class=official_industry_taxonomy_unavailable_gap;review_needed=true;confidence_policy_present=true;name_present=true,recommended_next_source_present=true;source_gate_present=true;target_field=stock_sector;gap_class=official_industry_taxonomy_unavailable_gap
missing_sector_stock,stock_sector,BK::AAYAN,AAYAN,BK,Stock,Aayan Leasing and Investment,official_industry_taxonomy_unavailable_gap,true,"An implemented official venue source already covers the listing, but the residual row has no canonical stock-sector value exposed or safely mappable; keep blank until a stronger official taxonomy source appears.",Implemented official venue source layer; residual row needs a stronger official taxonomy/detail source.,Keep stock_sector blank until an official taxonomy source exposes a canonical mappable industry value.,listing_key=BK::AAYAN;exchange=BK;ticker=AAYAN;asset_type=Stock;field=missing_sector_stock;target_field=stock_sector,gap_class=official_industry_taxonomy_unavailable_gap;review_needed=true;confidence_policy_present=true;name_present=true,recommended_next_source_present=true;source_gate_present=true;target_field=stock_sector;gap_class=official_industry_taxonomy_unavailable_gap
missing_sector_stock,stock_sector,BK::AAYANRE,AAYANRE,BK,Stock,Aayan Real Estate Co KSCP,official_industry_taxonomy_unavailable_gap,true,"An implemented official venue source already covers the listing, but the residual row has no canonical stock-sector value exposed or safely mappable; keep blank until a stronger official taxonomy source appears.",Implemented official venue source layer; residual row needs a stronger official taxonomy/detail source.,Keep stock_sector blank until an official taxonomy source exposes a canonical mappable industry value.,listing_key=BK::AAYANRE;exchange=BK;ticker=AAYANRE;asset_type=Stock;field=missing_sector_stock;target_field=stock_sector,gap_class=official_industry_taxonomy_unavailable_gap;review_needed=true;confidence_policy_present=true;name_present=true,recommended_next_source_present=true;source_gate_present=true;target_field=stock_sector;gap_class=official_industry_taxonomy_unavailable_gap
missing_sector_stock,stock_sector,BK::ABAR,ABAR,BK,Stock,"Burgan Company for Well Drilling, Trading and Maintenance",official_industry_taxonomy_unavailable_gap,true,"An implemented official venue source already covers the listing, but the residual row has no canonical stock-sector value exposed or safely mappable; keep blank until a stronger official taxonomy source appears.",Implemented official venue source layer; residual row needs a stronger official taxonomy/detail source.,Keep stock_sector blank until an official taxonomy source exposes a canonical mappable industry value.,listing_key=BK::ABAR;exchange=BK;ticker=ABAR;asset_type=Stock;field=missing_sector_stock;target_field=stock_sector,gap_class=official_industry_taxonomy_unavailable_gap;review_needed=true;confidence_policy_present=true;name_present=true,recommended_next_source_present=true;source_gate_present=true;target_field=stock_sector;gap_class=official_industry_taxonomy_unavailable_gap
missing_sector_stock,stock_sector,BK::ACICO,ACICO,BK,Stock,Acico Industries,official_industry_taxonomy_unavailable_gap,true,"An implemented official venue source already covers the listing, but the residual row has no canonical stock-sector value exposed or safely mappable; keep blank until a stronger official taxonomy source appears.",Implemented official venue source layer; residual row needs a stronger official taxonomy/detail source.,Keep stock_sector blank until an official taxonomy source exposes a canonical mappable industry value.,listing_key=BK::ACICO;exchange=BK;ticker=ACICO;asset_type=Stock;field=missing_sector_stock;target_field=stock_sector,gap_class=official_industry_taxonomy_unavailable_gap;review_needed=true;confidence_policy_present=true;name_present=true,recommended_next_source_present=true;source_gate_present=true;target_field=stock_sector;gap_class=official_industry_taxonomy_unavailable_gap
missing_sector_stock,stock_sector,BK::AINS,AINS,BK,Stock,Al Ahleia Insurance Co S.A.K.P.,official_industry_taxonomy_unavailable_gap,true,"An implemented official venue source already covers the listing, but the residual row has no canonical stock-sector value exposed or safely mappable; keep blank until a stronger official taxonomy source appears.",Implemented official venue source layer; residual row needs a stronger official taxonomy/detail source.,Keep stock_sector blank until an official taxonomy source exposes a canonical mappable industry value.,listing_key=BK::AINS;exchange=BK;ticker=AINS;asset_type=Stock;field=missing_sector_stock;target_field=stock_sector,gap_class=official_industry_taxonomy_unavailable_gap;review_needed=true;confidence_policy_present=true;name_present=true,recommended_next_source_present=true;source_gate_present=true;target_field=stock_sector;gap_class=official_industry_taxonomy_unavailable_gap
missing_sector_stock,stock_sector,BK::ALAQARIA,ALAQARIA,BK,Stock,Kuwait Real Estate Holding,official_industry_taxonomy_unavailable_gap,true,"An implemented official venue source already covers the listing, but the residual row has no canonical stock-sector value exposed or safely mappable; keep blank until a stronger official taxonomy source appears.",Implemented official venue source layer; residual row needs a stronger official taxonomy/detail source.,Keep stock_sector blank until an official taxonomy source exposes a canonical mappable industry value.,listing_key=BK::ALAQARIA;exchange=BK;ticker=ALAQARIA;asset_type=Stock;field=missing_sector_stock;target_field=stock_sector,gap_class=official_industry_taxonomy_unavailable_gap;review_needed=true;confidence_policy_present=true;name_present=true,recommended_next_source_present=true;source_gate_present=true;target_field=stock_sector;gap_class=official_industry_taxonomy_unavailable_gap
missing_sector_stock,stock_sector,BK::ALDEERA,ALDEERA,BK,Stock,Al Deera Holding,official_industry_taxonomy_unavailable_gap,true,"An implemented official venue source already covers the listing, but the residual row has no canonical stock-sector value exposed or safely mappable; keep blank until a stronger official taxonomy source appears.",Implemented official venue source layer; residual row needs a stronger official taxonomy/detail source.,Keep stock_sector blank until an official taxonomy source exposes a canonical mappable industry value.,listing_key=BK::ALDEERA;exchange=BK;ticker=ALDEERA;asset_type=Stock;field=missing_sector_stock;target_field=stock_sector,gap_class=official_industry_taxonomy_unavailable_gap;review_needed=true;confidence_policy_present=true;name_present=true,recommended_next_source_present=true;source_gate_present=true;target_field=stock_sector;gap_class=official_industry_taxonomy_unavailable_gap
missing_sector_stock,stock_sector,BK::ALFTAQA,ALFTAQA,BK,Stock,Action Energy Company K.S.C.C,official_industry_taxonomy_unavailable_gap,true,"An implemented official venue source already covers the listing, but the residual row has no canonical stock-sector value exposed or safely mappable; keep blank until a stronger official taxonomy source appears.",Implemented official venue source layer; residual row needs a stronger official taxonomy/detail source.,Keep stock_sector blank until an official taxonomy source exposes a canonical mappable industry value.,listing_key=BK::ALFTAQA;exchange=BK;ticker=ALFTAQA;asset_type=Stock;field=missing_sector_stock;target_field=stock_sector,gap_class=official_industry_taxonomy_unavailable_gap;review_needed=true;confidence_policy_present=true;name_present=true,recommended_next_source_present=true;source_gate_present=true;target_field=stock_sector;gap_class=official_industry_taxonomy_unavailable_gap
missing_sector_stock,stock_sector,BK::ALIMTIAZ,ALIMTIAZ,BK,Stock,Al Imtiaz Investment Group,official_industry_taxonomy_unavailable_gap,true,"An implemented official venue source already covers the listing, but the residual row has no canonical stock-sector value exposed or safely mappable; keep blank until a stronger official taxonomy source appears.",Implemented official venue source layer; residual row needs a stronger official taxonomy/detail source.,Keep stock_sector blank until an official taxonomy source exposes a canonical mappable industry value.,listing_key=BK::ALIMTIAZ;exchange=BK;ticker=ALIMTIAZ;asset_type=Stock;field=missing_sector_stock;target_field=stock_sector,gap_class=official_industry_taxonomy_unavailable_gap;review_needed=true;confidence_policy_present=true;name_present=true,recommended_next_source_present=true;source_gate_present=true;target_field=stock_sector;gap_class=official_industry_taxonomy_unavailable_gap
missing_sector_stock,stock_sector,BK::ALKOUT,ALKOUT,BK,Stock,Al Kout Industrial Projects,official_industry_taxonomy_unavailable_gap,true,"An implemented official venue source already covers the listing, but the residual row has no canonical stock-sector value exposed or safely mappable; keep blank until a stronger official taxonomy source appears.",Implemented official venue source layer; residual row needs a stronger official taxonomy/detail source.,Keep stock_sector blank until an official taxonomy source exposes a canonical mappable industry value.,listing_key=BK::ALKOUT;exchange=BK;ticker=ALKOUT;asset_type=Stock;field=missing_sector_stock;target_field=stock_sector,gap_class=official_industry_taxonomy_unavailable_gap;review_needed=true;confidence_policy_present=true;name_present=true,recommended_next_source_present=true;source_gate_present=true;target_field=stock_sector;gap_class=official_industry_taxonomy_unavailable_gap
missing_sector_stock,stock_sector,BK::ALMANAR,ALMANAR,BK,Stock,AL-MANAR FINANCING AND LEASING CO KSCP,official_industry_taxonomy_unavailable_gap,true,"An implemented official venue source already covers the listing, but the residual row has no canonical stock-sector value exposed or safely mappable; keep blank until a stronger official taxonomy source appears.",Implemented official venue source layer; residual row needs a stronger official taxonomy/detail source.,Keep stock_sector blank until an official taxonomy source exposes a canonical mappable industry value.,listing_key=BK::ALMANAR;exchange=BK;ticker=ALMANAR;asset_type=Stock;field=missing_sector_stock;target_field=stock_sector,gap_class=official_industry_taxonomy_unavailable_gap;review_needed=true;confidence_policy_present=true;name_present=true,recommended_next_source_present=true;source_gate_present=true;target_field=stock_sector;gap_class=official_industry_taxonomy_unavailable_gap
missing_sector_stock,stock_sector,BK::ALOLA,ALOLA,BK,Stock,First Investment,official_industry_taxonomy_unavailable_gap,true,"An implemented official venue source already covers the listing, but the residual row has no canonical stock-sector value exposed or safely mappable; keep blank until a stronger official taxonomy source appears.",Implemented official venue source layer; residual row needs a stronger official taxonomy/detail source.,Keep stock_sector blank until an official taxonomy source exposes a canonical mappable industry value.,listing_key=BK::ALOLA;exchange=BK;ticker=ALOLA;asset_type=Stock;field=missing_sector_stock;target_field=stock_sector,gap_class=official_industry_taxonomy_unavailable_gap;review_needed=true;confidence_policy_present=true;name_present=true,recommended_next_source_present=true;source_gate_present=true;target_field=stock_sector;gap_class=official_industry_taxonomy_unavailable_gap
missing_sector_stock,stock_sector,BK::ALSAFAT,ALSAFAT,BK,Stock,AL-SAFAT INVESTMENT CO. K.S.C.C,official_industry_taxonomy_unavailable_gap,true,"An implemented official venue source already covers the listing, but the residual row has no canonical stock-sector value exposed or safely mappable; keep blank until a stronger official taxonomy source appears.",Implemented official venue source layer; residual row needs a stronger official taxonomy/detail source.,Keep stock_sector blank until an official taxonomy source exposes a canonical mappable industry value.,listing_key=BK::ALSAFAT;exchange=BK;ticker=ALSAFAT;asset_type=Stock;field=missing_sector_stock;target_field=stock_sector,gap_class=official_industry_taxonomy_unavailable_gap;review_needed=true;confidence_policy_present=true;name_present=true,recommended_next_source_present=true;source_gate_present=true;target_field=stock_sector;gap_class=official_industry_taxonomy_unavailable_gap
missing_sector_stock,stock_sector,BK::ALTIJARIA,ALTIJARIA,BK,Stock,The Commercial Real Estate Co K.S.C,official_industry_taxonomy_unavailable_gap,true,"An implemented official venue source already covers the listing, but the residual row has no canonical stock-sector value exposed or safely mappable; keep blank until a stronger official taxonomy source appears.",Implemented official venue source layer; residual row needs a stronger official taxonomy/detail source.,Keep stock_sector blank until an official taxonomy source exposes a canonical mappable industry value.,listing_key=BK::ALTIJARIA;exchange=BK;ticker=ALTIJARIA;asset_type=Stock;field=missing_sector_stock;target_field=stock_sector,gap_class=official_industry_taxonomy_unavailable_gap;review_needed=true;confidence_policy_present=true;name_present=true,recommended_next_source_present=true;source_gate_present=true;target_field=stock_sector;gap_class=official_industry_taxonomy_unavailable_gap
missing_sector_stock,stock_sector,BK::AQAR,AQAR,BK,Stock,Aqar Real Estate Investments,official_industry_taxonomy_unavailable_gap,true,"An implemented official venue source already covers the listing, but the residual row has no canonical stock-sector value exposed or safely mappable; keep blank until a stronger official taxonomy source appears.",Implemented official venue source layer; residual row needs a stronger official taxonomy/detail source.,Keep stock_sector blank until an official taxonomy source exposes a canonical mappable industry value.,listing_key=BK::AQAR;exchange=BK;ticker=AQAR;asset_type=Stock;field=missing_sector_stock;target_field=stock_sector,gap_class=official_industry_taxonomy_unavailable_gap;review_needed=true;confidence_policy_present=true;name_present=true,recommended_next_source_present=true;source_gate_present=true;target_field=stock_sector;gap_class=official_industry_taxonomy_unavailable_gap
missing_sector_stock,stock_sector,BK::ARABREC,ARABREC,BK,Stock,Al Arabiya Real Estate Co KSC,official_industry_taxonomy_unavailable_gap,true,"An implemented official venue source already covers the listing, but the residual row has no canonical stock-sector value exposed or safely mappable; keep blank until a stronger official taxonomy source appears.",Implemented official venue source layer; residual row needs a stronger official taxonomy/detail source.,Keep stock_sector blank until an official taxonomy source exposes a canonical mappable industry value.,listing_key=BK::ARABREC;exchange=BK;ticker=ARABREC;asset_type=Stock;field=missing_sector_stock;target_field=stock_sector,gap_class=official_industry_taxonomy_unavailable_gap;review_needed=true;confidence_policy_present=true;name_present=true,recommended_next_source_present=true;source_gate_present=true;target_field=stock_sector;gap_class=official_industry_taxonomy_unavailable_gap
missing_sector_stock,stock_sector,BK::AREEC,AREEC,BK,Stock,Ajial Real Estate Entertainment,official_industry_taxonomy_unavailable_gap,true,"An implemented official venue source already covers the listing, but the residual row has no canonical stock-sector value exposed or safely mappable; keep blank until a stronger official taxonomy source appears.",Implemented official venue source layer; residual row needs a stronger official taxonomy/detail source.,Keep stock_sector blank until an official taxonomy source exposes a canonical mappable industry value.,listing_key=BK::AREEC;exchange=BK;ticker=AREEC;asset_type=Stock;field=missing_sector_stock;target_field=stock_sector,gap_class=official_industry_taxonomy_unavailable_gap;review_needed=true;confidence_policy_present=true;name_present=true,recommended_next_source_present=true;source_gate_present=true;target_field=stock_sector;gap_class=official_industry_taxonomy_unavailable_gap
missing_sector_stock,stock_sector,BK::ARGAN,ARGAN,BK,Stock,Alargan International Real Estate,official_industry_taxonomy_unavailable_gap,true,"An implemented official venue source already covers the listing, but the residual row has no canonical stock-sector value exposed or safely mappable; keep blank until a stronger official taxonomy source appears.",Implemented official venue source layer; residual row needs a stronger official taxonomy/detail source.,Keep stock_sector blank until an official taxonomy source exposes a canonical mappable industry value.,listing_key=BK::ARGAN;exchange=BK;ticker=ARGAN;asset_type=Stock;field=missing_sector_stock;target_field=stock_sector,gap_class=official_industry_taxonomy_unavailable_gap;review_needed=true;confidence_policy_present=true;name_present=true,recommended_next_source_present=true;source_gate_present=true;target_field=stock_sector;gap_class=official_industry_taxonomy_unavailable_gap
missing_sector_stock,stock_sector,BK::ARKAN,ARKAN,BK,Stock,Arkan Al Kuwait Real Estate,official_industry_taxonomy_unavailable_gap,true,"An implemented official venue source already covers the listing, but the residual row has no canonical stock-sector value exposed or safely mappable; keep blank until a stronger official taxonomy source appears.",Implemented official venue source layer; residual row needs a stronger official taxonomy/detail source.,Keep stock_sector blank until an official taxonomy source exposes a canonical mappable industry value.,listing_key=BK::ARKAN;exchange=BK;ticker=ARKAN;asset_type=Stock;field=missing_sector_stock;target_field=stock_sector,gap_class=official_industry_taxonomy_unavailable_gap;review_needed=true;confidence_policy_present=true;name_present=true,recommended_next_source_present=true;source_gate_present=true;target_field=stock_sector;gap_class=official_industry_taxonomy_unavailable_gap
missing_sector_stock,stock_sector,BK::ARZAN,ARZAN,BK,Stock,Arzan Financial Group For Financing And Investment,official_industry_taxonomy_unavailable_gap,true,"An implemented official venue source already covers the listing, but the residual row has no canonical stock-sector value exposed or safely mappable; keep blank until a stronger official taxonomy source appears.",Implemented official venue source layer; residual row needs a stronger official taxonomy/detail source.,Keep stock_sector blank until an official taxonomy source exposes a canonical mappable industry value.,listing_key=BK::ARZAN;exchange=BK;ticker=ARZAN;asset_type=Stock;field=missing_sector_stock;target_field=stock_sector,gap_class=official_industry_taxonomy_unavailable_gap;review_needed=true;confidence_policy_present=true;name_present=true,recommended_next_source_present=true;source_gate_present=true;target_field=stock_sector;gap_class=official_industry_taxonomy_unavailable_gap
missing_sector_stock,stock_sector,BK::ASIYA,ASIYA,BK,Stock,Asiya Capital Investments Co,official_industry_taxonomy_unavailable_gap,true,"An implemented official venue source already covers the listing, but the residual row has no canonical stock-sector value exposed or safely mappable; keep blank until a stronger official taxonomy source appears.",Implemented official venue source layer; residual row needs a stronger official taxonomy/detail source.,Keep stock_sector blank until an official taxonomy source exposes a canonical mappable industry value.,listing_key=BK::ASIYA;exchange=BK;ticker=ASIYA;asset_type=Stock;field=missing_sector_stock;target_field=stock_sector,gap_class=official_industry_taxonomy_unavailable_gap;review_needed=true;confidence_policy_present=true;name_present=true,recommended_next_source_present=true;source_gate_present=true;target_field=stock_sector;gap_class=official_industry_taxonomy_unavailable_gap
missing_sector_stock,stock_sector,BK::AZNOULA,AZNOULA,BK,Stock,Shamal Az-Zour Al-Oula Power and Water Co K.S.C.P,official_industry_taxonomy_unavailable_gap,true,"An implemented official venue source already covers the listing, but the residual row has no canonical stock-sector value exposed or safely mappable; keep blank until a stronger official taxonomy source appears.",Implemented official venue source layer; residual row needs a stronger official taxonomy/detail source.,Keep stock_sector blank until an official taxonomy source exposes a canonical mappable industry value.,listing_key=BK::AZNOULA;exchange=BK;ticker=AZNOULA;asset_type=Stock;field=missing_sector_stock;target_field=stock_sector,gap_class=official_industry_taxonomy_unavailable_gap;review_needed=true;confidence_policy_present=true;name_present=true,recommended_next_source_present=true;source_gate_present=true;target_field=stock_sector;gap_class=official_industry_taxonomy_unavailable_gap
