ticker,exchange,isin,note
AAUC,NYSE,CA01921D2041,reviewed legit foreign-incorporated / cross-listing (ISIN-collision sweep 2026-06)
ABCL,NASDAQ,CA00288U1066,reviewed legit foreign-incorporated / cross-listing (ISIN-collision sweep 2026-06)
ABUS,NASDAQ,CA03879J1003,reviewed legit foreign-incorporated / cross-listing (ISIN-collision sweep 2026-06)
ABVE,NASDAQ,CA00373V1004,reviewed legit foreign-incorporated / cross-listing (ISIN-collision sweep 2026-06)
ACB,NASDAQ,CA05156X8504,reviewed legit foreign-incorporated / cross-listing (ISIN-collision sweep 2026-06)
ACIU,NASDAQ,CH0329023102,reviewed legit foreign-incorporated / cross-listing (ISIN-collision sweep 2026-06)
ACN,NYSE,IE00B4BNMY34,reviewed legit foreign-incorporated / cross-listing (ISIN-collision sweep 2026-06)
ACOG,NASDAQ,CA02074J5017,reviewed legit foreign-incorporated / cross-listing (ISIN-collision sweep 2026-06)
ADCT,NYSE,CH0499880968,reviewed legit foreign-incorporated / cross-listing (ISIN-collision sweep 2026-06)
ADNT,NYSE,IE00BD845X29,reviewed legit foreign-incorporated / cross-listing (ISIN-collision sweep 2026-06)
ADSE,NASDAQ,IE000DU292E6,reviewed legit foreign-incorporated / cross-listing (ISIN-collision sweep 2026-06)
ADXN,NASDAQ,CH0029850754,reviewed legit foreign-incorporated / cross-listing (ISIN-collision sweep 2026-06)
AEBI,NASDAQ,CH0027352993,reviewed legit foreign-incorporated / cross-listing (ISIN-collision sweep 2026-06)
AEC,NASDAQ,CA03464C2058,reviewed legit foreign-incorporated / cross-listing (ISIN-collision sweep 2026-06)
AEM,NYSE,CA0084741085,reviewed legit foreign-incorporated / cross-listing (ISIN-collision sweep 2026-06)
AFRI,NASDAQ,GI000A3DNK69,reviewed legit foreign-incorporated / cross-listing (ISIN-collision sweep 2026-06)
AG,NYSE,CA32076V1031,reviewed legit foreign-incorporated / cross-listing (ISIN-collision sweep 2026-06)
AGI,NYSE,CA0115321089,reviewed legit foreign-incorporated / cross-listing (ISIN-collision sweep 2026-06)
AKAN,NASDAQ,CA00971M6018,reviewed legit foreign-incorporated / cross-listing (ISIN-collision sweep 2026-06)
ALC,NYSE,CH0432492467,reviewed legit foreign-incorporated / cross-listing (ISIN-collision sweep 2026-06)
ALKS,NASDAQ,IE00B56GVS15,reviewed legit foreign-incorporated / cross-listing (ISIN-collision sweep 2026-06)
ALLE,NYSE,IE00BFRT3W74,reviewed legit foreign-incorporated / cross-listing (ISIN-collision sweep 2026-06)
ALLT,NASDAQ,IL0010996549,reviewed legit foreign-incorporated / cross-listing (ISIN-collision sweep 2026-06)
ALM,NASDAQ,CA0203987072,reviewed legit foreign-incorporated / cross-listing (ISIN-collision sweep 2026-06)
ALVO,NASDAQ,LU2458332611,reviewed legit foreign-incorporated / cross-listing (ISIN-collision sweep 2026-06)
AMBP,NYSE,LU2369833749,reviewed legit foreign-incorporated / cross-listing (ISIN-collision sweep 2026-06)
AMRZ,NYSE,CH1430134226,reviewed legit foreign-incorporated / cross-listing (ISIN-collision sweep 2026-06)
ANY,NASDAQ,CA84841L4073,reviewed legit foreign-incorporated / cross-listing (ISIN-collision sweep 2026-06)
AON,NYSE,IE00BLP1HW54,reviewed legit foreign-incorporated / cross-listing (ISIN-collision sweep 2026-06)
AQN,NYSE,CA0158571053,reviewed legit foreign-incorporated / cross-listing (ISIN-collision sweep 2026-06)
ARBE,NASDAQ,IL0011796625,reviewed legit foreign-incorporated / cross-listing (ISIN-collision sweep 2026-06)
ARIS,NYSE,CA04040X1015,reviewed legit foreign-incorporated / cross-listing (ISIN-collision sweep 2026-06)
ARMN,NYSE MKT,CA04040Y1097,reviewed legit foreign-incorporated / cross-listing (ISIN-collision sweep 2026-06)
ASPS,NASDAQ,LU0445408270,reviewed legit foreign-incorporated / cross-listing (ISIN-collision sweep 2026-06)
ASTL,NASDAQ,CA0156581070,reviewed legit foreign-incorporated / cross-listing (ISIN-collision sweep 2026-06)
ATAI,NASDAQ,NL0015000DX5,reviewed legit foreign-incorporated / cross-listing (ISIN-collision sweep 2026-06)
ATS,NYSE,CA00217Y1043,reviewed legit foreign-incorporated / cross-listing (ISIN-collision sweep 2026-06)
AUDC,NASDAQ,IL0010829658,reviewed legit foreign-incorporated / cross-listing (ISIN-collision sweep 2026-06)
AUNA,NYSE,LU2791994721,reviewed legit foreign-incorporated / cross-listing (ISIN-collision sweep 2026-06)
AUPH,NASDAQ,CA05156V1022,reviewed legit foreign-incorporated / cross-listing (ISIN-collision sweep 2026-06)
AUST,NYSE MKT,CA05223F1062,reviewed legit foreign-incorporated / cross-listing (ISIN-collision sweep 2026-06)
AVX,NASDAQ,CA05353F1080,reviewed legit foreign-incorporated / cross-listing (ISIN-collision sweep 2026-06)
AZ,NASDAQ,CA00249W1005,reviewed legit foreign-incorporated / cross-listing (ISIN-collision sweep 2026-06)
B,NYSE,CA06849F1080,reviewed legit foreign-incorporated / cross-listing (ISIN-collision sweep 2026-06)
BAM,NYSE,CA1130041058,reviewed legit foreign-incorporated / cross-listing (ISIN-collision sweep 2026-06)
BB,NYSE,CA09228F1036,reviewed legit foreign-incorporated / cross-listing (ISIN-collision sweep 2026-06)
BBUC,NYSE,CA11259V1067,reviewed legit foreign-incorporated / cross-listing (ISIN-collision sweep 2026-06)
BCE,NYSE,CA05534B7604,reviewed legit foreign-incorporated / cross-listing (ISIN-collision sweep 2026-06)
BDRX,NASDAQ,GB00BNGF1L75,reviewed legit foreign-incorporated / cross-listing (ISIN-collision sweep 2026-06)
BEPC,NYSE,CA11284V1058,reviewed legit foreign-incorporated / cross-listing (ISIN-collision sweep 2026-06)
BGI,NYSE MKT,CA09088U1093,reviewed legit foreign-incorporated / cross-listing (ISIN-collision sweep 2026-06)
BGSI,NYSE,CA1033101082,reviewed legit foreign-incorporated / cross-listing (ISIN-collision sweep 2026-06)
BHC,NYSE,CA0717341071,reviewed legit foreign-incorporated / cross-listing (ISIN-collision sweep 2026-06)
BHP,NYSE,AU000000BHP4,reviewed legit foreign-incorporated / cross-listing (ISIN-collision sweep 2026-06)
BIPC,NYSE,CA11275Q1072,reviewed legit foreign-incorporated / cross-listing (ISIN-collision sweep 2026-06)
BLCO,NYSE,CA0717051076,reviewed legit foreign-incorporated / cross-listing (ISIN-collision sweep 2026-06)
BLDP,NASDAQ,CA0585861085,reviewed legit foreign-incorporated / cross-listing (ISIN-collision sweep 2026-06)
BLRX,NASDAQ,IL0011015182,reviewed legit foreign-incorporated / cross-listing (ISIN-collision sweep 2026-06)
BMO,NYSE,CA0636711016,reviewed legit foreign-incorporated / cross-listing (ISIN-collision sweep 2026-06)
BMR,NASDAQ,IL0011832438,reviewed legit foreign-incorporated (Beamr Imaging Ltd / Israel) ISIN backfilled from EODHD + cross-checked (OpenFIGI/MarketScreener) on a collision-cleared row 2026-06
BN,NYSE,CA11271J1075,reviewed legit foreign-incorporated / cross-listing (ISIN-collision sweep 2026-06)
BNRG,NASDAQ,IL0011415309,reviewed legit foreign-incorporated / cross-listing (ISIN-collision sweep 2026-06)
BNS,NYSE,CA0641491075,reviewed legit foreign-incorporated / cross-listing (ISIN-collision sweep 2026-06)
BOSC,NASDAQ,IL0010828171,reviewed legit foreign-incorporated / cross-listing (ISIN-collision sweep 2026-06)
BPOP,NASDAQ,PR7331747001,reviewed legit foreign-incorporated / cross-listing (ISIN-collision sweep 2026-06)
BRAG,NASDAQ,CA1048333068,reviewed legit foreign-incorporated / cross-listing (ISIN-collision sweep 2026-06)
BRAI,NASDAQ,AU0000424897,reviewed legit foreign-incorporated / cross-listing (ISIN-collision sweep 2026-06)
BRLS,NASDAQ,CA09973D1050,reviewed legit foreign-incorporated / cross-listing (ISIN-collision sweep 2026-06)
BRLSW,NASDAQ,CA09973D1134,reviewed legit foreign-incorporated / cross-listing (ISIN-collision sweep 2026-06)
BRSL,NYSE,GB00BVG7F061,reviewed legit foreign-incorporated / cross-listing (ISIN-collision sweep 2026-06)
BTE,NYSE,CA07317Q1054,reviewed legit foreign-incorporated / cross-listing (ISIN-collision sweep 2026-06)
BTQ,NASDAQ,CA0558691014,reviewed legit foreign-incorporated / cross-listing (ISIN-collision sweep 2026-06)
BWLP,NYSE,SGXZ69436764,reviewed legit foreign-incorporated / cross-listing (ISIN-collision sweep 2026-06)
BWMX,NYSE,MX00BW020002,reviewed legit foreign-incorporated / cross-listing (ISIN-collision sweep 2026-06)
CAAP,NYSE,LU1756447840,reviewed legit foreign-incorporated / cross-listing (ISIN-collision sweep 2026-06)
CAE,NYSE,CA1247651088,reviewed legit foreign-incorporated / cross-listing (ISIN-collision sweep 2026-06)
CAMT,NASDAQ,IL0010952641,reviewed legit foreign-incorporated / cross-listing (ISIN-collision sweep 2026-06)
CB,NYSE,CH0044328745,reviewed legit foreign-incorporated / cross-listing (ISIN-collision sweep 2026-06)
CCEP,NASDAQ,GB00BDCPN049,reviewed legit foreign-incorporated / cross-listing (ISIN-collision sweep 2026-06)
CCJ,NYSE,CA13321L1085,reviewed legit foreign-incorporated / cross-listing (ISIN-collision sweep 2026-06)
CDRO,NASDAQ,LU2405144788,reviewed legit foreign-incorporated / cross-listing (ISIN-collision sweep 2026-06)
CENN,NASDAQ,AU0000198582,reviewed legit foreign-incorporated / cross-listing (ISIN-collision sweep 2026-06)
CEPU,NYSE,ARP2354W1188,reviewed legit foreign-incorporated / cross-listing (ISIN-collision sweep 2026-06)
CGAU,NYSE,CA1520061021,reviewed legit foreign-incorporated / cross-listing (ISIN-collision sweep 2026-06)
CGC,NASDAQ,CA1380357048,reviewed legit foreign-incorporated / cross-listing (ISIN-collision sweep 2026-06)
CGEN,NASDAQ,IL0010852080,reviewed legit foreign-incorporated / cross-listing (ISIN-collision sweep 2026-06)
CGNT,NASDAQ,IL0011691438,reviewed legit foreign-incorporated / cross-listing (ISIN-collision sweep 2026-06)
CHAI,NASDAQ,CA83013Q8719,reviewed legit foreign-incorporated / cross-listing (ISIN-collision sweep 2026-06)
CHKP,NASDAQ,IL0010824113,reviewed legit foreign-incorporated / cross-listing (ISIN-collision sweep 2026-06)
CIGI,NASDAQ,CA1946931070,reviewed legit foreign-incorporated / cross-listing (ISIN-collision sweep 2026-06)
CLBT,NASDAQ,IL0011794802,reviewed legit foreign-incorporated / cross-listing (ISIN-collision sweep 2026-06)
CLGN,NASDAQ,IL0004960188,reviewed legit foreign-incorporated / cross-listing (ISIN-collision sweep 2026-06)
CLS,NYSE,CA15101Q2071,reviewed legit foreign-incorporated / cross-listing (ISIN-collision sweep 2026-06)
CM,NYSE,CA1360691010,reviewed legit foreign-incorporated / cross-listing (ISIN-collision sweep 2026-06)
CMBT,NYSE,BE0003816338,reviewed legit foreign-incorporated / cross-listing (ISIN-collision sweep 2026-06)
CMND,NASDAQ,CA1850534027,reviewed legit foreign-incorporated / cross-listing (ISIN-collision sweep 2026-06)
CMPR,NASDAQ,IE00BKYC3F77,reviewed legit foreign-incorporated / cross-listing (ISIN-collision sweep 2026-06)
CNCK,NASDAQ,NL0015002BV9,reviewed legit foreign-incorporated / cross-listing (ISIN-collision sweep 2026-06)
CNH,NYSE,NL0010545661,reviewed legit foreign-incorporated / cross-listing (ISIN-collision sweep 2026-06)
CNI,NYSE,CA1363751027,reviewed legit foreign-incorporated / cross-listing (ISIN-collision sweep 2026-06)
CNL,NYSE,CA19425C1005,reviewed legit foreign-incorporated / cross-listing (ISIN-collision sweep 2026-06)
CNQ,NYSE,CA1363851017,reviewed legit foreign-incorporated / cross-listing (ISIN-collision sweep 2026-06)
CP,NYSE,CA13646K1084,reviewed legit foreign-incorporated / cross-listing (ISIN-collision sweep 2026-06)
CRDL,NASDAQ,CA14161Y2006,reviewed legit foreign-incorporated / cross-listing (ISIN-collision sweep 2026-06)
CRNT,NASDAQ,IL0010851660,reviewed legit foreign-incorporated / cross-listing (ISIN-collision sweep 2026-06)
CRON,NASDAQ,CA22717L1013,reviewed legit foreign-incorporated / cross-listing (ISIN-collision sweep 2026-06)
CRSP,NASDAQ,CH0334081137,reviewed legit foreign-incorporated / cross-listing (ISIN-collision sweep 2026-06)
CRTO,NASDAQ,FR0000045304,reviewed legit foreign-incorporated / cross-listing (ISIN-collision sweep 2026-06)
CSIQ,NASDAQ,CA1366351098,reviewed legit foreign-incorporated / cross-listing (ISIN-collision sweep 2026-06)
CSR,NYSE,PLCSPAM00017,reviewed legit foreign-incorporated / cross-listing (ISIN-collision sweep 2026-06)
CSTE,NASDAQ,IL0011259137,reviewed legit foreign-incorporated / cross-listing (ISIN-collision sweep 2026-06)
CSTM,NYSE,FR0013467479,reviewed legit foreign-incorporated / cross-listing (ISIN-collision sweep 2026-06)
CVE,NYSE,CA15135U1093,reviewed legit foreign-incorporated / cross-listing (ISIN-collision sweep 2026-06)
CVEO,NYSE,CA17878Y2078,reviewed legit foreign-incorporated / cross-listing (ISIN-collision sweep 2026-06)
CWK,NYSE,GB00BFZ4N465,reviewed legit foreign-incorporated / cross-listing (ISIN-collision sweep 2026-06)
DCBO,NASDAQ,CA25609L1058,reviewed legit foreign-incorporated / cross-listing (ISIN-collision sweep 2026-06)
DEC,NYSE,GB00BQHP5P93,reviewed legit foreign-incorporated / cross-listing (ISIN-collision sweep 2026-06)
DEFT,NASDAQ,CA2449161025,reviewed legit foreign-incorporated / cross-listing (ISIN-collision sweep 2026-06)
DEVS,NASDAQ,CA25189R1001,reviewed legit foreign-incorporated / cross-listing (ISIN-collision sweep 2026-06)
DFSC,NASDAQ,CA2447781063,reviewed legit foreign-incorporated / cross-listing (ISIN-collision sweep 2026-06)
DFTX,NASDAQ,CA24477V1058,reviewed legit foreign-incorporated / cross-listing (ISIN-collision sweep 2026-06)
DGXX,NASDAQ,CA25380B1022,reviewed legit foreign-incorporated / cross-listing (ISIN-collision sweep 2026-06)
DMAC,NASDAQ,CA25253X2077,reviewed legit foreign-incorporated / cross-listing (ISIN-collision sweep 2026-06)
DOLE,NYSE,IE0003LFZ4U7,reviewed legit foreign-incorporated / cross-listing (ISIN-collision sweep 2026-06)
DOO,NASDAQ,CA05577W2004,reviewed legit foreign-incorporated / cross-listing (ISIN-collision sweep 2026-06)
DOX,NASDAQ,GB0022569080,reviewed legit foreign-incorporated / cross-listing (ISIN-collision sweep 2026-06)
DPRO,NASDAQ,CA26142Q3044,reviewed legit foreign-incorporated / cross-listing (ISIN-collision sweep 2026-06)
DRTS,NASDAQ,IL0011839383,reviewed legit foreign-incorporated / cross-listing (ISIN-collision sweep 2026-06)
DRUG,NASDAQ,CA10919W4056,reviewed legit foreign-incorporated / cross-listing (ISIN-collision sweep 2026-06)
DSGX,NASDAQ,CA2499061083,reviewed legit foreign-incorporated / cross-listing (ISIN-collision sweep 2026-06)
DVS,NYSE,CA2568277834,reviewed legit foreign-incorporated / cross-listing (ISIN-collision sweep 2026-06)
EDSA,NASDAQ,CA27966L1085,reviewed legit foreign-incorporated / cross-listing (ISIN-collision sweep 2026-06)
EFXT,NYSE,CA29269R1055,reviewed legit foreign-incorporated / cross-listing (ISIN-collision sweep 2026-06)
EGO,NYSE,CA2849025093,reviewed legit foreign-incorporated / cross-listing (ISIN-collision sweep 2026-06)
ELBM,NASDAQ,CA28474P1027,reviewed legit foreign-incorporated / cross-listing (ISIN-collision sweep 2026-06)
ELE,NASDAQ,CA28619L1076,reviewed legit foreign-incorporated / cross-listing (ISIN-collision sweep 2026-06)
ELLO,NYSE MKT,IL0010826357,reviewed legit foreign-incorporated / cross-listing (ISIN-collision sweep 2026-06)
ELTK,NASDAQ,IL0010828411,reviewed legit foreign-incorporated / cross-listing (ISIN-collision sweep 2026-06)
ELVA,NASDAQ,CA28617B6061,reviewed legit foreign-incorporated / cross-listing (ISIN-collision sweep 2026-06)
EMA,NYSE,CA2908761018,reviewed legit foreign-incorporated / cross-listing (ISIN-collision sweep 2026-06)
ENB,NYSE,CA29250N1050,reviewed legit foreign-incorporated / cross-listing (ISIN-collision sweep 2026-06)
ENGN,NASDAQ,CA29286M1059,reviewed legit foreign-incorporated / cross-listing (ISIN-collision sweep 2026-06)
ENLT,NASDAQ,IL0007200111,reviewed legit foreign-incorporated / cross-listing (ISIN-collision sweep 2026-06)
ENLV,NASDAQ,IL0011319527,reviewed legit foreign-incorporated / cross-listing (ISIN-collision sweep 2026-06)
ENTX,NASDAQ,IL0011429839,reviewed legit foreign-incorporated / cross-listing (ISIN-collision sweep 2026-06)
EPRX,NASDAQ,CA29842P1053,reviewed legit foreign-incorporated / cross-listing (ISIN-collision sweep 2026-06)
EPSN,NASDAQ,CA2943752097,reviewed legit foreign-incorporated / cross-listing (ISIN-collision sweep 2026-06)
EQX,NYSE MKT,CA29446Y3041,reviewed legit foreign-incorporated / cross-listing (ISIN-collision sweep 2026-06)
ERO,NYSE,CA2960061091,reviewed legit foreign-incorporated / cross-listing (ISIN-collision sweep 2026-06)
ESLT,NASDAQ,IL0010811243,reviewed legit foreign-incorporated / cross-listing (ISIN-collision sweep 2026-06)
ESTC,NYSE,NL0013056914,reviewed legit foreign-incorporated / cross-listing (ISIN-collision sweep 2026-06)
ETN,NYSE,IE00B8KQN827,reviewed legit foreign-incorporated / cross-listing (ISIN-collision sweep 2026-06)
EVGN,NASDAQ,IL0011050551,reviewed legit foreign-incorporated / cross-listing (ISIN-collision sweep 2026-06)
EVTC,NYSE,PR30040P1032,reviewed legit foreign-incorporated / cross-listing (ISIN-collision sweep 2026-06)
EXK,NYSE,CA29258Y1034,reviewed legit foreign-incorporated / cross-listing (ISIN-collision sweep 2026-06)
FACT,NASDAQ,IE0009Y1MQJ2,reviewed legit foreign-incorporated / cross-listing (ISIN-collision sweep 2026-06)
FBP,NYSE,PR3186727065,reviewed legit foreign-incorporated / cross-listing (ISIN-collision sweep 2026-06)
FER,NASDAQ,NL0015001FS8,reviewed legit foreign-incorporated / cross-listing (ISIN-collision sweep 2026-06)
FLEX,NASDAQ,SG9999000020,reviewed legit foreign-incorporated / cross-listing (ISIN-collision sweep 2026-06)
FLUT,NYSE,IE00BWT6H894,reviewed legit foreign-incorporated / cross-listing (ISIN-collision sweep 2026-06)
FMST,NASDAQ,CA3455102002,reviewed legit foreign-incorporated / cross-listing (ISIN-collision sweep 2026-06)
FNUC,NASDAQ,CA3591341035,reviewed legit foreign-incorporated / cross-listing (ISIN-collision sweep 2026-06)
FNV,NYSE,CA3518581051,reviewed legit foreign-incorporated / cross-listing (ISIN-collision sweep 2026-06)
FRO,NYSE,CY0200352116,reviewed legit foreign-incorporated / cross-listing (ISIN-collision sweep 2026-06)
FROG,NASDAQ,IL0011684185,reviewed legit foreign-incorporated / cross-listing (ISIN-collision sweep 2026-06)
FSI,NYSE MKT,CA33938T1049,reviewed legit foreign-incorporated / cross-listing (ISIN-collision sweep 2026-06)
FSM,NYSE,CA3499151080,reviewed legit foreign-incorporated / cross-listing (ISIN-collision sweep 2026-06)
FSV,NASDAQ,CA33767E2024,reviewed legit foreign-incorporated / cross-listing (ISIN-collision sweep 2026-06)
FTS,NYSE,CA3495531079,reviewed legit foreign-incorporated / cross-listing (ISIN-collision sweep 2026-06)
FURY,NYSE MKT,CA36117T1003,reviewed legit foreign-incorporated / cross-listing (ISIN-collision sweep 2026-06)
FVRR,NYSE,IL0011582033,reviewed legit foreign-incorporated / cross-listing (ISIN-collision sweep 2026-06)
GAUZ,NASDAQ,IL0012050121,reviewed legit foreign-incorporated / cross-listing (ISIN-collision sweep 2026-06)
GDTC,NASDAQ,SGXZ17669631,reviewed legit foreign-incorporated / cross-listing (ISIN-collision sweep 2026-06)
GELS,NASDAQ,AU0000218109,reviewed legit foreign-incorporated / cross-listing (ISIN-collision sweep 2026-06)
GEOS,NASDAQ,NO0010813843,reviewed legit foreign-incorporated / cross-listing (ISIN-collision sweep 2026-06)
GFR,NYSE,CA39525U1075,reviewed legit foreign-incorporated / cross-listing (ISIN-collision sweep 2026-06)
GHRS,NASDAQ,IE000GID8VI0,reviewed legit foreign-incorporated / cross-listing (ISIN-collision sweep 2026-06)
GIGM,NASDAQ,SG9999014831,reviewed legit foreign-incorporated / cross-listing (ISIN-collision sweep 2026-06)
GIL,NYSE,CA3759161035,reviewed legit foreign-incorporated / cross-listing (ISIN-collision sweep 2026-06)
GILT,NASDAQ,IL0010825102,reviewed legit foreign-incorporated / cross-listing (ISIN-collision sweep 2026-06)
GLBE,NASDAQ,IL0011741688,reviewed legit foreign-incorporated / cross-listing (ISIN-collision sweep 2026-06)
GLMD,NASDAQ,IL0011313900,reviewed legit foreign-incorporated / cross-listing (ISIN-collision sweep 2026-06)
GLOB,NYSE,LU0974299876,reviewed legit foreign-incorporated / cross-listing (ISIN-collision sweep 2026-06)
GMAB,NASDAQ,DK0010272202,reviewed legit foreign-incorporated / cross-listing (ISIN-collision sweep 2026-06)
GMTL,NYSE MKT,GB00BPQY8R36,reviewed legit foreign-incorporated / cross-listing (ISIN-collision sweep 2026-06)
GOOS,NYSE,CA1350861060,reviewed legit foreign-incorporated / cross-listing (ISIN-collision sweep 2026-06)
GP,NASDAQ,CA39540E3023,reviewed legit foreign-incorporated / cross-listing (ISIN-collision sweep 2026-06)
GRMN,NYSE,CH0114405324,reviewed legit foreign-incorporated / cross-listing (ISIN-collision sweep 2026-06)
GRO,NYSE,CA10586A1084,reviewed legit foreign-incorporated / cross-listing (ISIN-collision sweep 2026-06)
GROY,NYSE MKT,CA38071H1064,reviewed legit foreign-incorporated / cross-listing (ISIN-collision sweep 2026-06)
GSM,NASDAQ,GB00BYW6GV68,reviewed legit foreign-incorporated / cross-listing (ISIN-collision sweep 2026-06)
GTES,NYSE,GB00BD9G2S12,reviewed legit foreign-incorporated / cross-listing (ISIN-collision sweep 2026-06)
GV,NASDAQ,CA92838F2008,reviewed legit foreign-incorporated / cross-listing (ISIN-collision sweep 2026-06)
HAFN,NYSE,SGXZ53070850,reviewed legit foreign-incorporated / cross-listing (ISIN-collision sweep 2026-06)
HAVA,NASDAQ,ARHAVH300038,reviewed legit foreign-incorporated / cross-listing (ISIN-collision sweep 2026-06)
HBM,NYSE,CA4436281022,reviewed legit foreign-incorporated / cross-listing (ISIN-collision sweep 2026-06)
HITI,NASDAQ,CA42981E1043,reviewed legit foreign-incorporated / cross-listing (ISIN-collision sweep 2026-06)
HIVE,NASDAQ,CA43366H7040,reviewed legit foreign-incorporated / cross-listing (ISIN-collision sweep 2026-06)
HLN,NYSE,GB00BMX86B70,reviewed legit foreign-incorporated / cross-listing (ISIN-collision sweep 2026-06)
HOVR,NASDAQ,CA64550A1075,reviewed legit foreign-incorporated / cross-listing (ISIN-collision sweep 2026-06)
HTOO,NASDAQ,IE00BNC17X36,reviewed legit foreign-incorporated / cross-listing (ISIN-collision sweep 2026-06)
HUBC,NASDAQ,IL0012007329,reviewed legit foreign-incorporated / cross-listing (ISIN-collision sweep 2026-06)
HYFT,NASDAQ,CA6026871054,reviewed legit foreign-incorporated / cross-listing (ISIN-collision sweep 2026-06)
IAG,NYSE,CA4509131088,reviewed legit foreign-incorporated / cross-listing (ISIN-collision sweep 2026-06)
IAUX,NYSE MKT,CA44955L1067,reviewed legit foreign-incorporated / cross-listing (ISIN-collision sweep 2026-06)
IBG,NASDAQ,AU0000226177,reviewed legit foreign-incorporated / cross-listing (ISIN-collision sweep 2026-06)
ICCM,NASDAQ,IL0011224156,reviewed legit foreign-incorporated / cross-listing (ISIN-collision sweep 2026-06)
ICL,NYSE,IL0002810146,reviewed legit foreign-incorporated / cross-listing (ISIN-collision sweep 2026-06)
ICLR,NASDAQ,IE0005711209,reviewed legit foreign-incorporated / cross-listing (ISIN-collision sweep 2026-06)
IEAG,NASDAQ,IE00B3DKXQ41,reviewed legit foreign-incorporated / cross-listing (ISIN-collision sweep 2026-06)
IFRX,NASDAQ,NL0012661870,reviewed legit foreign-incorporated / cross-listing (ISIN-collision sweep 2026-06)
IINN,NASDAQ,IL0011715781,reviewed legit foreign-incorporated / cross-listing (ISIN-collision sweep 2026-06)
IMAX,NYSE,CA45245E1097,reviewed legit foreign-incorporated / cross-listing (ISIN-collision sweep 2026-06)
IMCC,NASDAQ,CA44969Q2080,reviewed legit foreign-incorporated / cross-listing (ISIN-collision sweep 2026-06)
IMO,NYSE MKT,CA4530384086,reviewed legit foreign-incorporated / cross-listing (ISIN-collision sweep 2026-06)
IMTE,NASDAQ,AU000000ITL3,reviewed legit foreign-incorporated / cross-listing (ISIN-collision sweep 2026-06)
IMTX,NASDAQ,NL0015285941,reviewed legit foreign-incorporated / cross-listing (ISIN-collision sweep 2026-06)
INCR,NASDAQ,IL0011063760,reviewed legit foreign-incorporated / cross-listing (ISIN-collision sweep 2026-06)
INDV,NASDAQ,GB00BN4HT335,reviewed legit foreign-incorporated / cross-listing (ISIN-collision sweep 2026-06)
INM,NASDAQ,CA4576375022,reviewed legit foreign-incorporated / cross-listing (ISIN-collision sweep 2026-06)
INMD,NASDAQ,IL0011595993,reviewed legit foreign-incorporated / cross-listing (ISIN-collision sweep 2026-06)
INVZ,NASDAQ,IL0011745804,reviewed legit foreign-incorporated / cross-listing (ISIN-collision sweep 2026-06)
IREN,NASDAQ,AU0000185993,reviewed legit foreign-incorporated / cross-listing (ISIN-collision sweep 2026-06)
ITRM,NASDAQ,IE000TTOOBX0,reviewed legit foreign-incorporated / cross-listing (ISIN-collision sweep 2026-06)
ITRN,NASDAQ,IL0010818685,reviewed legit foreign-incorporated / cross-listing (ISIN-collision sweep 2026-06)
IVA,NASDAQ,FR0013233012,reviewed legit foreign-incorporated / cross-listing (ISIN-collision sweep 2026-06)
JAGU,NYSE MKT,CA47010E1088,reviewed legit foreign-incorporated / cross-listing (ISIN-collision sweep 2026-06)
JAZZ,NASDAQ,IE00B4Q5ZN47,reviewed legit foreign-incorporated / cross-listing (ISIN-collision sweep 2026-06)
JBS,NYSE,NL0015002J37,reviewed legit foreign-incorporated / cross-listing (ISIN-collision sweep 2026-06)
JCI,NYSE,IE00BY7QL619,reviewed legit foreign-incorporated / cross-listing (ISIN-collision sweep 2026-06)
JCTC,NASDAQ,CA47733C2076,reviewed legit foreign-incorporated / cross-listing (ISIN-collision sweep 2026-06)
JFBR,NASDAQ,IL0011808354,reviewed legit foreign-incorporated / cross-listing (ISIN-collision sweep 2026-06)
JFBRW,NASDAQ,IL0011840357,reviewed legit foreign-incorporated / cross-listing (ISIN-collision sweep 2026-06)
KARO,NASDAQ,SGXZ19450089,reviewed legit foreign-incorporated / cross-listing (ISIN-collision sweep 2026-06)
KEN,NYSE,SG9999012629,reviewed legit foreign-incorporated / cross-listing (ISIN-collision sweep 2026-06)
KLAR,NYSE,GB00BMHVL512,reviewed legit foreign-incorporated / cross-listing (ISIN-collision sweep 2026-06)
KMDA,NASDAQ,IL0010941198,reviewed legit foreign-incorporated / cross-listing (ISIN-collision sweep 2026-06)
KRNT,NASDAQ,IL0011216723,reviewed legit foreign-incorporated / cross-listing (ISIN-collision sweep 2026-06)
LAC,NYSE,CA53680Q2071,reviewed legit foreign-incorporated / cross-listing (ISIN-collision sweep 2026-06)
LAR,NYSE,CH1403212751,reviewed legit foreign-incorporated / cross-listing (ISIN-collision sweep 2026-06)
LBTYB,NASDAQ,GB00B8W67779,reviewed legit foreign-incorporated / cross-listing (ISIN-collision sweep 2026-06)
LBTYK,NASDAQ,GB00B8W67B19,reviewed legit foreign-incorporated / cross-listing (ISIN-collision sweep 2026-06)
LCFY,NASDAQ,AU0000197196,reviewed legit foreign-incorporated / cross-listing (ISIN-collision sweep 2026-06)
LCFYW,NASDAQ,AU0000255077,reviewed legit foreign-incorporated / cross-listing (ISIN-collision sweep 2026-06)
LFWD,NASDAQ,IL0011331076,reviewed legit foreign-incorporated / cross-listing (ISIN-collision sweep 2026-06)
LGO,NASDAQ,CA5170971017,reviewed legit foreign-incorporated / cross-listing (ISIN-collision sweep 2026-06)
LGPS,NYSE MKT,JP3984070007,reviewed legit foreign-incorporated / cross-listing (ISIN-collision sweep 2026-06)
LIN,NASDAQ,IE000S9YS762,reviewed legit foreign-incorporated / cross-listing (ISIN-collision sweep 2026-06)
LION,NYSE,CA53626N1024,reviewed legit foreign-incorporated / cross-listing (ISIN-collision sweep 2026-06)
LITM,NASDAQ,CA83336J2083,reviewed legit foreign-incorporated / cross-listing (ISIN-collision sweep 2026-06)
LIVN,NASDAQ,GB00BYMT0J19,reviewed legit foreign-incorporated / cross-listing (ISIN-collision sweep 2026-06)
LOGI,NASDAQ,CH0025751329,reviewed legit foreign-incorporated / cross-listing (ISIN-collision sweep 2026-06)
LSPD,NYSE,CA53229C1077,reviewed legit foreign-incorporated / cross-listing (ISIN-collision sweep 2026-06)
LXFR,NYSE,GB00BNK03D49,reviewed legit foreign-incorporated / cross-listing (ISIN-collision sweep 2026-06)
LYB,NYSE,NL0009434992,reviewed legit foreign-incorporated / cross-listing (ISIN-collision sweep 2026-06)
LZM,NYSE,IM00BLCY1J27,reviewed legit foreign-incorporated / cross-listing (ISIN-collision sweep 2026-06)
MAXN,NASDAQ,SGXZ25336314,reviewed legit foreign-incorporated / cross-listing (ISIN-collision sweep 2026-06)
MBAI,NASDAQ,IL0011336851,reviewed legit foreign-incorporated / cross-listing (ISIN-collision sweep 2026-06)
MDT,NYSE,IE00BTN1Y115,reviewed legit foreign-incorporated / cross-listing (ISIN-collision sweep 2026-06)
MDWD,NASDAQ,IL0011316309,reviewed legit foreign-incorporated / cross-listing (ISIN-collision sweep 2026-06)
MEOH,NASDAQ,CA59151K1084,reviewed legit foreign-incorporated / cross-listing (ISIN-collision sweep 2026-06)
MFC,NYSE,CA56501R1064,reviewed legit foreign-incorporated / cross-listing (ISIN-collision sweep 2026-06)
MGA,NYSE,CA5592224011,reviewed legit foreign-incorporated / cross-listing (ISIN-collision sweep 2026-06)
MICC,NYSE,NL0015002MS2,reviewed legit foreign-incorporated / cross-listing (ISIN-collision sweep 2026-06)
MIST,NASDAQ,CA59935V1076,reviewed legit foreign-incorporated / cross-listing (ISIN-collision sweep 2026-06)
MLEC,NASDAQ,LU2559000059,reviewed legit foreign-incorporated / cross-listing (ISIN-collision sweep 2026-06)
MMA,NYSE MKT,AU0000211609,reviewed legit foreign-incorporated / cross-listing (ISIN-collision sweep 2026-06)
MMYT,NASDAQ,MU0295S00016,reviewed legit foreign-incorporated / cross-listing (ISIN-collision sweep 2026-06)
MNDO,NASDAQ,IL0010851827,reviewed legit foreign-incorporated / cross-listing (ISIN-collision sweep 2026-06)
MNDY,NASDAQ,IL0011762130,reviewed legit foreign-incorporated / cross-listing (ISIN-collision sweep 2026-06)
MRX,NASDAQ,GB00BMT7GT62,reviewed legit foreign-incorporated / cross-listing (ISIN-collision sweep 2026-06)
MSLE,NASDAQ,CA80401L8033,reviewed legit foreign-incorporated / cross-listing (ISIN-collision sweep 2026-06)
MTA,NYSE MKT,CA59124U6051,reviewed legit foreign-incorporated / cross-listing (ISIN-collision sweep 2026-06)
MTEK,NASDAQ,IL0011789042,reviewed legit foreign-incorporated / cross-listing (ISIN-collision sweep 2026-06)
MYNZ,NASDAQ,NL0015000LC2,reviewed legit foreign-incorporated / cross-listing (ISIN-collision sweep 2026-06)
NAMS,NASDAQ,NL00150012L7,reviewed legit foreign-incorporated / cross-listing (ISIN-collision sweep 2026-06)
NB,NASDAQ,CA6544846091,reviewed legit foreign-incorporated / cross-listing (ISIN-collision sweep 2026-06)
NBIS,NASDAQ,NL0009805522,reviewed legit foreign-incorporated / cross-listing (ISIN-collision sweep 2026-06)
NCEL,NASDAQ,IL0011284614,reviewed legit foreign-incorporated / cross-listing (ISIN-collision sweep 2026-06)
NEWP,NYSE MKT,CA64782A1075,reviewed legit foreign-incorporated / cross-listing (ISIN-collision sweep 2026-06)
NEXA,NYSE,LU1701428291,reviewed legit foreign-incorporated / cross-listing (ISIN-collision sweep 2026-06)
NEXM,NASDAQ,CA65346E2042,reviewed legit foreign-incorporated / cross-listing (ISIN-collision sweep 2026-06)
NEXN,NASDAQ,IL0012165630,reviewed legit foreign-incorporated / cross-listing (ISIN-collision sweep 2026-06)
NEXR,NASDAQ,IL0011808354,reviewed legit foreign-incorporated US-listed (renamed from JFBR); verified rename 2026-06
NFGC,NYSE MKT,CA64440N1033,reviewed legit foreign-incorporated / cross-listing (ISIN-collision sweep 2026-06)
NG,NYSE MKT,CA66987E2069,reviewed legit foreign-incorporated / cross-listing (ISIN-collision sweep 2026-06)
NIQ,NYSE,IE000JMT8VI3,reviewed legit foreign-incorporated / cross-listing (ISIN-collision sweep 2026-06)
NKLR,NASDAQ,NL0015002Q12,reviewed legit foreign-incorporated / cross-listing (ISIN-collision sweep 2026-06)
NNOX,NASDAQ,IL0011681371,reviewed legit foreign-incorporated / cross-listing (ISIN-collision sweep 2026-06)
NOA,NYSE,CA6568111067,reviewed legit foreign-incorporated / cross-listing (ISIN-collision sweep 2026-06)
NOVT,NASDAQ,CA67000B1040,reviewed legit foreign-incorporated / cross-listing (ISIN-collision sweep 2026-06)
NRSN,NASDAQ,IL0011809592,reviewed legit foreign-incorporated / cross-listing (ISIN-collision sweep 2026-06)
NSRX,NYSE MKT,IL0012181553,reviewed legit foreign-incorporated / cross-listing (ISIN-collision sweep 2026-06)
NTR,NYSE,CA67077M1086,reviewed legit foreign-incorporated / cross-listing (ISIN-collision sweep 2026-06)
NVA,NASDAQ,AU000000NVA2,reviewed legit foreign-incorporated / cross-listing (ISIN-collision sweep 2026-06)
NVMI,NASDAQ,IL0010845571,reviewed legit foreign-incorporated / cross-listing (ISIN-collision sweep 2026-06)
NVT,NYSE,IE00BDVJJQ56,reviewed legit foreign-incorporated / cross-listing (ISIN-collision sweep 2026-06)
NWG,NYSE,GB00BM8PJY71,reviewed legit foreign-incorporated / cross-listing (ISIN-collision sweep 2026-06)
NXE,NYSE,CA65340P1062,reviewed legit foreign-incorporated / cross-listing (ISIN-collision sweep 2026-06)
NXPI,NASDAQ,NL0009538784,reviewed legit foreign-incorporated / cross-listing (ISIN-collision sweep 2026-06)
NYAX,NASDAQ,IL0011751166,reviewed legit foreign-incorporated / cross-listing (ISIN-collision sweep 2026-06)
NYXH,NASDAQ,BE0974358906,reviewed legit foreign-incorporated / cross-listing (ISIN-collision sweep 2026-06)
OBE,NYSE MKT,CA6744822033,reviewed legit foreign-incorporated / cross-listing (ISIN-collision sweep 2026-06)
OCS,NASDAQ,CH1242303498,reviewed legit foreign-incorporated / cross-listing (ISIN-collision sweep 2026-06)
ODD,NASDAQ,IL0011974909,reviewed legit foreign-incorporated / cross-listing (ISIN-collision sweep 2026-06)
ODV,NYSE,CA68828E8099,reviewed legit foreign-incorporated / cross-listing (ISIN-collision sweep 2026-06)
OEC,NYSE,LU1092234845,reviewed legit foreign-incorporated / cross-listing (ISIN-collision sweep 2026-06)
OFG,NYSE,PR67103X1020,reviewed legit foreign-incorporated / cross-listing (ISIN-collision sweep 2026-06)
OGI,NASDAQ,CA68617J1003,reviewed legit foreign-incorporated / cross-listing (ISIN-collision sweep 2026-06)
OMAB,NASDAQ,MX01OM000018,reviewed legit foreign-incorporated / cross-listing (ISIN-collision sweep 2026-06)
ONCY,NASDAQ,CA6823108759,reviewed legit foreign-incorporated / cross-listing (ISIN-collision sweep 2026-06)
ONON,NYSE,CH1134540470,reviewed legit foreign-incorporated / cross-listing (ISIN-collision sweep 2026-06)
OR,NYSE,CA68827L1013,reviewed legit foreign-incorporated / cross-listing (ISIN-collision sweep 2026-06)
ORIO,NASDAQ,CA68627G1046,reviewed legit foreign-incorporated / cross-listing (ISIN-collision sweep 2026-06)
OSW,NASDAQ,BSP736841136,reviewed legit foreign-incorporated / cross-listing (ISIN-collision sweep 2026-06)
OTEX,NASDAQ,CA6837151068,reviewed legit foreign-incorporated / cross-listing (ISIN-collision sweep 2026-06)
PAAS,NYSE,CA6979001089,reviewed legit foreign-incorporated / cross-listing (ISIN-collision sweep 2026-06)
PAPL,NYSE MKT,CA72303K2074,reviewed legit foreign-incorporated / cross-listing (ISIN-collision sweep 2026-06)
PBA,NYSE,CA7063271034,reviewed legit foreign-incorporated / cross-listing (ISIN-collision sweep 2026-06)
PBM,NASDAQ,CA74449F4078,reviewed legit foreign-incorporated / cross-listing (ISIN-collision sweep 2026-06)
PDS,NYSE,CA74022D4075,reviewed legit foreign-incorporated / cross-listing (ISIN-collision sweep 2026-06)
PERI,NASDAQ,IL0010958192,reviewed legit foreign-incorporated / cross-listing (ISIN-collision sweep 2026-06)
PGY,NASDAQ,IL0011858912,reviewed legit foreign-incorporated / cross-listing (ISIN-collision sweep 2026-06)
PHVS,NASDAQ,NL00150005Y4,reviewed legit foreign-incorporated / cross-listing (ISIN-collision sweep 2026-06)
PHYS,NYSE ARCA,CA85207H1047,reviewed legit foreign-incorporated / cross-listing (ISIN-collision sweep 2026-06)
PICS,NASDAQ,NL0015073TP4,reviewed legit foreign-incorporated / cross-listing (ISIN-collision sweep 2026-06)
PIRBF,NASDAQ,GRS831003009,reviewed legit foreign-incorporated / cross-listing (ISIN-collision sweep 2026-06)
PLRZ,NASDAQ,IL0011814113,reviewed legit foreign-incorporated / cross-listing (ISIN-collision sweep 2026-06)
PLSM,NASDAQ,IL0011767006,reviewed legit foreign-incorporated / cross-listing (ISIN-collision sweep 2026-06)
PMEC,NASDAQ,SGXZ14489751,reviewed legit foreign-incorporated / cross-listing (ISIN-collision sweep 2026-06)
PMN,NASDAQ,CA74346M5054,reviewed legit foreign-incorporated / cross-listing (ISIN-collision sweep 2026-06)
PNR,NYSE,IE00BLS09M33,reviewed legit foreign-incorporated / cross-listing (ISIN-collision sweep 2026-06)
POET,NASDAQ,CA73044W3021,reviewed legit foreign-incorporated / cross-listing (ISIN-collision sweep 2026-06)
PPTA,NASDAQ,CA7142661031,reviewed legit foreign-incorporated / cross-listing (ISIN-collision sweep 2026-06)
PRFX,NASDAQ,IL0011651580,reviewed legit foreign-incorporated / cross-listing (ISIN-collision sweep 2026-06)
PRGO,NYSE,IE00BGH1M568,reviewed legit foreign-incorporated / cross-listing (ISIN-collision sweep 2026-06)
PROF,NASDAQ,CA74319B5027,reviewed legit foreign-incorporated / cross-listing (ISIN-collision sweep 2026-06)
PRQR,NASDAQ,NL0010872495,reviewed legit foreign-incorporated / cross-listing (ISIN-collision sweep 2026-06)
PRTA,NASDAQ,IE00B91XRN20,reviewed legit foreign-incorporated / cross-listing (ISIN-collision sweep 2026-06)
PRTC,NASDAQ,GB00BY2Z0H74,reviewed legit foreign-incorporated / cross-listing (ISIN-collision sweep 2026-06)
PRZO,NASDAQ,IL0011857013,reviewed legit foreign-incorporated / cross-listing (ISIN-collision sweep 2026-06)
PYPD,NASDAQ,IL0011326795,reviewed legit foreign-incorporated / cross-listing (ISIN-collision sweep 2026-06)
QGEN,NYSE,NL0015002CX3,reviewed legit foreign-incorporated / cross-listing (ISIN-collision sweep 2026-06)
QNC,NYSE MKT,CA74767K1030,reviewed legit foreign-incorporated / cross-listing (ISIN-collision sweep 2026-06)
QNTM,NASDAQ,CA74764Y2050,reviewed legit foreign-incorporated / cross-listing (ISIN-collision sweep 2026-06)
QSR,NYSE,CA76131D1033,reviewed legit foreign-incorporated / cross-listing (ISIN-collision sweep 2026-06)
QTEX,NASDAQ,IL0011715781,reviewed legit foreign-incorporated US-listed (renamed from IINN); verified rename 2026-06
QURE,NASDAQ,NL0010696654,reviewed legit foreign-incorporated / cross-listing (ISIN-collision sweep 2026-06)
RAC,NYSE,AU000000RAC3,reviewed legit foreign-incorporated / cross-listing (ISIN-collision sweep 2026-06)
RACE,NYSE,NL0011585146,reviewed legit foreign-incorporated / cross-listing (ISIN-collision sweep 2026-06)
RBA,NYSE,CA7677441056,reviewed legit foreign-incorporated / cross-listing (ISIN-collision sweep 2026-06)
RCL,NYSE,AU000000RCL0,reviewed legit foreign-incorporated / cross-listing (ISIN-collision sweep 2026-06)
RCT,NASDAQ,GB00BMCD0001,reviewed legit foreign-incorporated / cross-listing (ISIN-collision sweep 2026-06)
RDWR,NASDAQ,IL0010834765,reviewed legit foreign-incorporated / cross-listing (ISIN-collision sweep 2026-06)
REAX,NASDAQ,CA75585H2063,reviewed legit foreign-incorporated / cross-listing (ISIN-collision sweep 2026-06)
RECT,NASDAQ,BE0003656676,reviewed legit foreign-incorporated / cross-listing (ISIN-collision sweep 2026-06)
REE,NASDAQ,AU0000068579,reviewed legit foreign-incorporated / cross-listing (ISIN-collision sweep 2026-06)
REX,NYSE,CA68616X1006,reviewed legit foreign-incorporated / cross-listing (ISIN-collision sweep 2026-06)
RGR,NYSE,CA76711R1001,reviewed legit foreign-incorporated / cross-listing (ISIN-collision sweep 2026-06)
RGT,NYSE,AU000000MXC6,reviewed legit foreign-incorporated / cross-listing (ISIN-collision sweep 2026-06)
RHI,NYSE,AU000000RHI5,reviewed legit foreign-incorporated / cross-listing (ISIN-collision sweep 2026-06)
RIG,NYSE,CH0048265513,reviewed legit foreign-incorporated / cross-listing (ISIN-collision sweep 2026-06)
RKT,NYSE,AU0000282717,reviewed legit foreign-incorporated / cross-listing (ISIN-collision sweep 2026-06)
RM,NYSE,GB00BJT0FF39,reviewed legit foreign-incorporated / cross-listing (ISIN-collision sweep 2026-06)
RMAX,NYSE,CA40785J1057,reviewed legit foreign-incorporated / cross-listing (ISIN-collision sweep 2026-06)
RNW,NASDAQ,GB00BNQMPN80,reviewed legit foreign-incorporated / cross-listing (ISIN-collision sweep 2026-06)
RPRX,NASDAQ,GB00BMVP7Y09,reviewed legit foreign-incorporated / cross-listing (ISIN-collision sweep 2026-06)
RSKD,NYSE,IL0011786493,reviewed legit foreign-incorporated / cross-listing (ISIN-collision sweep 2026-06)
RTO,NYSE,GB00B082RF11,reviewed legit foreign-incorporated / cross-listing (ISIN-collision sweep 2026-06)
RVSN,NASDAQ,IL0011475949,reviewed legit foreign-incorporated / cross-listing (ISIN-collision sweep 2026-06)
RY,NYSE,CA7800871021,reviewed legit foreign-incorporated / cross-listing (ISIN-collision sweep 2026-06)
RYOJ,NASDAQ,JP3976100002,reviewed legit foreign-incorporated / cross-listing (ISIN-collision sweep 2026-06)
RZLV,NASDAQ,GB00BQH8G337,reviewed legit foreign-incorporated / cross-listing (ISIN-collision sweep 2026-06)
SA,NYSE,CA8119161054,reviewed legit foreign-incorporated / cross-listing (ISIN-collision sweep 2026-06)
SCZM,NASDAQ,CA80280U2056,reviewed legit foreign-incorporated / cross-listing (ISIN-collision sweep 2026-06)
SGML,NASDAQ,CA8265991023,reviewed legit foreign-incorporated / cross-listing (ISIN-collision sweep 2026-06)
SHMD,NASDAQ,NL00150021T1,reviewed legit foreign-incorporated / cross-listing (ISIN-collision sweep 2026-06)
SHOP,NASDAQ,CA82509L1076,reviewed legit foreign-incorporated / cross-listing (ISIN-collision sweep 2026-06)
SII,NYSE,CA8520662088,reviewed legit foreign-incorporated / cross-listing (ISIN-collision sweep 2026-06)
SIMA,NASDAQ,ID1000063902,reviewed legit foreign-incorporated / cross-listing (ISIN-collision sweep 2026-06)
SKE,NYSE,CA83056P7157,reviewed legit foreign-incorporated / cross-listing (ISIN-collision sweep 2026-06)
SLF,NYSE,CA8667961053,reviewed legit foreign-incorporated / cross-listing (ISIN-collision sweep 2026-06)
SLGL,NASDAQ,IL0011417206,reviewed legit foreign-incorporated / cross-listing (ISIN-collision sweep 2026-06)
SLMT,NASDAQ,IE0004OVVKF1,reviewed legit foreign-incorporated / cross-listing (ISIN-collision sweep 2026-06)
SMWB,NYSE,IL0011751653,reviewed legit foreign-incorporated / cross-listing (ISIN-collision sweep 2026-06)
SMX,NASDAQ,IE000WZ90ZV5,reviewed legit foreign-incorporated / cross-listing (ISIN-collision sweep 2026-06)
SNDL,NASDAQ,CA86730L1094,reviewed legit foreign-incorporated / cross-listing (ISIN-collision sweep 2026-06)
SNT,NASDAQ,CA81728N1006,reviewed legit foreign-incorporated / cross-listing (ISIN-collision sweep 2026-06)
SOBO,NYSE,CA83671M1059,reviewed legit foreign-incorporated / cross-listing (ISIN-collision sweep 2026-06)
SOPH,NASDAQ,CH1125843347,reviewed legit foreign-incorporated / cross-listing (ISIN-collision sweep 2026-06)
SPCB,NASDAQ,IL0010830961,reviewed legit foreign-incorporated / cross-listing (ISIN-collision sweep 2026-06)
SPOT,NYSE,LU1778762911,reviewed legit foreign-incorporated / cross-listing (ISIN-collision sweep 2026-06)
SPPP,NYSE ARCA,CA85207Q1046,reviewed legit foreign-incorporated / cross-listing (ISIN-collision sweep 2026-06)
SPRC,NASDAQ,IL0010951403,reviewed legit foreign-incorporated / cross-listing (ISIN-collision sweep 2026-06)
SRAD,NASDAQ,CH1134239669,reviewed legit foreign-incorporated / cross-listing (ISIN-collision sweep 2026-06)
SSAC,NASDAQ,IE00B6R52259,reviewed legit foreign-incorporated / cross-listing (ISIN-collision sweep 2026-06)
SSRM,NASDAQ,CA7847301032,reviewed legit foreign-incorporated / cross-listing (ISIN-collision sweep 2026-06)
SSYS,NASDAQ,IL0011267213,reviewed legit foreign-incorporated / cross-listing (ISIN-collision sweep 2026-06)
ST,NYSE,GB00BFMBMT84,reviewed legit foreign-incorporated / cross-listing (ISIN-collision sweep 2026-06)
STE,NYSE,IE00BFY8C754,reviewed legit foreign-incorporated / cross-listing (ISIN-collision sweep 2026-06)
STKE,NASDAQ,CA83411A2056,reviewed legit foreign-incorporated / cross-listing (ISIN-collision sweep 2026-06)
STLA,NYSE,NL00150001Q9,reviewed legit foreign-incorporated / cross-listing (ISIN-collision sweep 2026-06)
STN,NYSE,CA85472N1096,reviewed legit foreign-incorporated / cross-listing (ISIN-collision sweep 2026-06)
STRZ,NASDAQ,CA8559191066,reviewed legit foreign-incorporated / cross-listing (ISIN-collision sweep 2026-06)
STVN,NYSE,IT0005452658,reviewed legit foreign-incorporated / cross-listing (ISIN-collision sweep 2026-06)
STX,NASDAQ,IE00BKVD2N49,reviewed legit foreign-incorporated / cross-listing (ISIN-collision sweep 2026-06)
SU,NYSE,CA8672241079,reviewed legit foreign-incorporated / cross-listing (ISIN-collision sweep 2026-06)
SUPV,NYSE,ARGRSU300079,reviewed legit foreign-incorporated / cross-listing (ISIN-collision sweep 2026-06)
SUUN,NASDAQ,CA73933V1004,reviewed legit foreign-incorporated / cross-listing (ISIN-collision sweep 2026-06)
SVA,NASDAQ,AGP8696W1045,reviewed legit foreign-incorporated / cross-listing (ISIN-collision sweep 2026-06)
SW,NYSE,IE00028FXN24,reviewed legit foreign-incorporated / cross-listing (ISIN-collision sweep 2026-06)
SYNX,NYSE MKT,IL0011990749,reviewed legit foreign-incorporated / cross-listing (ISIN-collision sweep 2026-06)
TALK,NASDAQ,CH0322161768,reviewed legit foreign-incorporated / cross-listing (ISIN-collision sweep 2026-06)
TAVI,NASDAQ,GB00BLNMLS43,reviewed legit foreign-incorporated / cross-listing (ISIN-collision sweep 2026-06)
TBLA,NASDAQ,IL0011754137,reviewed legit foreign-incorporated / cross-listing (ISIN-collision sweep 2026-06)
TD,NYSE,CA8911605092,reviewed legit foreign-incorporated / cross-listing (ISIN-collision sweep 2026-06)
TEL,NYSE,IE000IVNQZ81,reviewed legit foreign-incorporated / cross-listing (ISIN-collision sweep 2026-06)
TFII,NYSE,CA87241L1094,reviewed legit foreign-incorporated / cross-listing (ISIN-collision sweep 2026-06)
TFPM,NYSE,CA89679M1041,reviewed legit foreign-incorporated / cross-listing (ISIN-collision sweep 2026-06)
TGB,NYSE MKT,CA8765111064,reviewed legit foreign-incorporated / cross-listing (ISIN-collision sweep 2026-06)
THM,NYSE MKT,CA46050R1029,reviewed legit foreign-incorporated / cross-listing (ISIN-collision sweep 2026-06)
TIGO,NASDAQ,LU0038705702,reviewed legit foreign-incorporated / cross-listing (ISIN-collision sweep 2026-06)
TLX,NASDAQ,AU000000TLX2,reviewed legit foreign-incorporated / cross-listing (ISIN-collision sweep 2026-06)
TMC,NASDAQ,CA87261Y1060,reviewed legit foreign-incorporated / cross-listing (ISIN-collision sweep 2026-06)
TMQ,NYSE MKT,CA89621C1059,reviewed legit foreign-incorporated / cross-listing (ISIN-collision sweep 2026-06)
TRI,NASDAQ,CA8849038085,reviewed legit foreign-incorporated / cross-listing (ISIN-collision sweep 2026-06)
TROX,NYSE,GB00BJT16S69,reviewed legit foreign-incorporated / cross-listing (ISIN-collision sweep 2026-06)
TRP,NYSE,CA87807B1076,reviewed legit foreign-incorporated / cross-listing (ISIN-collision sweep 2026-06)
TRX,NYSE MKT,CA87283P1099,reviewed legit foreign-incorporated / cross-listing (ISIN-collision sweep 2026-06)
TSAT,NASDAQ,CA8795123097,reviewed legit foreign-incorporated / cross-listing (ISIN-collision sweep 2026-06)
TSE,NYSE,IE0000QBK8U7,reviewed legit foreign-incorporated / cross-listing (ISIN-collision sweep 2026-06)
TSEM,NASDAQ,IL0010823792,reviewed legit foreign-incorporated / cross-listing (ISIN-collision sweep 2026-06)
TSEOF,NYSE,IE0000QBK8U7,reviewed legit foreign-incorporated US-listed (renamed from TSE); verified rename 2026-06
TT,NYSE,IE00BK9ZQ967,reviewed legit foreign-incorporated / cross-listing (ISIN-collision sweep 2026-06)
TTAM,NYSE,BE6360403164,reviewed legit foreign-incorporated / cross-listing (ISIN-collision sweep 2026-06)
TU,NYSE,CA87971M1032,reviewed legit foreign-incorporated / cross-listing (ISIN-collision sweep 2026-06)
UAC-UN,NYSE,TH1040010Y06,reviewed legit foreign-incorporated / cross-listing (ISIN-collision sweep 2026-06)
URG,NYSE MKT,CA91688R1082,reviewed legit foreign-incorporated / cross-listing (ISIN-collision sweep 2026-06)
URGN,NASDAQ,IL0011407140,reviewed legit foreign-incorporated / cross-listing (ISIN-collision sweep 2026-06)
USAS,NYSE MKT,CA03062D1006,reviewed legit foreign-incorporated / cross-listing (ISIN-collision sweep 2026-06)
VBNK,NASDAQ,CA92512J1066,reviewed legit foreign-incorporated / cross-listing (ISIN-collision sweep 2026-06)
VET,NYSE,CA9237251058,reviewed legit foreign-incorporated / cross-listing (ISIN-collision sweep 2026-06)
VFF,NASDAQ,CA92707Y1088,reviewed legit foreign-incorporated / cross-listing (ISIN-collision sweep 2026-06)
VFS,NASDAQ,SGXZ55111462,reviewed legit foreign-incorporated / cross-listing (ISIN-collision sweep 2026-06)
VLN,NYSE,IL0011796880,reviewed legit foreign-incorporated / cross-listing (ISIN-collision sweep 2026-06)
VMAR,NASDAQ,CA92840Q4007,reviewed legit foreign-incorporated / cross-listing (ISIN-collision sweep 2026-06)
VMD,NASDAQ,CA92663R1055,reviewed legit foreign-incorporated / cross-listing (ISIN-collision sweep 2026-06)
VOXR,NASDAQ,CA92919F1036,reviewed legit foreign-incorporated / cross-listing (ISIN-collision sweep 2026-06)
VS,NASDAQ,CA92535P8082,reviewed legit foreign-incorporated / cross-listing (ISIN-collision sweep 2026-06)
VVPR,NASDAQ,GB00BD3VDH82,reviewed legit foreign-incorporated / cross-listing (ISIN-collision sweep 2026-06)
VZLA,NYSE MKT,CA92859G2027,reviewed legit foreign-incorporated / cross-listing (ISIN-collision sweep 2026-06)
WBX,NYSE,NL0015000M91,reviewed legit foreign-incorporated / cross-listing (ISIN-collision sweep 2026-06)
WCN,NYSE,CA94106B1013,reviewed legit foreign-incorporated / cross-listing (ISIN-collision sweep 2026-06)
WDS,NYSE,AU0000224040,reviewed legit foreign-incorporated / cross-listing (ISIN-collision sweep 2026-06)
WFG,NYSE,CA9528451052,reviewed legit foreign-incorporated / cross-listing (ISIN-collision sweep 2026-06)
WFRD,NASDAQ,IE00BLNN3691,reviewed legit foreign-incorporated / cross-listing (ISIN-collision sweep 2026-06)
WILC,NASDAQ,IL0010828585,reviewed legit foreign-incorporated / cross-listing (ISIN-collision sweep 2026-06)
WIX,NASDAQ,IL0011301780,reviewed legit foreign-incorporated / cross-listing (ISIN-collision sweep 2026-06)
WLDS,NASDAQ,IL0012118043,reviewed legit foreign-incorporated (Wearable Devices Ltd / Israel) ISIN backfilled from EODHD + cross-checked (collision-cleared row) 2026-06
WLDSW,NASDAQ,IL0011859589,reviewed legit foreign-incorporated / cross-listing (ISIN-collision sweep 2026-06)
WPM,NYSE,CA9628791027,reviewed legit foreign-incorporated / cross-listing (ISIN-collision sweep 2026-06)
WPRT,NASDAQ,CA9609083097,reviewed legit foreign-incorporated / cross-listing (ISIN-collision sweep 2026-06)
WRN,NYSE MKT,CA95805V1085,reviewed legit foreign-incorporated / cross-listing (ISIN-collision sweep 2026-06)
WTW,NASDAQ,IE00BDB6Q211,reviewed legit foreign-incorporated / cross-listing (ISIN-collision sweep 2026-06)
WVE,NASDAQ,SG9999014716,reviewed legit foreign-incorporated / cross-listing (ISIN-collision sweep 2026-06)
XBIT,NASDAQ,CA98400H1029,reviewed legit foreign-incorporated / cross-listing (ISIN-collision sweep 2026-06)
XENE,NASDAQ,CA98420N1050,reviewed legit foreign-incorporated / cross-listing (ISIN-collision sweep 2026-06)
XNDU,NASDAQ,CA98390R1029,reviewed legit foreign-incorporated / cross-listing (ISIN-collision sweep 2026-06)
XPRO,NYSE,NL0010556684,reviewed legit foreign-incorporated / cross-listing (ISIN-collision sweep 2026-06)
XRTX,NASDAQ,CA98420Q2071,reviewed legit foreign-incorporated / cross-listing (ISIN-collision sweep 2026-06)
ZENA,NASDAQ,CA98936C1068,reviewed legit foreign-incorporated / cross-listing (ISIN-collision sweep 2026-06)
ZGN,NYSE,NL0015000PB5,reviewed legit foreign-incorporated / cross-listing (ISIN-collision sweep 2026-06)
ZIM,NYSE,IL0065100930,reviewed legit foreign-incorporated / cross-listing (ISIN-collision sweep 2026-06)
ZOOZ,NASDAQ,IL0011741845,reviewed legit foreign-incorporated / cross-listing (ISIN-collision sweep 2026-06)
ZSTK,NASDAQ,CA98956L1013,reviewed legit foreign-incorporated / cross-listing (ISIN-collision sweep 2026-06)
ZTEK,NASDAQ,CA98942X1024,reviewed legit foreign-incorporated / cross-listing (ISIN-collision sweep 2026-06)
