ticker,exchange,asset_type,name,sec_security_type,sec_name,sec_symbol,sec_isin_local,decision
A,SET,Stock,AREEYA PROPERTY PUBLIC COMPANY LIMITED,,,,,no_sec_isin_match
ACE,SET,Stock,ABSOLUTE CLEAN ENERGY PUBLIC COMPANY LIMITED,หุ้นสามัญ,บริษัท แอ๊บโซลูท คลีน เอ็นเนอร์จี้ จำกัด (มหาชน),ACE,TH8906010005,accept
ADB,SET,Stock,APPLIED DB PUBLIC COMPANY LIMITED,หุ้นสามัญ,บริษัท แอ็พพลาย ดีบี จำกัด (มหาชน),ADB,TH8295010004,accept
AF,SET,Stock,AIRA FACTORING PUBLIC COMPANY LIMITED,หุ้นสามัญ,บริษัท ไอร่า แฟคตอริ่ง จำกัด (มหาชน),AF,TH0787010Z02,accept
AHC,SET,Stock,AIKCHOL HOSPITAL PUBLIC COMPANY LIMITED,หุ้นสามัญ,บริษัท โรงพยาบาลเอกชล จำกัด (มหาชน),AHC,TH0281010Z06,accept
AI,SET,Stock,ASIAN INSULATORS PUBLIC COMPANY LIMITED,,,,,no_sec_isin_match
AIE,SET,Stock,AI ENERGY PUBLIC COMPANY LIMITED,หุ้นสามัญ,บริษัท เอไอ เอนเนอร์จี จำกัด (มหาชน),AIE,TH5085A10Z00,accept
AIT,SET,Stock,"ADVANCED INFORMATION TECHNOLOGY PUBLIC CO.,LTD.",หุ้นสามัญ,บริษัท แอ็ดวานซ์อินฟอร์เมชั่นเทคโนโลยี จำกัด (มหาชน),AIT,TH0712010Z00,accept
AJA,SET,Stock,AJ ADVANCE TECHNOLOGY PUBLIC COMPANY LIMITED,หุ้นสามัญ,บริษัท เอเจ แอดวานซ์ เทคโนโลยี จำกัด (มหาชน),AJA,TH5178010Y00,accept
AKP,SET,Stock,AKKHIE PRAKARN PUBLIC COMPANY LIMITED,หุ้นสามัญ,บริษัท อัคคีปราการ จำกัด (มหาชน),AKP,TH4109010009,accept
AKR,SET,Stock,EKARAT ENGINEERING PUBLIC COMPANY LIMITED,หุ้นสามัญ,บริษัท เอกรัฐวิศวกรรม จำกัด (มหาชน),AKR,TH0914010Z02,accept
ALT,SET,Stock,ALT TELECOM PUBLIC COMPANY LIMITED,หุ้นสามัญ,บริษัท เอแอลที เทเลคอม จำกัด (มหาชน),ALT,TH7312010005,accept
AMA,SET,Stock,AMA MARINE PUBLIC COMPANY LIMITED,หุ้นสามัญ,บริษัท อาม่า มารีน จำกัด (มหาชน),AMA,TH7631010009,accept
AP,SET,Stock,AP (THAILAND) PUBLIC COMPANY LIMITED,,,,,no_sec_isin_match
APP,SET,Stock,APPLICAD PUBLIC COMPANY LIMITED,หุ้นสามัญ,บริษัท แอพพลิแคด จำกัด (มหาชน),APP,TH9527010002,accept
ASN,SET,Stock,ASN BROKER PUBLIC COMPANY LIMITED,หุ้นสามัญ,บริษัท เอเอสเอ็น โบรกเกอร์ จำกัด (มหาชน),ASN,TH7188010006,accept
AU,SET,Stock,AFTER YOU PUBLIC COMPANY LIMITED,หุ้นสามัญ,บริษัท อาฟเตอร์ ยู จำกัด (มหาชน),AU,TH7650010005,accept
AWC,SET,Stock,ASSET WORLD CORP PUBLIC COMPANY LIMITED,หุ้นสามัญ,บริษัท แอสเสท เวิรด์ คอร์ป จำกัด (มหาชน),AWC,TH9436010002,accept
B,SET,Stock,BEGISTICS PUBLIC COMPANY LIMITED,,,,,no_sec_isin_match
BCH,SET,Stock,BANGKOK CHAIN HOSPITAL PUBLIC COMPANY LIMITED,หุ้นสามัญ,บริษัท บางกอก เชน ฮอสปิทอล จำกัด (มหาชน),BCH,TH0808010Y07,accept
BGC,SET,Stock,BG CONTAINER GLASS PUBLIC COMPANY LIMITED,หุ้นสามัญ,บริษัท บีจี คอนเทนเนอร์ กล๊าส จำกัด (มหาชน),BGC,TH8777010001,accept
BIG,SET,Stock,BIG CAMERA CORPORATION PUBLIC COMPANY LIMITED,หุ้นสามัญ,บริษัท บิ๊ก คาเมร่า คอร์ปอเรชั่น จำกัด (มหาชน),BIG,TH0234B10Z00,accept
BM,SET,Stock,BANGKOK SHEET METAL PUBLIC COMPANY LIMITED,หุ้นสามัญ,บริษัท บางกอกชีทเม็ททัล จำกัด (มหาชน),BM,TH7207010003,accept
BOL,SET,Stock,BUSINESS ONLINE PUBLIC COMPANY LIMITED,หุ้นสามัญ,บริษัท บิซิเนส ออนไลน์ จำกัด (มหาชน),BOL,TH0771010Z06,accept
BR,SET,Stock,BANGKOK RANCH PUBLIC COMPANY LIMITED,หุ้นสามัญ,บริษัท บางกอกแร้นช์ จำกัด (มหาชน),BR,TH4683010003,accept
BRR,SET,Stock,BURIRAM SUGAR PUBLIC COMPANY LIMITED,หุ้นสามัญ,บริษัท น้ำตาลบุรีรัมย์ จำกัด (มหาชน),BRR,TH6011010001,accept
CAZ,SET,Stock,CAZ (THAILAND) PUBLIC COMPANY LIMITED,หุ้นสามัญ,บริษัท ซี เอ แซด (ประเทศไทย) จำกัด (มหาชน),CAZ,TH8886010009,accept
CCP,SET,Stock,CHONBURI CONCRETE PRODUCT PUBLIC COMPANY LIMITED,หุ้นสามัญ,บริษัท ผลิตภัณฑ์คอนกรีตชลบุรี จำกัด (มหาชน),CCP,TH0745A10Z03,accept
CHG,SET,Stock,CHULARAT HOSPITAL PUBLIC COMPANY LIMITED,หุ้นสามัญ,บริษัท โรงพยาบาลจุฬารัตน์ จำกัด (มหาชน),CHG,TH4539010Z03,accept
CIMBT,SET,Stock,CIMB THAI BANK PUBLIC COMPANY LIMITED,หุ้นสามัญ,ธนาคาร ซีไอเอ็มบี ไทย จำกัด (มหาชน),CIMBT,TH0041010Y05,accept
CITY,SET,Stock,CITY STEEL PUBLIC COMPANY LIMITED,หุ้นสามัญ,บริษัท ซิตี้ สตีล จำกัด (มหาชน),CITY,TH0898010002,accept
CM,SET,Stock,CHIANGMAI FROZEN FOODS PUBLIC COMPANY LIMITED,หุ้นสามัญ,บริษัท เชียงใหม่โฟรเซ่นฟูดส์ จำกัด (มหาชน),CM,TH0317010Z08,accept
CMR,SET,Stock,CHIANG MAI RAM MEDICAL BUSINESS PUBLIC COMPANY LIMITED,หุ้นสามัญ,บริษัท เชียงใหม่รามธุรกิจการแพทย์ จำกัด (มหาชน),CMR,TH0432010Z05,accept
CNT,SET,Stock,CHRISTIANI & NIELSEN (THAI) PUBLIC COMPANY LIMITED,หุ้นสามัญ,บริษัท คริสเตียนีและนีลเส็น (ไทย) จำกัด (มหาชน),CNT,TH0216010Z02,accept
CPF,SET,Stock,CHAROEN POKPHAND FOODS PUBLIC COMPANY LIMITED,หุ้นสามัญ,บริษัท เจริญโภคภัณฑ์อาหาร จำกัด (มหาชน),CPF,TH0101A10Z01,accept
CPL,SET,Stock,CPL GROUP PUBLIC COMPANY LIMITED,หุ้นสามัญ,บริษัท ซีพีแอล กรุ๊ป จำกัด (มหาชน),CPL,TH0459010Z08,accept
CPR,SET,Stock,CPR GOMU INDUSTRIAL PUBLIC COMPANY LIMITED,หุ้นสามัญ,บริษัท ซีพีอาร์ โกมุ อินดัสเตรียล จำกัด (มหาชน),CPR,TH0829010006,accept
CRC,SET,Stock,CENTRAL RETAIL CORPORATION PUBLIC COMPANY LIMITED,หุ้นสามัญ,บริษัท เซ็นทรัล รีเทล คอร์ปอเรชั่น จำกัด (มหาชน),CRC,TH9597010007,accept
CSC,SET,Stock,CROWN SEAL PUBLIC COMPANY LIMITED,หุ้นสามัญ,บริษัท ฝาจีบ จำกัด (มหาชน),CSC,TH0026010007,accept
CSR,SET,Stock,CITY SPORTS AND RECREATION PUBLIC COMPANY LIMITED,หุ้นสามัญ,บริษัท เทพธานีกรีฑา จำกัด (มหาชน),CSR,TH0151010004,accept
CWT,SET,Stock,CHAI WATANA TANNERY GROUP PUBLIC COMPANY LIMITED,หุ้นสามัญ,บริษัท ชัยวัฒนา แทนเนอรี่ กรุ๊ป จำกัด (มหาชน),CWT,TH0225A10Z02,accept
DCC,SET,Stock,DYNASTY CERAMIC PUBLIC COMPANY LIMITED,หุ้นสามัญ,บริษัท ไดนาสตี้เซรามิค จำกัด (มหาชน),DCC,TH0278A10Z08,accept
DDD,SET,Stock,DO DAY DREAM PUBLIC COMPANY LIMITED,หุ้นสามัญ,บริษัท ดู เดย์ ดรีม จำกัด (มหาชน),DDD,TH8365010009,accept
DELTA,SET,Stock,DELTA ELECTRONICS (THAILAND) PUBLIC COMPANY LIMITED,หุ้นสามัญ,บริษัทเดลต้า อีเลคโทรนิคส์ (ประเทศไทย) จำกัด (มหาชน),DELTA,TH0528A10Z06,accept
DRT,SET,Stock,DIAMOND BUILDING PRODUCTS PUBLIC COMPANY LIMITED,หุ้นสามัญ,บริษัท ผลิตภัณฑ์ตราเพชร จำกัด (มหาชน),DRT,TH0872A10Z08,accept
EA,SET,Stock,ENERGY ABSOLUTE PUBLIC COMPANY LIMITED,หุ้นสามัญ,บริษัท พลังงานบริสุทธิ์ จำกัด (มหาชน),EA,TH3545010003,accept
ECF,SET,Stock,EAST COAST FURNITECH PUBLIC COMPANY LIMITED,หุ้นสามัญ,บริษัท อีสต์โคสท์เฟอร์นิเทค จำกัด (มหาชน),ECF,TH4397010Z06,accept
EMC,SET,Stock,EMC PUBLIC COMPANY LIMITED,หุ้นสามัญ,บริษัท อีเอ็มซี จำกัด (มหาชน),EMC,TH0565B10Z09,accept
ETC,SET,Stock,EARTH TECH ENVIRONMENT PUBLIC COMPANY LIMITED,หุ้นสามัญ,บริษัท เอิร์ธ เท็ค เอนไวรอนเมนท์ จำกัด (มหาชน),ETC,TH9868010009,accept
ETE,SET,Stock,EASTERN TECHNICAL ENGINEERING PUBLIC COMPANY LIMITED,หุ้นสามัญ,บริษัท บูรพา เทคนิคอล เอ็นจิเนียริ่ง จำกัด (มหาชน),ETE,TH7761010001,accept
FE,SET,Stock,FAR EAST FAME LINE PUBLIC COMPANY LIMITED,หุ้นสามัญ,บริษัท ฟาร์อีสท์ เฟมไลน์ ดีดีบี จำกัด (มหาชน),FE,TH0087010Y08,accept
FN,SET,Stock,FN FACTORY OUTLET PUBLIC COMPANY LIMITED,หุ้นสามัญ,บริษัท เอฟเอ็น แฟคตอรี่ เอ๊าท์เลท จำกัด (มหาชน),FN,TH7578010004,accept
FPI,SET,Stock,FORTUNE PARTS INDUSTRY PUBLIC COMPANY LIMITED,หุ้นสามัญ,บริษัท ฟอร์จูน พาร์ท อินดัสตรี้ จำกัด (มหาชน),FPI,TH3786010Z01,accept
FTE,SET,Stock,FIRETRADE ENGINEERING PUBLIC COMPANY LIMITED,หุ้นสามัญ,บริษัท ไฟร์เทรดเอ็นจิเนียริ่ง จำกัด (มหาชน),FTE,TH8103010006,accept
FVC,SET,Stock,FILTER VISION PUBLIC COMPANY LIMITED,หุ้นสามัญ,บริษัท ฟิลเตอร์ วิชั่น จำกัด (มหาชน),FVC,TH4919010009,accept
GGC,SET,Stock,GLOBAL GREEN CHEMICALS PUBLIC COMPANY LIMITED,หุ้นสามัญ,บริษัท โกลบอลกรีนเคมิคอล จำกัด (มหาชน),GGC,TH7920010Z02,accept
GLAND,SET,Stock,GRAND CANAL LAND PUBLIC COMPANY LIMITED,หุ้นสามัญ,บริษัท แกรนด์ คาแนล แลนด์ จำกัด (มหาชน),GLAND,TH0538A10Z04,accept
GREEN,SET,Stock,GREEN RESOURCES PUBLIC COMPANY LIMITED,หุ้นสามัญ,บริษัท กรีน รีซอร์สเซส จำกัด (มหาชน),GREEN,TH0876A10Y05,accept
IT,SET,Stock,IT CITY PUBLIC COMPANY LIMITED,หุ้นสามัญ,บริษัท ไอที ซิตี้ จำกัด (มหาชน),IT,TH0706010Z02,accept
J,SET,Stock,JAS ASSET PUBLIC COMPANY LIMITED,หุ้นสามัญ,บริษัท เจเอเอส แอสเซ็ท จำกัด (มหาชน),J,TH6823010009,accept
JMT,SET,Stock,JMT NETWORK SERVICES PUBLIC COMPANY LIMITED,หุ้นสามัญ,บริษัท เจ เอ็ม ที เน็ทเวอร์ค เซอร์วิสเซ็ส จำกัด (มหาชน),JMT,TH3925010Z05,accept
KCE,SET,Stock,KCE ELECTRONICS PUBLIC COMPANY LIMITED,หุ้นสามัญ,บริษัท เคซีอี อีเลคโทรนิคส์ จำกัด (มหาชน),KCE,TH0122C10Z04,accept
KSL,SET,Stock,KHON KAEN SUGAR INDUSTRY PUBLIC COMPANY LIMITED,หุ้นสามัญ,บริษัท น้ำตาลขอนแก่น จำกัด (มหาชน),KSL,TH0828A10Z03,accept
KWM,SET,Stock,K. W. METAL WORK PUBLIC COMPANY LIMITED,หุ้นสามัญ,บริษัท เค. ดับบลิว. เม็ททัล เวิร์ค จำกัด (มหาชน),KWM,TH8731010006,accept
LEE,SET,Stock,LEE FEED MILL PUBLIC COMPANY LIMITED,หุ้นสามัญ,บริษัท ลีพัฒนาผลิตภัณฑ์ จำกัด (มหาชน),LEE,TH0181B10Z03,accept
M,SET,Stock,MK RESTAURANT GROUP PUBLIC COMPANY LIMITED,,,,,no_sec_isin_match
MEGA,SET,Stock,MEGA LIFESCIENCES PUBLIC COMPANY LIMITED,หุ้นสามัญ,บริษัท เมก้า ไลฟ์ไซแอ็นซ์ จำกัด (มหาชน),MEGA,TH4984010009,accept
MGT,SET,Stock,MEGACHEM (THAILAND) PUBLIC COMPANY LIMITED,หุ้นสามัญ,บริษัท เมกาเคม (ประเทศไทย) จำกัด (มหาชน),MGT,TH7735010004,accept
ML,SET,Stock,"MIDA LEASING PUBLIC CO., LTD.",หุ้นสามัญ,บริษัท ไมด้า ลิสซิ่ง จำกัด (มหาชน),ML,TH0785A10Z04,accept
MORE,SET,Stock,MORE RETURN PUBLIC COMPANY LIMITED,หุ้นสามัญ,บริษัท มอร์ รีเทิร์น จำกัด (มหาชน),MORE,TH4150010Y00,accept
MSC,SET,Stock,METRO SYSTEMS CORPORATION PUBLIC COMPANY LIMITED,หุ้นสามัญ,บริษัท เมโทรซิสเต็มส์คอร์ปอเรชั่น จำกัด (มหาชน),MSC,TH0569010Z04,accept
MTI,SET,Stock,MUANG THAI INSURANCE PUBLIC COMPANY LIMITED,หุ้นสามัญ,บริษัท เมืองไทยประกันภัย จำกัด (มหาชน),MTI,TH0985010Z02,accept
NEW,SET,Stock,WATTANA KARNPAET PUBLIC COMPANY LIMITED,หุ้นสามัญ,บริษัท วัฒนาการแพทย์ จำกัด (มหาชน),NEW,TH0575010002,accept
NEX,SET,Stock,NEX POINT PUBLIC COMPANY LIMITED,หุ้นสามัญ,บริษัท เน็กซ์ พอยท์ จำกัด (มหาชน),NEX,TH0825010Y01,accept
NOVA,SET,Stock,NOVA EMPIRE PUBLIC COMPANY LIMITED,หุ้นสามัญ,บริษัท โนวา เอมไพร์ จำกัด (มหาชน),NOVA,TH0318010Z06,accept
NPK,SET,Stock,NEW PLUS KNITTING PUBLIC COMPANY LIMITED,หุ้นสามัญ,บริษัท นิวพลัสนิตติ้ง จำกัด (มหาชน),NPK,TH0127010005,accept
NRF,SET,Stock,NR INSTANT PRODUCE PUBLIC COMPANY LIMITED,หุ้นสามัญ,บริษัท เอ็นอาร์ อินสแตนท์ โปรดิวซ์ จำกัด (มหาชน),NRF,TH9882010001,accept
NTV,SET,Stock,NONTHAVEJ HOSPITAL PUBLIC COMPANY LIMITED,หุ้นสามัญ,บริษัท โรงพยาบาลนนทเวช จำกัด (มหาชน),NTV,TH0421010Z08,accept
NWR,SET,Stock,NAWARAT PATANAKARN PUBLIC COMPANY LIMITED,หุ้นสามัญ,บริษัทเนาวรัตน์พัฒนาการ จำกัด (มหาชน),NWR,TH0526A10Z08,accept
NYT,SET,Stock,NAMYONG TERMINAL PUBLIC COMPANY LIMITED,หุ้นสามัญ,บริษัท นามยง เทอร์มินัล จำกัด (มหาชน),NYT,TH5008010Z08,accept
OGC,SET,Stock,OCEAN GLASS PUBLIC COMPANY LIMITED,หุ้นสามัญ,บริษัท โอเชียนกลาส จำกัด (มหาชน),OGC,TH0360010001,accept
OR,SET,Stock,PTT OIL AND RETAIL BUSINESS PUBLIC COMPANY LIMITED,หุ้นสามัญ,บริษัท ปตท. น้ำมันและการค้าปลีก จำกัด (มหาชน),OR,THA099010003,accept
PAP,SET,Stock,PACIFIC PIPE PUBLIC COMPANY LIMITED,หุ้นสามัญ,บริษัท แปซิฟิกไพพ์ จำกัด (มหาชน),PAP,TH0805A10Z00,accept
PB,SET,Stock,PRESIDENT BAKERY PUBLIC COMPANY LIMITED,หุ้นสามัญ,บริษัท เพรซิเดนท์ เบเกอรี่ จำกัด (มหาชน),PB,TH0687010Z04,accept
PDG,SET,Stock,PRODIGY PUBLIC COMPANY LIMITED,หุ้นสามัญ,บริษัท พรอดดิจิ จำกัด (มหาชน),PDG,TH5420010008,accept
PG,SET,Stock,PEOPLE'S GARMENT PUBLIC COMPANY LIMITED,หุ้นสามัญ,บริษัท ประชาอาภรณ์ จำกัด (มหาชน),PG,TH0126010Z03,accept
PL,SET,Stock,PHATRA LEASING PUBLIC COMPANY LIMITED,หุ้นสามัญ,บริษัท ภัทรลิสซิ่ง จำกัด (มหาชน),PL,TH0599010Z01,accept
PLAT,SET,Stock,THE PLATINUM GROUP PUBLIC COMPANY LIMITED,หุ้นสามัญ,บริษัท เดอะ แพลทินัม กรุ๊ป จำกัด (มหาชน),PLAT,TH6329010008,accept
PM,SET,Stock,PREMIER MARKETING PUBLIC COMPANY LIMITED,หุ้นสามัญ,บริษัท พรีเมียร์ มาร์เก็ตติ้ง จำกัด (มหาชน),PM,TH0977010Z09,accept
PPM,SET,Stock,PORN PROM METAL PUBLIC COMPANY LIMITED,หุ้นสามัญ,บริษัท พรพรหมเม็ททอล จำกัด (มหาชน),PPM,TH0806010Z00,accept
PPS,SET,Stock,PROJECT PLANNING SERVICE PUBLIC COMPANY LIMITED,หุ้นสามัญ,บริษัท โปรเจค แพลนนิ่ง เซอร์วิส จำกัด (มหาชน),PPS,TH3801010002,accept
PREB,SET,Stock,PRE-BUILT PUBLIC COMPANY LIMITED,หุ้นสามัญ,บริษัท พรีบิลท์ จำกัด (มหาชน),PREB,TH0871010003,accept
PT,SET,Stock,PREMIER TECHNOLOGY PUBLIC COMPANY LIMITED,หุ้นสามัญ,บริษัท พรีเมียร์ เทคโนโลยี จำกัด (มหาชน),PT,TH0229010Z05,accept
PTG,SET,Stock,PTG ENERGY PUBLIC COMPANY LIMITED,หุ้นสามัญ,บริษัท พีทีจี เอ็นเนอยี จำกัด (มหาชน),PTG,TH4547010009,accept
RAM,SET,Stock,RAMKHAMHAENG HOSPITAL PUBLIC COMPANY LIMITED,หุ้นสามัญ,บริษัท โรงพยาบาลรามคำแหง จำกัด (มหาชน),RAM,TH0259A10Z01,accept
RCL,SET,Stock,REGIONAL CONTAINER LINES PUBLIC COMPANY LIMITED,หุ้นสามัญ,บริษัท อาร์ ซี แอล จำกัด (มหาชน),RCL,TH0133010Z09,accept
RML,SET,Stock,RAIMON LAND PUBLIC COMPANY LIMITED,หุ้นสามัญ,บริษัท ไรมอน แลนด์ จำกัด (มหาชน),RML,TH0364010Y01,accept
ROCK,SET,Stock,ROCKWORTH PUBLIC COMPANY LIMITED,หุ้นสามัญ,บริษัท ร้อกเวิธ จำกัด (มหาชน),ROCK,TH0416010005,accept
RPH,SET,Stock,RATCHAPHRUEK HOSPITAL PUBLIC COMPANY LIMITED,หุ้นสามัญ,บริษัท โรงพยาบาลราชพฤกษ์ จำกัด (มหาชน),RPH,TH7757010007,accept
RSP,SET,Stock,RICH SPORT PUBLIC COMPANY LIMITED,หุ้นสามัญ,บริษัท ริช สปอร์ต จำกัด (มหาชน),RSP,TH8289010002,accept
S,SET,Stock,SINGHA ESTATE PUBLIC COMPANY LIMITED,,,,,no_sec_isin_match
SA,SET,Stock,SIAMESE ASSET PUBLIC COMPANY LIMITED,หุ้นสามัญ,บริษัท ไซมิส แอสเสท จำกัด (มหาชน),SA,THA083010001,accept
SAT,SET,Stock,SOMBOON ADVANCE TECHNOLOGY PUBLIC COMPANY LIMITED,หุ้นสามัญ,บริษัท สมบูรณ์ แอ๊ดวานซ์ เทคโนโลยี จำกัด (มหาชน),SAT,TH0823010002,accept
SCI,SET,Stock,SCI ELECTRIC PUBLIC COMPANY LIMITED,หุ้นสามัญ,บริษัท เอสซีไอ อีเลคตริค จำกัด (มหาชน),SCI,TH6809010007,accept
SCM,SET,Stock,SUCCESSMORE BEING PUBLIC COMPANY LIMITED,หุ้นสามัญ,บริษัท ซัคเซสมอร์ บีอิ้งค์ จำกัด (มหาชน),SCM,TH9881010002,accept
SCN,SET,Stock,SCAN INTER PUBLIC COMPANY LIMITED,หุ้นสามัญ,บริษัท สแกน อินเตอร์ จำกัด (มหาชน),SCN,TH6285010000,accept
SCP,SET,Stock,SOUTHERN CONCRETE PILE PUBLIC COMPANY LIMITED,หุ้นสามัญ,บริษัท ทักษิณคอนกรีต จำกัด (มหาชน),SCP,TH0240010Z02,accept
SFT,SET,Stock,SHRINKFLEX (THAILAND) PUBLIC COMPANY LIMITED,หุ้นสามัญ,บริษัท ชริ้งเฟล็กซ์ (ประเทศไทย) จำกัด (มหาชน),SFT,TH9975010009,accept
SIRI,SET,Stock,SANSIRI PUBLIC COMPANY LIMITED,หุ้นสามัญ,บริษัท แสนสิริ จำกัด (มหาชน),SIRI,TH0577C10Z04,accept
SIS,SET,Stock,SIS DISTRIBUTION (THAILAND) PUBLIC COMPANY LIMITED,หุ้นสามัญ,บริษัท เอสไอเอส ดิสทริบิวชั่น (ประเทศไทย) จำกัด (มหาชน),SIS,TH0776010009,accept
SKY,SET,Stock,SKY ICT PUBLIC COMPANY LIMITED,หุ้นสามัญ,บริษัท สกาย ไอซีที จำกัด (มหาชน),SKY,TH5812010Y04,accept
SLP,SET,Stock,SALEE PRINTING PUBLIC COMPANY LIMITED,หุ้นสามัญ,บริษัท สาลี่ พริ้นท์ติ้ง จำกัด (มหาชน),SLP,TH6414010004,accept
SMIT,SET,Stock,SAHAMIT MACHINERY PUBLIC COMPANY LIMITED,หุ้นสามัญ,บริษัท สหมิตรเครื่องกล จำกัด (มหาชน),SMIT,TH0843010008,accept
SMT,SET,Stock,STARS MICROELECTRONICS (THAILAND) PUBLIC COMPANY LIMITED,หุ้นสามัญ,บริษัท สตาร์ส ไมโครอิเล็กทรอนิกส์ (ประเทศไทย) จำกัด (มหาชน),SMT,TH1015A10Z04,accept
SPA,SET,Stock,SIAM WELLNESS GROUP PUBLIC COMPANY LIMITED,หุ้นสามัญ,บริษัท สยามเวลเนสกรุ๊ป จำกัด (มหาชน),SPA,TH5972010000,accept
SPC,SET,Stock,SAHA PATHANAPIBUL PUBLIC COMPANY LIMITED,หุ้นสามัญ,บริษัท สหพัฒนพิบูล จำกัด (มหาชน),SPC,TH0035010Z06,accept
SPI,SET,Stock,SAHA PATHANA INTER-HOLDING PUBLIC COMPANY LIMITED,หุ้นสามัญ,บริษัท สหพัฒนาอินเตอร์โฮลดิ้ง จำกัด (มหาชน),SPI,TH0027010Z03,accept
SPRC,SET,Stock,STAR PETROLEUM REFINING PUBLIC COMPANY LIMITED,หุ้นสามัญ,บริษัท สตาร์ ปิโตรเลียม รีไฟน์นิ่ง จำกัด (มหาชน),SPRC,TH6838010002,accept
SST,SET,Stock,SUB SRI THAI PUBLIC COMPANY LIMITED,หุ้นสามัญ,บริษัท ทรัพย์ศรีไทย จำกัด (มหาชน),SST,TH0092010Y08,accept
STC,SET,Stock,STC CONCRETE PRODUCT PUBLIC COMPANY LIMITED,หุ้นสามัญ,บริษัท เอสทีซี คอนกรีตโปรดัคท์ จำกัด (มหาชน),STC,TH9519010002,accept
TBSP,SET,Stock,TBSP PUBLIC COMPANY LIMITED,,,,,no_sec_isin_match
TC,SET,Stock,TROPICAL CANNING (THAILAND) PUBLIC COMPANY LIMITED,หุ้นสามัญ,บริษัท ทรอปิคอลแคนนิ่ง (ประเทศไทย) จำกัด (มหาชน),TC,TH0178A10Z09,accept
TEAM,SET,Stock,TEAM PRECISION PUBLIC COMPANY LIMITED,หุ้นสามัญ,บริษัท ทีมพรีซิชั่น จำกัด (มหาชน),TEAM,TH0640010003,accept
TFG,SET,Stock,THAIFOODS GROUP PUBLIC COMPANY LIMITED,หุ้นสามัญ,บริษัท ไทยฟู้ดส์ กรุ๊ป จำกัด (มหาชน),TFG,TH6717010008,accept
TH,SET,Stock,TONG HUA HOLDING PUBLIC COMPANY LIMITED,,,,,no_sec_isin_match
THG,SET,Stock,THONBURI HEALTHCARE GROUP PUBLIC COMPANY LIMITED,หุ้นสามัญ,บริษัท ธนบุรี เฮลท์แคร์ กรุ๊ป จำกัด (มหาชน),THG,TH7923010006,accept
TKN,SET,Stock,TAOKAENOI FOOD & MARKETING PUBLIC COMPANY LIMITED,หุ้นสามัญ,บริษัท เถ้าแก่น้อย ฟู๊ดแอนด์มาร์เก็ตติ้ง จำกัด (มหาชน),TKN,TH6927010004,accept
TM,SET,Stock,TECHNO MEDICAL PUBLIC COMPANY LIMITED,หุ้นสามัญ,บริษัท เทคโนเมดิคัล จำกัด (มหาชน),TM,TH7423010001,accept
TMI,SET,Stock,TEERA-MONGKOL INDUSTRY PUBLIC COMPANY LIMITED,หุ้นสามัญ,บริษัท ธีระมงคล อุตสาหกรรม จำกัด (มหาชน),TMI,TH1033010006,accept
TMT,SET,Stock,TMT STEEL PUBLIC COMPANY LIMITED,หุ้นสามัญ,บริษัท ทีเอ็มที สตีล จำกัด (มหาชน),TMT,TH0826010Y09,accept
TOA,SET,Stock,TOA PAINT (THAILAND) PUBLIC COMPANY LIMITED,หุ้นสามัญ,บริษัท ทีโอเอ เพ้นท์ (ประเทศไทย) จำกัด (มหาชน),TOA,TH8193010007,accept
TRC,SET,Stock,TRC CONSTRUCTION PUBLIC COMPANY LIMITED,หุ้นสามัญ,บริษัท ทีอาร์ซี คอนสตรัคชั่น จำกัด (มหาชน),TRC,TH0890B10Z05,accept
TTI,SET,Stock,THAI TEXTILE INDUSTRY PUBLIC COMPANY LIMITED,หุ้นสามัญ,บริษัท โรงงานผ้าไทย จำกัด (มหาชน),TTI,TH0103010003,accept
TTT,SET,Stock,TORAY TEXTILES (THAILAND) PUBLIC COMPANY LIMITED,หุ้นสามัญ,บริษัท โทเร เท็กซ์ไทล์ (ประเทศไทย) จำกัด (มหาชน),TTT,TH9264010009,accept
UAC,SET,Stock,UAC GLOBAL PUBLIC COMPANY LIMITED,หุ้นสามัญ,บริษัท ยูเอซี โกลบอล จำกัด (มหาชน),UAC,TH1040010Y06,accept
UEC,SET,Stock,UNIMIT ENGINEERING PUBLIC COMPANY LIMITED,หุ้นสามัญ,บริษัท ยูนิมิต เอนจิเนียริ่ง จำกัด (มหาชน),UEC,TH0874A10Z06,accept
UMI,SET,Stock,THE UNION MOSAIC INDUSTRY PUBLIC COMPANY LIMITED,หุ้นสามัญ,บริษัท สหโมเสคอุตสาหกรรม จำกัด (มหาชน),UMI,TH0160010Z02,accept
UMS,SET,Stock,UNIQUE MINING SERVICES PUBLIC COMPANY LIMITED,หุ้นสามัญ,บริษัท ยูนิค ไมนิ่ง เซอร์วิสเซส จำกัด (มหาชน),UMS,TH0775010Z07,accept
UP,SET,Stock,UNION PLASTIC PUBLIC COMPANY LIMITED,หุ้นสามัญ,บริษัท ยูเนี่ยนพลาสติก จำกัด (มหาชน),UP,TH0029010004,accept
WP,SET,Stock,WP ENERGY PUBLIC COMPANY LIMITED,หุ้นสามัญ,บริษัท ดับบลิวพี เอ็นเนอร์ยี่ จำกัด (มหาชน),WP,TH6073010Z01,accept
